alias,dataset,source_id,variable_id,unit_id,stat,grain,unit_basis,note,edition_key
生物化学的酸素要求量 BOD,measurements,atsugi_river_water_quality,common:variable:water.bod,common:unit:mg_per_l,mean,day,source,docs/plans/PHASE_B_ALIAS_STAT_SOURCES.md §4: 原本xlsx全19本のB3セルが「※数値は日間平均値です。」で一致し、stat=mean・grain=dayは全期間・pH含む全5項目で確定。2005年度以降は measured_on が年度の数字のみになるが、source_ref に月ラベルが全行分残っており grain=month まで復元可能（本PRでは着手しない）。採水日は2005年度以降「8〜9日」等の2日レンジ表記で原本に確定情報が無く、単一日付には永久に確定できない。,
生物化学的酸素要求量 BOD,measurements,env_kousui_sample_kanagawa,common:variable:water.bod,common:unit:mg_per_l,point,day,source,docs/plans/PHASE_B_ALIAS_STAT_SOURCES.md §3.1-3.2: レコードID定義よりレコード=1回の採水・分析（stat=point）と確定。ただし調査区分コード5/6（水質自動モニターの日間平均値）が同じレコード形式で混在しうる仕様だが、区別する列（調査区分コード）がダウンロードした実データに無く、行ごとに見分けられない。,
生物化学的酸素要求量 BOD,measurements,env_kousui_annual_kanagawa,common:variable:water.bod,common:unit:mg_per_l,mean,fiscal_year,source,,
BOD 75%値,measurements,env_kousui_annual_kanagawa,common:variable:water.bod,common:unit:mg_per_l,p75,fiscal_year,source,,
化学的酸素要求量 COD,measurements,atsugi_river_water_quality,common:variable:water.cod,common:unit:mg_per_l,mean,day,source,docs/plans/PHASE_B_ALIAS_STAT_SOURCES.md §4: 原本xlsx全19本のB3セルが「※数値は日間平均値です。」で一致し、stat=mean・grain=dayは全期間・pH含む全5項目で確定。2005年度以降は measured_on が年度の数字のみになるが、source_ref に月ラベルが全行分残っており grain=month まで復元可能（本PRでは着手しない）。採水日は2005年度以降「8〜9日」等の2日レンジ表記で原本に確定情報が無く、単一日付には永久に確定できない。,
化学的酸素要求量 COD,measurements,env_kousui_sample_kanagawa,common:variable:water.cod,common:unit:mg_per_l,point,day,source,docs/plans/PHASE_B_ALIAS_STAT_SOURCES.md §3.1-3.2: レコードID定義よりレコード=1回の採水・分析（stat=point）と確定。ただし調査区分コード5/6（水質自動モニターの日間平均値）が同じレコード形式で混在しうる仕様だが、区別する列（調査区分コード）がダウンロードした実データに無く、行ごとに見分けられない。,
化学的酸素要求量 COD,measurements,env_kousui_annual_kanagawa,common:variable:water.cod,common:unit:mg_per_l,mean,fiscal_year,source,,
COD 75%値,measurements,env_kousui_annual_kanagawa,common:variable:water.cod,common:unit:mg_per_l,p75,fiscal_year,source,,
溶存酸素量 DO,measurements,,common:variable:water.do,common:unit:mg_per_l,mean,day,source,source_id が空（is_synthetic=1 の合成データ）。,
溶存酸素量 DO,measurements,atsugi_river_water_quality,common:variable:water.do,common:unit:mg_per_l,mean,day,source,docs/plans/PHASE_B_ALIAS_STAT_SOURCES.md §4: 原本xlsx全19本のB3セルが「※数値は日間平均値です。」で一致し、stat=mean・grain=dayは全期間・pH含む全5項目で確定。2005年度以降は measured_on が年度の数字のみになるが、source_ref に月ラベルが全行分残っており grain=month まで復元可能（本PRでは着手しない）。採水日は2005年度以降「8〜9日」等の2日レンジ表記で原本に確定情報が無く、単一日付には永久に確定できない。,
溶存酸素量 DO,measurements,env_kousui_sample_kanagawa,common:variable:water.do,common:unit:mg_per_l,point,day,source,docs/plans/PHASE_B_ALIAS_STAT_SOURCES.md §3.1-3.2: レコードID定義よりレコード=1回の採水・分析（stat=point）と確定。ただし調査区分コード5/6（水質自動モニターの日間平均値）が同じレコード形式で混在しうる仕様だが、区別する列（調査区分コード）がダウンロードした実データに無く、行ごとに見分けられない。,
溶存酸素量 DO,measurements,env_kousui_annual_kanagawa,common:variable:water.do,common:unit:mg_per_l,mean,fiscal_year,source,,
底層溶存酸素量,measurements,env_kousui_sample_kanagawa,common:variable:water.do_bottom,common:unit:mg_per_l,point,day,source,docs/plans/PHASE_B_ALIAS_STAT_SOURCES.md §3.1-3.2: レコードID定義よりレコード=1回の採水・分析（stat=point）と確定。ただし調査区分コード5/6（水質自動モニターの日間平均値）が同じレコード形式で混在しうる仕様だが、区別する列（調査区分コード）がダウンロードした実データに無く、行ごとに見分けられない。,
底層溶存酸素量,measurements,env_kousui_annual_kanagawa,common:variable:water.do_bottom,common:unit:mg_per_l,,fiscal_year,source,docs/plans/PHASE_B_ALIAS_STAT_SOURCES.md §2.6: 平成28年追加項目で年間値ファイル利用説明書（平成27年）に未収載。評価方法（日間平均値の年間最低値）への言及はあるが環境省の一次資料で確認できず、stat は空のまま（未確認。Phase A の mean は根拠が無かったため削除した）。,
浮遊物質量 SS,measurements,,common:variable:water.ss,common:unit:mg_per_l,mean,day,source,source_id が空（is_synthetic=1 の合成データ）。,
浮遊物質量 SS,measurements,atsugi_river_water_quality,common:variable:water.ss,common:unit:mg_per_l,mean,day,source,docs/plans/PHASE_B_ALIAS_STAT_SOURCES.md §4: 原本xlsx全19本のB3セルが「※数値は日間平均値です。」で一致し、stat=mean・grain=dayは全期間・pH含む全5項目で確定。2005年度以降は measured_on が年度の数字のみになるが、source_ref に月ラベルが全行分残っており grain=month まで復元可能（本PRでは着手しない）。採水日は2005年度以降「8〜9日」等の2日レンジ表記で原本に確定情報が無く、単一日付には永久に確定できない。,
浮遊物質量 SS,measurements,env_kousui_sample_kanagawa,common:variable:water.ss,common:unit:mg_per_l,point,day,source,docs/plans/PHASE_B_ALIAS_STAT_SOURCES.md §3.1-3.2: レコードID定義よりレコード=1回の採水・分析（stat=point）と確定。ただし調査区分コード5/6（水質自動モニターの日間平均値）が同じレコード形式で混在しうる仕様だが、区別する列（調査区分コード）がダウンロードした実データに無く、行ごとに見分けられない。,
浮遊物質量 SS,measurements,env_kousui_annual_kanagawa,common:variable:water.ss,common:unit:mg_per_l,mean,fiscal_year,source,,
全窒素 T-N,measurements,env_kousui_annual_kanagawa,common:variable:water.tn,common:unit:mg_per_l,mean,fiscal_year,source,docs/plans/PHASE_B_ALIAS_STAT_SOURCES.md §2.2 の一次資料調査で stat='mean'（日間平均値の平均値）と確定。,
全燐 T-P,measurements,env_kousui_annual_kanagawa,common:variable:water.tp,common:unit:mg_per_l,mean,fiscal_year,source,docs/plans/PHASE_B_ALIAS_STAT_SOURCES.md §2.2 の一次資料調査で stat='mean'（日間平均値の平均値）と確定。,
pH,measurements,,common:variable:water.ph,common:unit:dimensionless,point,day,registry,web/src/lib/domain.ts の VARIABLE_UNIT_FALLBACK が pH は無次元と既に明記。source_id が空（is_synthetic=1 の合成データ）。,
pH,measurements,atsugi_river_water_quality,common:variable:water.ph,common:unit:dimensionless,mean,day,registry,docs/plans/PHASE_B_ALIAS_STAT_SOURCES.md §4: 原本xlsx全19本のB3セルが「※数値は日間平均値です。」で一致し、stat=mean・grain=dayは全期間・pH含む全5項目で確定。2005年度以降は measured_on が年度の数字のみになるが、source_ref に月ラベルが全行分残っており grain=month まで復元可能（本PRでは着手しない）。採水日は2005年度以降「8〜9日」等の2日レンジ表記で原本に確定情報が無く、単一日付には永久に確定できない。,
pH,measurements,env_kousui_sample_kanagawa,common:variable:water.ph,common:unit:dimensionless,point,day,registry,web/src/lib/domain.ts の VARIABLE_UNIT_FALLBACK が pH は無次元と既に明記。docs/plans/PHASE_B_ALIAS_STAT_SOURCES.md §3.1-3.2: レコードID定義よりレコード=1回の採水・分析（stat=point）と確定。ただし調査区分コード5/6（水質自動モニターの日間平均値）が同じレコード形式で混在しうる仕様だが、区別する列（調査区分コード）がダウンロードした実データに無く、行ごとに見分けられない。,
pH（最大値）,measurements,env_kousui_annual_kanagawa,common:variable:water.ph,common:unit:dimensionless,max,fiscal_year,registry,web/src/lib/domain.ts の VARIABLE_UNIT_FALLBACK が pH は無次元と既に明記,
pH（最小値）,measurements,env_kousui_annual_kanagawa,common:variable:water.ph,common:unit:dimensionless,min,fiscal_year,registry,web/src/lib/domain.ts の VARIABLE_UNIT_FALLBACK が pH は無次元と既に明記,
大腸菌群数,measurements,env_kousui_sample_kanagawa,common:variable:water.coliform_group,common:unit:mpn_per_100ml,point,day,source,docs/plans/PHASE_B_ALIAS_STAT_SOURCES.md §3.1-3.2: レコードID定義よりレコード=1回の採水・分析（stat=point）と確定。ただし調査区分コード5/6（水質自動モニターの日間平均値）が同じレコード形式で混在しうる仕様だが、区別する列（調査区分コード）がダウンロードした実データに無く、行ごとに見分けられない。,
大腸菌群数,measurements,env_kousui_annual_kanagawa,common:variable:water.coliform_group,common:unit:mpn_per_100ml,mean,fiscal_year,source,,
大腸菌数,measurements,env_kousui_sample_kanagawa,common:variable:water.ecoli,common:unit:cfu_per_100ml,point,day,source,docs/plans/PHASE_B_ALIAS_STAT_SOURCES.md §3.1-3.2: レコードID定義よりレコード=1回の採水・分析（stat=point）と確定。ただし調査区分コード5/6（水質自動モニターの日間平均値）が同じレコード形式で混在しうる仕様だが、区別する列（調査区分コード）がダウンロードした実データに無く、行ごとに見分けられない。,
大腸菌数,measurements,env_kousui_annual_kanagawa,common:variable:water.ecoli,common:unit:cfu_per_100ml,,fiscal_year,source,docs/plans/PHASE_B_ALIAS_STAT_SOURCES.md §2.6: 令和4年度からの新項目で、年間値ファイル利用説明書（平成27年）に未収載。90%値の定義は確認できたが、90%値でない「素の」大腸菌数列の定義を示す一次資料が見つからず、stat は空のまま（未確認。Phase A の mean は根拠が無かったため削除した）。,
大腸菌数 90%値,measurements,env_kousui_annual_kanagawa,common:variable:water.ecoli,common:unit:cfu_per_100ml,p90,fiscal_year,source,,
全亜鉛,measurements,env_kousui_sample_kanagawa,common:variable:water.total_zinc,common:unit:mg_per_l,point,day,source,docs/plans/PHASE_B_ALIAS_STAT_SOURCES.md §3.1-3.2: レコードID定義よりレコード=1回の採水・分析（stat=point）と確定。ただし調査区分コード5/6（水質自動モニターの日間平均値）が同じレコード形式で混在しうる仕様だが、区別する列（調査区分コード）がダウンロードした実データに無く、行ごとに見分けられない。,
全亜鉛,measurements,env_kousui_annual_kanagawa,common:variable:water.total_zinc,common:unit:mg_per_l,mean,fiscal_year,source,docs/plans/PHASE_B_ALIAS_STAT_SOURCES.md §2.3: 環境省告示（別表２イ表備考「基準値は、年間平均値とする。」）で基準値は年間平均値と確定。ただし zip_create API のCSV列がその基準値と同一の集計方法で作られていることを直接記載した資料（列レイアウト表）は見つからず、stat='mean' は高確度の一致として維持している。,
ノルマルヘキサン抽出物質,measurements,env_kousui_sample_kanagawa,common:variable:water.n_hexane_extract,common:unit:mg_per_l,point,day,source,docs/plans/PHASE_B_ALIAS_STAT_SOURCES.md §3.1-3.2: レコードID定義よりレコード=1回の採水・分析（stat=point）と確定。ただし調査区分コード5/6（水質自動モニターの日間平均値）が同じレコード形式で混在しうる仕様だが、区別する列（調査区分コード）がダウンロードした実データに無く、行ごとに見分けられない。,
ノルマルヘキサン抽出物質,measurements,env_kousui_annual_kanagawa,common:variable:water.n_hexane_extract,common:unit:mg_per_l,mean,fiscal_year,source,,
直鎖アルキルベンゼンスルホン酸及びその塩 LAS,measurements,env_kousui_sample_kanagawa,common:variable:water.las,common:unit:mg_per_l,point,day,source,docs/plans/PHASE_B_ALIAS_STAT_SOURCES.md §3.1-3.2: レコードID定義よりレコード=1回の採水・分析（stat=point）と確定。ただし調査区分コード5/6（水質自動モニターの日間平均値）が同じレコード形式で混在しうる仕様だが、区別する列（調査区分コード）がダウンロードした実データに無く、行ごとに見分けられない。,
直鎖アルキルベンゼンスルホン酸及びその塩 LAS,measurements,env_kousui_annual_kanagawa,common:variable:water.las,common:unit:mg_per_l,mean,fiscal_year,source,docs/plans/PHASE_B_ALIAS_STAT_SOURCES.md §2.3: 環境省告示（別表２イ表備考「基準値は、年間平均値とする。」）で基準値は年間平均値と確定。ただし zip_create API のCSV列がその基準値と同一の集計方法で作られていることを直接記載した資料（列レイアウト表）は見つからず、stat='mean' は高確度の一致として維持している。,
ノニルフェノール,measurements,env_kousui_sample_kanagawa,common:variable:water.nonylphenol,common:unit:mg_per_l,point,day,source,docs/plans/PHASE_B_ALIAS_STAT_SOURCES.md §3.1-3.2: レコードID定義よりレコード=1回の採水・分析（stat=point）と確定。ただし調査区分コード5/6（水質自動モニターの日間平均値）が同じレコード形式で混在しうる仕様だが、区別する列（調査区分コード）がダウンロードした実データに無く、行ごとに見分けられない。,
ノニルフェノール,measurements,env_kousui_annual_kanagawa,common:variable:water.nonylphenol,common:unit:mg_per_l,mean,fiscal_year,source,docs/plans/PHASE_B_ALIAS_STAT_SOURCES.md §2.3: 環境省告示（別表２イ表備考「基準値は、年間平均値とする。」）で基準値は年間平均値と確定。ただし zip_create API のCSV列がその基準値と同一の集計方法で作られていることを直接記載した資料（列レイアウト表）は見つからず、stat='mean' は高確度の一致として維持している。,
水温,measurements,,common:variable:water.water_temp,common:unit:degc,point,day,source,,
水温,measurements,env_kousui_sample_kanagawa,common:variable:water.water_temp,common:unit:degc,point,day,source,docs/plans/PHASE_B_ALIAS_STAT_SOURCES.md §3.1-3.2: レコードID定義よりレコード=1回の採水・分析（stat=point）と確定。ただし調査区分コード5/6（水質自動モニターの日間平均値）が同じレコード形式で混在しうる仕様だが、区別する列（調査区分コード）がダウンロードした実データに無く、行ごとに見分けられない。,
透明度,measurements,env_kousui_sample_kanagawa,common:variable:water.transparency,common:unit:m,point,day,source,docs/plans/PHASE_B_ALIAS_STAT_SOURCES.md §3.1-3.2: レコードID定義よりレコード=1回の採水・分析（stat=point）と確定。ただし調査区分コード5/6（水質自動モニターの日間平均値）が同じレコード形式で混在しうる仕様だが、区別する列（調査区分コード）がダウンロードした実データに無く、行ごとに見分けられない。,
気温,measurements,,common:variable:weather.air_temp,common:unit:degc,point,day,source,採水時の気象付帯情報（環境省 公共用水域水質測定）。JMA 由来の気温系列と物理量として同一のため同一 variable に統合。,
気温,measurements,env_kousui_sample_kanagawa,common:variable:weather.air_temp,common:unit:degc,point,day,source,docs/plans/PHASE_B_ALIAS_STAT_SOURCES.md §3.1-3.2: レコードID定義よりレコード=1回の採水・分析（stat=point）と確定。ただし調査区分コード5/6（水質自動モニターの日間平均値）が同じレコード形式で混在しうる仕様だが、区別する列（調査区分コード）がダウンロードした実データに無く、行ごとに見分けられない。,
cd,measurements,env_kousui_annual_kanagawa,common:variable:water.cadmium,common:unit:mg_per_l,,fiscal_year,registry,国立環境研究所 公共用水域水質測定「年間値」データファイル利用説明書（平成27年4月）健康項目カラム定義。docs/plans/PHASE_B_ALIAS_STAT_SOURCES.md §2.4: 環境基準の評価は全シアンを除き年間平均値（kan_w.html）。ただし zip_create API の列がこの評価用統計量と同一の集計かを明記した資料は無く、stat は空のまま（推測で埋めない）。,
cn,measurements,env_kousui_annual_kanagawa,common:variable:water.cyanide,common:unit:mg_per_l,,fiscal_year,registry,国立環境研究所 公共用水域水質測定「年間値」データファイル利用説明書（平成27年4月）健康項目カラム定義。docs/plans/PHASE_B_ALIAS_STAT_SOURCES.md §2.4: 全シアンは環境基準の評価が年間最高値（他の健康項目26種は年間平均値。kan_w.html）で他と異なる統計量の可能性が高い。ただし zip_create API の列がその集計と同一かを明記した資料は無いため、他項目と同じく stat は空のまま（推測で max を入れない）。,
pb,measurements,env_kousui_annual_kanagawa,common:variable:water.lead,common:unit:mg_per_l,,fiscal_year,registry,国立環境研究所 公共用水域水質測定「年間値」データファイル利用説明書（平成27年4月）健康項目カラム定義。docs/plans/PHASE_B_ALIAS_STAT_SOURCES.md §2.4: 環境基準の評価は全シアンを除き年間平均値（kan_w.html）。ただし zip_create API の列がこの評価用統計量と同一の集計かを明記した資料は無く、stat は空のまま（推測で埋めない）。,
cr6,measurements,env_kousui_annual_kanagawa,common:variable:water.hexavalent_chromium,common:unit:mg_per_l,,fiscal_year,registry,国立環境研究所 公共用水域水質測定「年間値」データファイル利用説明書（平成27年4月）健康項目カラム定義。docs/plans/PHASE_B_ALIAS_STAT_SOURCES.md §2.4: 環境基準の評価は全シアンを除き年間平均値（kan_w.html）。ただし zip_create API の列がこの評価用統計量と同一の集計かを明記した資料は無く、stat は空のまま（推測で埋めない）。,
ass,measurements,env_kousui_annual_kanagawa,common:variable:water.arsenic,common:unit:mg_per_l,,fiscal_year,registry,国立環境研究所 公共用水域水質測定「年間値」データファイル利用説明書（平成27年4月）健康項目カラム定義。docs/plans/PHASE_B_ALIAS_STAT_SOURCES.md §2.4: 環境基準の評価は全シアンを除き年間平均値（kan_w.html）。ただし zip_create API の列がこの評価用統計量と同一の集計かを明記した資料は無く、stat は空のまま（推測で埋めない）。,
thg,measurements,env_kousui_annual_kanagawa,common:variable:water.total_mercury,common:unit:mg_per_l,,fiscal_year,registry,国立環境研究所 公共用水域水質測定「年間値」データファイル利用説明書（平成27年4月）健康項目カラム定義。docs/plans/PHASE_B_ALIAS_STAT_SOURCES.md §2.4: 環境基準の評価は全シアンを除き年間平均値（kan_w.html）。ただし zip_create API の列がこの評価用統計量と同一の集計かを明記した資料は無く、stat は空のまま（推測で埋めない）。,
srhg,measurements,env_kousui_annual_kanagawa,common:variable:water.alkyl_mercury,common:unit:mg_per_l,,fiscal_year,registry,国立環境研究所 公共用水域水質測定「年間値」データファイル利用説明書（平成27年4月）健康項目カラム定義。docs/plans/PHASE_B_ALIAS_STAT_SOURCES.md §2.4: 環境基準の評価は全シアンを除き年間平均値（kan_w.html）。ただし zip_create API の列がこの評価用統計量と同一の集計かを明記した資料は無く、stat は空のまま（推測で埋めない）。,
pcb,measurements,env_kousui_annual_kanagawa,common:variable:water.pcb,common:unit:mg_per_l,,fiscal_year,registry,国立環境研究所 公共用水域水質測定「年間値」データファイル利用説明書（平成27年4月）健康項目カラム定義。docs/plans/PHASE_B_ALIAS_STAT_SOURCES.md §2.4: 環境基準の評価は全シアンを除き年間平均値（kan_w.html）。ただし zip_create API の列がこの評価用統計量と同一の集計かを明記した資料は無く、stat は空のまま（推測で埋めない）。,
jikurorometan,measurements,env_kousui_annual_kanagawa,common:variable:water.dichloromethane,common:unit:mg_per_l,,fiscal_year,registry,国立環境研究所 公共用水域水質測定「年間値」データファイル利用説明書（平成27年4月）健康項目カラム定義。docs/plans/PHASE_B_ALIAS_STAT_SOURCES.md §2.4: 環境基準の評価は全シアンを除き年間平均値（kan_w.html）。ただし zip_create API の列がこの評価用統計量と同一の集計かを明記した資料は無く、stat は空のまま（推測で埋めない）。,
sienkatanso,measurements,env_kousui_annual_kanagawa,common:variable:water.carbon_tetrachloride,common:unit:mg_per_l,,fiscal_year,registry,国立環境研究所 公共用水域水質測定「年間値」データファイル利用説明書（平成27年4月）健康項目カラム定義。docs/plans/PHASE_B_ALIAS_STAT_SOURCES.md §2.4: 環境基準の評価は全シアンを除き年間平均値（kan_w.html）。ただし zip_create API の列がこの評価用統計量と同一の集計かを明記した資料は無く、stat は空のまま（推測で埋めない）。,
jikuroroetan12,measurements,env_kousui_annual_kanagawa,common:variable:water.12_dichloroethane,common:unit:mg_per_l,,fiscal_year,registry,国立環境研究所 公共用水域水質測定「年間値」データファイル利用説明書（平成27年4月）健康項目カラム定義。docs/plans/PHASE_B_ALIAS_STAT_SOURCES.md §2.4: 環境基準の評価は全シアンを除き年間平均値（kan_w.html）。ただし zip_create API の列がこの評価用統計量と同一の集計かを明記した資料は無く、stat は空のまま（推測で埋めない）。,
jikuroroechiren11,measurements,env_kousui_annual_kanagawa,common:variable:water.11_dichloroethylene,common:unit:mg_per_l,,fiscal_year,registry,国立環境研究所 公共用水域水質測定「年間値」データファイル利用説明書（平成27年4月）健康項目カラム定義。docs/plans/PHASE_B_ALIAS_STAT_SOURCES.md §2.4: 環境基準の評価は全シアンを除き年間平均値（kan_w.html）。ただし zip_create API の列がこの評価用統計量と同一の集計かを明記した資料は無く、stat は空のまま（推測で埋めない）。,
s12jikuroroetiren,measurements,env_kousui_annual_kanagawa,common:variable:water.cis12_dichloroethylene,common:unit:mg_per_l,,fiscal_year,registry,国立環境研究所 公共用水域水質測定「年間値」データファイル利用説明書（平成27年4月）健康項目カラム定義。docs/plans/PHASE_B_ALIAS_STAT_SOURCES.md §2.4: 環境基準の評価は全シアンを除き年間平均値（kan_w.html）。ただし zip_create API の列がこの評価用統計量と同一の集計かを明記した資料は無く、stat は空のまま（推測で埋めない）。,
torikuroroetan111,measurements,env_kousui_annual_kanagawa,common:variable:water.111_trichloroethane,common:unit:mg_per_l,,fiscal_year,registry,国立環境研究所 公共用水域水質測定「年間値」データファイル利用説明書（平成27年4月）健康項目カラム定義。docs/plans/PHASE_B_ALIAS_STAT_SOURCES.md §2.4: 環境基準の評価は全シアンを除き年間平均値（kan_w.html）。ただし zip_create API の列がこの評価用統計量と同一の集計かを明記した資料は無く、stat は空のまま（推測で埋めない）。,
torikuroroetan112,measurements,env_kousui_annual_kanagawa,common:variable:water.112_trichloroethane,common:unit:mg_per_l,,fiscal_year,registry,国立環境研究所 公共用水域水質測定「年間値」データファイル利用説明書（平成27年4月）健康項目カラム定義。docs/plans/PHASE_B_ALIAS_STAT_SOURCES.md §2.4: 環境基準の評価は全シアンを除き年間平均値（kan_w.html）。ただし zip_create API の列がこの評価用統計量と同一の集計かを明記した資料は無く、stat は空のまま（推測で埋めない）。,
torikuroroechiren,measurements,env_kousui_annual_kanagawa,common:variable:water.trichloroethylene,common:unit:mg_per_l,,fiscal_year,registry,国立環境研究所 公共用水域水質測定「年間値」データファイル利用説明書（平成27年4月）健康項目カラム定義。docs/plans/PHASE_B_ALIAS_STAT_SOURCES.md §2.4: 環境基準の評価は全シアンを除き年間平均値（kan_w.html）。ただし zip_create API の列がこの評価用統計量と同一の集計かを明記した資料は無く、stat は空のまま（推測で埋めない）。,
tetorakuroroechiren,measurements,env_kousui_annual_kanagawa,common:variable:water.tetrachloroethylene,common:unit:mg_per_l,,fiscal_year,registry,国立環境研究所 公共用水域水質測定「年間値」データファイル利用説明書（平成27年4月）健康項目カラム定義。docs/plans/PHASE_B_ALIAS_STAT_SOURCES.md §2.4: 環境基準の評価は全シアンを除き年間平均値（kan_w.html）。ただし zip_create API の列がこの評価用統計量と同一の集計かを明記した資料は無く、stat は空のまま（推測で埋めない）。,
jikuroropuropen13,measurements,env_kousui_annual_kanagawa,common:variable:water.13_dichloropropene,common:unit:mg_per_l,,fiscal_year,registry,国立環境研究所 公共用水域水質測定「年間値」データファイル利用説明書（平成27年4月）健康項目カラム定義。docs/plans/PHASE_B_ALIAS_STAT_SOURCES.md §2.4: 環境基準の評価は全シアンを除き年間平均値（kan_w.html）。ただし zip_create API の列がこの評価用統計量と同一の集計かを明記した資料は無く、stat は空のまま（推測で埋めない）。,
chiraumu,measurements,env_kousui_annual_kanagawa,common:variable:water.thiuram,common:unit:mg_per_l,,fiscal_year,registry,国立環境研究所 公共用水域水質測定「年間値」データファイル利用説明書（平成27年4月）健康項目カラム定義。docs/plans/PHASE_B_ALIAS_STAT_SOURCES.md §2.4: 環境基準の評価は全シアンを除き年間平均値（kan_w.html）。ただし zip_create API の列がこの評価用統計量と同一の集計かを明記した資料は無く、stat は空のまま（推測で埋めない）。,
shimajin,measurements,env_kousui_annual_kanagawa,common:variable:water.simazine,common:unit:mg_per_l,,fiscal_year,registry,国立環境研究所 公共用水域水質測定「年間値」データファイル利用説明書（平成27年4月）健康項目カラム定義。docs/plans/PHASE_B_ALIAS_STAT_SOURCES.md §2.4: 環境基準の評価は全シアンを除き年間平均値（kan_w.html）。ただし zip_create API の列がこの評価用統計量と同一の集計かを明記した資料は無く、stat は空のまま（推測で埋めない）。,
chiobenkarubu,measurements,env_kousui_annual_kanagawa,common:variable:water.thiobencarb,common:unit:mg_per_l,,fiscal_year,registry,国立環境研究所 公共用水域水質測定「年間値」データファイル利用説明書（平成27年4月）健康項目カラム定義。docs/plans/PHASE_B_ALIAS_STAT_SOURCES.md §2.4: 環境基準の評価は全シアンを除き年間平均値（kan_w.html）。ただし zip_create API の列がこの評価用統計量と同一の集計かを明記した資料は無く、stat は空のまま（推測で埋めない）。,
benzen,measurements,env_kousui_annual_kanagawa,common:variable:water.benzene,common:unit:mg_per_l,,fiscal_year,registry,国立環境研究所 公共用水域水質測定「年間値」データファイル利用説明書（平成27年4月）健康項目カラム定義。docs/plans/PHASE_B_ALIAS_STAT_SOURCES.md §2.4: 環境基準の評価は全シアンを除き年間平均値（kan_w.html）。ただし zip_create API の列がこの評価用統計量と同一の集計かを明記した資料は無く、stat は空のまま（推測で埋めない）。,
seren,measurements,env_kousui_annual_kanagawa,common:variable:water.selenium,common:unit:mg_per_l,,fiscal_year,registry,国立環境研究所 公共用水域水質測定「年間値」データファイル利用説明書（平成27年4月）健康項目カラム定義。docs/plans/PHASE_B_ALIAS_STAT_SOURCES.md §2.4: 環境基準の評価は全シアンを除き年間平均値（kan_w.html）。ただし zip_create API の列がこの評価用統計量と同一の集計かを明記した資料は無く、stat は空のまま（推測で埋めない）。,
nno3,measurements,env_kousui_annual_kanagawa,common:variable:water.nitrate_nitrite_n,common:unit:mg_per_l,,fiscal_year,registry,国立環境研究所 公共用水域水質測定「年間値」データファイル利用説明書（平成27年4月）健康項目カラム定義。docs/plans/PHASE_B_ALIAS_STAT_SOURCES.md §2.4: 環境基準の評価は全シアンを除き年間平均値（kan_w.html）。ただし zip_create API の列がこの評価用統計量と同一の集計かを明記した資料は無く、stat は空のまま（推測で埋めない）。,
f,measurements,env_kousui_annual_kanagawa,common:variable:water.fluorine,common:unit:mg_per_l,,fiscal_year,registry,国立環境研究所 公共用水域水質測定「年間値」データファイル利用説明書（平成27年4月）健康項目カラム定義。docs/plans/PHASE_B_ALIAS_STAT_SOURCES.md §2.4: 環境基準の評価は全シアンを除き年間平均値（kan_w.html）。ただし zip_create API の列がこの評価用統計量と同一の集計かを明記した資料は無く、stat は空のまま（推測で埋めない）。,
b,measurements,env_kousui_annual_kanagawa,common:variable:water.boron,common:unit:mg_per_l,,fiscal_year,registry,国立環境研究所 公共用水域水質測定「年間値」データファイル利用説明書（平成27年4月）健康項目カラム定義。docs/plans/PHASE_B_ALIAS_STAT_SOURCES.md §2.4: 環境基準の評価は全シアンを除き年間平均値（kan_w.html）。ただし zip_create API の列がこの評価用統計量と同一の集計かを明記した資料は無く、stat は空のまま（推測で埋めない）。,
n14jiokisan,measurements,env_kousui_annual_kanagawa,common:variable:water.14_dioxane,common:unit:mg_per_l,,fiscal_year,registry,国立環境研究所 公共用水域水質測定「年間値」データファイル利用説明書（平成27年4月）健康項目カラム定義。docs/plans/PHASE_B_ALIAS_STAT_SOURCES.md §2.4: 環境基準の評価は全シアンを除き年間平均値（kan_w.html）。ただし zip_create API の列がこの評価用統計量と同一の集計かを明記した資料は無く、stat は空のまま（推測で埋めない）。,
流量関連（公式定義未確認のため原表記のまま）,measurements,env_kousui_sample_kanagawa,common:variable:hydro.flow,common:unit:m3_per_s,point,day,registry,原本の収集スクリプト(scripts/c12_env_kousui.py)が公式定義を確認できず未確定のまま出力している。docs/plans/PHASE_B_ALIAS_STAT_SOURCES.md §3.3 の一次資料調査で公式定義（流量、単位 m3/s、MK_manu.pdf 一般項目ファイル項目19=090700）が判明し、registry/variable.yaml の name_ja/unit_id/description_ja/status に反映済み（本PRで対応）。docs/plans/PHASE_B_ALIAS_STAT_SOURCES.md §3.1-3.2: レコードID定義よりレコード=1回の採水・分析（stat=point）と確定。ただし調査区分コード5/6（水質自動モニターの日間平均値）が同じレコード形式で混在しうる仕様だが、区別する列（調査区分コード）がダウンロードした実データに無く、行ごとに見分けられない。,
地下水位(年平均),measurements,kanagawa_jiban_chinka,common:variable:hydro.groundwater_level,common:unit:t_p_m,mean,year,source,,
最大沈下量(基準点),measurements,kanagawa_jiban_chinka,common:variable:land.max_subsidence,common:unit:cm,max,year,source,,
有効水準点数,measurements,kanagawa_jiban_chinka,common:variable:land.benchmark_count_valid,common:unit:count,,year,source,,
沈下水準点数(1cm以上2cm未満),measurements,kanagawa_jiban_chinka,common:variable:land.benchmark_count_settled_1_2cm,common:unit:count,,year,source,,
沈下水準点数(2cm以上),measurements,kanagawa_jiban_chinka,common:variable:land.benchmark_count_settled_2cm_plus,common:unit:count,,year,source,,
沈下面積(1cm以上2cm未満),measurements,kanagawa_jiban_chinka,common:variable:land.subsidence_area_1_2cm,common:unit:km2,,year,source,,
沈下面積(2cm以上),measurements,kanagawa_jiban_chinka,common:variable:land.subsidence_area_2cm_plus,common:unit:km2,,year,source,,
調査面積,measurements,kanagawa_jiban_chinka,common:variable:land.survey_area,common:unit:km2,,year,source,,
water_temperature,sensor_timeseries,synthetic_sensor,common:variable:water.water_temp,,,instant,,source_id=synthetic_sensor（合成データ）。grain=instant（0/6/12/18時の点サンプル。経緯は docs/plans/PHASE_B_INTAKE.md）,
河川水位_日平均,sensor_timeseries,yokohama_river_waterlevel,common:variable:hydro.river_stage,common:unit:m,mean,day,source,,
河川水位_日最高,sensor_timeseries,yokohama_river_waterlevel,common:variable:hydro.river_stage,common:unit:m,max,day,source,,
soil_moisture,sensor_timeseries,synthetic_sensor,common:variable:hydro.soil_moisture,common:unit:m3_per_m3,,instant,source,source_id=synthetic_sensor（合成データ）。grain=instant（0/6/12/18時の点サンプル。経緯は docs/plans/PHASE_B_INTAKE.md）,
NO2(ppm),sensor_timeseries,soramame_hourly_kanagawa,common:variable:air.no2,common:unit:ppm,,hour,source,,
二酸化窒素（NO2）_日平均,sensor_timeseries,hiratsuka_taiki,common:variable:air.no2,common:unit:ppb,mean,day,source,"平塚市大気環境状況 1時間値データフォーマット説明書（測定項目番号表, images/1hour_description.pdf）",
SO2(ppm),sensor_timeseries,soramame_hourly_kanagawa,common:variable:air.so2,common:unit:ppm,,hour,source,,
二酸化硫黄（SO2）_日平均,sensor_timeseries,hiratsuka_taiki,common:variable:air.so2,common:unit:ppb,mean,day,source,"平塚市大気環境状況 1時間値データフォーマット説明書（測定項目番号表, images/1hour_description.pdf）",
一酸化窒素（NO）_日平均,sensor_timeseries,hiratsuka_taiki,common:variable:air.no,common:unit:ppb,mean,day,source,"平塚市大気環境状況 1時間値データフォーマット説明書（測定項目番号表, images/1hour_description.pdf）",
窒素酸化物（NOx）_日平均,sensor_timeseries,hiratsuka_taiki,common:variable:air.nox,common:unit:ppb,mean,day,source,"平塚市大気環境状況 1時間値データフォーマット説明書（測定項目番号表, images/1hour_description.pdf）",
OX,sensor_timeseries,sagamihara_taiki_hourly,common:variable:air.photochemical_oxidant,,,hour,,出典(相模原市オープンデータ)に単位記載が無く、収集スクリプト(scripts/c13_sagamihara_taiki.py)も推測換算していない。値域から1/1000スケール(ppm相当)の可能性が指摘されているが未確定。,
Ox(ppm),sensor_timeseries,soramame_hourly_kanagawa,common:variable:air.photochemical_oxidant,common:unit:ppm,,hour,source,,
光化学オキシダント（Ox）_日平均,sensor_timeseries,hiratsuka_taiki,common:variable:air.photochemical_oxidant,common:unit:ppb,mean,day,source,"平塚市大気環境状況 1時間値データフォーマット説明書（測定項目番号表, images/1hour_description.pdf）",
SPM(mg/m3),sensor_timeseries,soramame_hourly_kanagawa,common:variable:air.spm,common:unit:mg_per_m3,,hour,source,,
浮遊粒子状物質（SPM）_日平均,sensor_timeseries,hiratsuka_taiki,common:variable:air.spm,common:unit:ug_per_m3,mean,day,source,"平塚市大気環境状況 1時間値データフォーマット説明書（測定項目番号表, images/1hour_description.pdf）",
PM2.5(μg/m3),sensor_timeseries,soramame_hourly_kanagawa,common:variable:air.pm25,common:unit:ug_per_m3,,hour,source,,
微小粒子状物質（PM2.5）_日平均,sensor_timeseries,hiratsuka_taiki,common:variable:air.pm25,common:unit:ug_per_m3,mean,day,source,"平塚市大気環境状況 1時間値データフォーマット説明書（測定項目番号表, images/1hour_description.pdf）",
一酸化炭素（CO）_日平均,sensor_timeseries,hiratsuka_taiki,common:variable:air.co,common:unit:0_1ppm,mean,day,source,"平塚市大気環境状況 1時間値データフォーマット説明書（測定項目番号表, images/1hour_description.pdf）",
メタン（CH4）_日平均,sensor_timeseries,hiratsuka_taiki,common:variable:air.ch4,common:unit:0_01ppmc,mean,day,source,"平塚市大気環境状況 1時間値データフォーマット説明書（測定項目番号表, images/1hour_description.pdf）",
非メタン炭化水素（NMHC）_日平均,sensor_timeseries,hiratsuka_taiki,common:variable:air.nmhc,common:unit:0_01ppmc,mean,day,source,"平塚市大気環境状況 1時間値データフォーマット説明書（測定項目番号表, images/1hour_description.pdf）",
全炭化水素（THC）_日平均,sensor_timeseries,hiratsuka_taiki,common:variable:air.thc,common:unit:0_01ppmc,mean,day,source,"平塚市大気環境状況 1時間値データフォーマット説明書（測定項目番号表, images/1hour_description.pdf）",
RAIN,sensor_timeseries,sagamihara_taiki_hourly,common:variable:weather.precipitation,,,hour,,出典(相模原市オープンデータ)に単位記載が無く、収集スクリプトも推測換算していない。0は無降雨の実測として扱う旨が原本にあり欠測ではない。,
気温_平均,sensor_timeseries,jma_daily_yokohama,common:variable:weather.air_temp,common:unit:degc,mean,day,source,,
気温_平均_日平均,sensor_timeseries,jma_monthly_kanagawa,common:variable:weather.air_temp,common:unit:degc,mean,month,source,,
気温_平均_日最低,sensor_timeseries,jma_monthly_kanagawa,common:variable:weather.air_temp,common:unit:degc,mean_of_daily_min,month,source,,
気温_平均_日最高,sensor_timeseries,jma_monthly_kanagawa,common:variable:weather.air_temp,common:unit:degc,mean_of_daily_max,month,source,,
気温_最低,sensor_timeseries,jma_daily_yokohama,common:variable:weather.air_temp,common:unit:degc,min,day,source,,
気温_最低,sensor_timeseries,jma_monthly_kanagawa,common:variable:weather.air_temp,common:unit:degc,min,month,source,,
気温_最高,sensor_timeseries,jma_daily_yokohama,common:variable:weather.air_temp,common:unit:degc,max,day,source,,
気温_最高,sensor_timeseries,jma_monthly_kanagawa,common:variable:weather.air_temp,common:unit:degc,max,month,source,,
温度（TEMP）_日平均,sensor_timeseries,hiratsuka_taiki,common:variable:weather.air_temp,common:unit:0_1degc,mean,day,source,"平塚市大気環境状況 1時間値データフォーマット説明書（測定項目番号表, images/1hour_description.pdf）",
降水量_合計,sensor_timeseries,jma_daily_yokohama,common:variable:weather.precipitation,common:unit:mm,sum,day,source,,
降水量_合計,sensor_timeseries,jma_monthly_kanagawa,common:variable:weather.precipitation,common:unit:mm,sum,month,source,,
降水量_最大_10分間,sensor_timeseries,jma_daily_yokohama,common:variable:weather.precipitation,common:unit:mm,max_10min,day,source,,
降水量_最大_10分間,sensor_timeseries,jma_monthly_kanagawa,common:variable:weather.precipitation,common:unit:mm,max_10min,month,source,,
降水量_最大_1時間,sensor_timeseries,jma_daily_yokohama,common:variable:weather.precipitation,common:unit:mm,max_1h,day,source,,
降水量_最大_1時間,sensor_timeseries,jma_monthly_kanagawa,common:variable:weather.precipitation,common:unit:mm,max_1h,month,source,,
降水量_最大_日,sensor_timeseries,jma_monthly_kanagawa,common:variable:weather.precipitation,common:unit:mm,max_daily,month,source,,
雨量（RAIN）_日平均,sensor_timeseries,hiratsuka_taiki,common:variable:weather.precipitation,common:unit:0_1mm,mean,day,source,"平塚市大気環境状況 1時間値データフォーマット説明書（測定項目番号表, images/1hour_description.pdf）",
湿度_平均,sensor_timeseries,jma_daily_yokohama,common:variable:weather.humidity,common:unit:percent,mean,day,source,,
湿度_平均,sensor_timeseries,jma_monthly_kanagawa,common:variable:weather.humidity,common:unit:percent,mean,month,source,docs/plans/PHASE_B_ALIAS_STAT_SOURCES.md §5.3: 月別値は日別値の平均の平均（全時刻観測の平均ではない）ことを2024年横浜のデータで数値照合済み。,
湿度_最小,sensor_timeseries,jma_daily_yokohama,common:variable:weather.humidity,common:unit:percent,min,day,source,,
湿度_最小,sensor_timeseries,jma_monthly_kanagawa,common:variable:weather.humidity,common:unit:percent,min,month,source,,
湿度（HUM）_日平均,sensor_timeseries,hiratsuka_taiki,common:variable:weather.humidity,common:unit:0_1percent,mean,day,source,"平塚市大気環境状況 1時間値データフォーマット説明書（測定項目番号表, images/1hour_description.pdf）",
気圧_現地_平均,sensor_timeseries,jma_daily_yokohama,common:variable:weather.pressure_station,common:unit:hpa,mean,day,source,,
気圧_現地_平均,sensor_timeseries,jma_monthly_kanagawa,common:variable:weather.pressure_station,common:unit:hpa,mean,month,source,docs/plans/PHASE_B_ALIAS_STAT_SOURCES.md §5.3: 月別値は日別値の平均の平均（全時刻観測の平均ではない）ことを2024年横浜のデータで数値照合済み。,
気圧_海面_平均,sensor_timeseries,jma_daily_yokohama,common:variable:weather.pressure_sea_level,common:unit:hpa,mean,day,source,,
気圧_海面_平均,sensor_timeseries,jma_monthly_kanagawa,common:variable:weather.pressure_sea_level,common:unit:hpa,mean,month,source,docs/plans/PHASE_B_ALIAS_STAT_SOURCES.md §5.3: 月別値は日別値の平均の平均（全時刻観測の平均ではない）ことを2024年横浜のデータで数値照合済み。,
日照 時間,sensor_timeseries,jma_daily_yokohama,common:variable:weather.sunshine_duration,common:unit:h,sum,day,source,,
日照 時間,sensor_timeseries,jma_monthly_kanagawa,common:variable:weather.sunshine_duration,common:unit:h,sum,month,source,,
風向・風速_平均 風速,sensor_timeseries,jma_daily_yokohama,common:variable:weather.wind_speed_mean,common:unit:m_per_s,mean,day,source,,
風向・風速_平均 風速,sensor_timeseries,jma_monthly_kanagawa,common:variable:weather.wind_speed_mean,common:unit:m_per_s,mean,month,source,docs/plans/PHASE_B_ALIAS_STAT_SOURCES.md §5.3: 月別値は日別値の平均の平均（全時刻観測の平均ではない）ことを2024年横浜のデータで数値照合済み。,
風速（WS）_日平均,sensor_timeseries,hiratsuka_taiki,common:variable:weather.wind_speed_mean,common:unit:0_1m_per_s,mean,day,source,"平塚市大気環境状況 1時間値データフォーマット説明書（測定項目番号表, images/1hour_description.pdf）",
風向・風速_最大風速_風速,sensor_timeseries,jma_daily_yokohama,common:variable:weather.wind_speed_max,common:unit:m_per_s,max,day,source,,
風向・風速_最大風速_風速,sensor_timeseries,jma_monthly_kanagawa,common:variable:weather.wind_speed_max,common:unit:m_per_s,max,month,source,,
風向・風速_最大風速_風向,sensor_timeseries,jma_daily_yokohama,common:variable:weather.wind_direction_at_max,,,day,,,
風向・風速_最大風速_風向,sensor_timeseries,jma_monthly_kanagawa,common:variable:weather.wind_direction_at_max,,,month,,,
風向・風速_最大瞬間風速_風速,sensor_timeseries,jma_daily_yokohama,common:variable:weather.wind_gust_max,common:unit:m_per_s,max,day,source,,
風向・風速_最大瞬間風速_風速,sensor_timeseries,jma_monthly_kanagawa,common:variable:weather.wind_gust_max,common:unit:m_per_s,max,month,source,,
風向・風速_最大瞬間風速_風向,sensor_timeseries,jma_daily_yokohama,common:variable:weather.wind_direction_at_gust,,,day,,,
風向・風速_最大瞬間風速_風向,sensor_timeseries,jma_monthly_kanagawa,common:variable:weather.wind_direction_at_gust,,,month,,,
雪_最深 積雪,sensor_timeseries,jma_monthly_kanagawa,common:variable:weather.snow_depth_max,common:unit:cm,max,month,source,scripts/c10_jma.py の VARMAP で「雪_最深積雪」「雪_最深積雪_値」と同一 variable_en(snow_depth_max) に統合済み,
雪_最深積雪,sensor_timeseries,jma_monthly_kanagawa,common:variable:weather.snow_depth_max,common:unit:cm,max,month,source,,
雪_最深積雪_値,sensor_timeseries,jma_daily_yokohama,common:variable:weather.snow_depth_max,common:unit:cm,max,day,source,,
雪_降雪_合計,sensor_timeseries,jma_daily_yokohama,common:variable:weather.snowfall_depth_total,common:unit:cm,sum,day,source,scripts/c10_jma.py の VARMAP で「雪_降雪の深さ_合計」と同一 variable_en(snowfall_depth_total) に統合済み,
雪_降雪_合計,sensor_timeseries,jma_monthly_kanagawa,common:variable:weather.snowfall_depth_total,common:unit:cm,sum,month,source,scripts/c10_jma.py の VARMAP で「雪_降雪の深さ_合計」と同一 variable_en(snowfall_depth_total) に統合済み,
雪_降雪の深さ_合計,sensor_timeseries,jma_monthly_kanagawa,common:variable:weather.snowfall_depth_total,common:unit:cm,sum,month,source,,
雪_降雪_日合計の最大,sensor_timeseries,jma_monthly_kanagawa,common:variable:weather.snowfall_depth_max_daily,common:unit:cm,max_daily,month,source,scripts/c10_jma.py の VARMAP で「雪_降雪の深さ_日合計の最大」と同一 variable_en(snowfall_depth_max_daily) に統合済み,
雪_降雪の深さ_日合計の最大,sensor_timeseries,jma_monthly_kanagawa,common:variable:weather.snowfall_depth_max_daily,common:unit:cm,max_daily,month,source,,
雲量_平均,sensor_timeseries,jma_monthly_kanagawa,common:variable:weather.cloud_cover_mean,common:unit:tenths,mean,month,source,,
大気現象_雪日数,sensor_timeseries,jma_monthly_kanagawa,common:variable:weather.days_with_snow,common:unit:days,sum,month,source,,
大気現象_霧日数,sensor_timeseries,jma_monthly_kanagawa,common:variable:weather.days_with_fog,common:unit:days,sum,month,source,,
大気現象_雷日数,sensor_timeseries,jma_monthly_kanagawa,common:variable:weather.days_with_thunder,common:unit:days,sum,month,source,,
天気概況_昼 (06:00-18:00),sensor_timeseries,jma_daily_yokohama,common:variable:weather.weather_summary_day,,,day,,,
天気概況_夜 (18:00-翌日06:00),sensor_timeseries,jma_daily_yokohama,common:variable:weather.weather_summary_night,,,day,,,
1:area_km2,nlni_l03b_landuse_by_watershed,nlni_l03b_landuse_by_watershed,common:variable:landuse.paddy,common:unit:km2,sum,year,registry,P-1b（docs/plans/PHASE_B_LANDUSE.md §2/§3参照）。,2006
1:n_cells,nlni_l03b_landuse_by_watershed,nlni_l03b_landuse_by_watershed,common:variable:landuse.paddy_n_cells,common:unit:count,sum,year,registry,P-1b（docs/plans/PHASE_B_LANDUSE.md §2/§3参照）。,2006
0100:area_km2,nlni_l03b_landuse_by_watershed,nlni_l03b_landuse_by_watershed,common:variable:landuse.paddy,common:unit:km2,sum,year,registry,P-1b（docs/plans/PHASE_B_LANDUSE.md §2/§3参照）。,2016
0100:n_cells,nlni_l03b_landuse_by_watershed,nlni_l03b_landuse_by_watershed,common:variable:landuse.paddy_n_cells,common:unit:count,sum,year,registry,P-1b（docs/plans/PHASE_B_LANDUSE.md §2/§3参照）。,2016
2:area_km2,nlni_l03b_landuse_by_watershed,nlni_l03b_landuse_by_watershed,common:variable:landuse.other_agricultural_land,common:unit:km2,sum,year,registry,P-1b（docs/plans/PHASE_B_LANDUSE.md §2/§3参照）。,2006
2:n_cells,nlni_l03b_landuse_by_watershed,nlni_l03b_landuse_by_watershed,common:variable:landuse.other_agricultural_land_n_cells,common:unit:count,sum,year,registry,P-1b（docs/plans/PHASE_B_LANDUSE.md §2/§3参照）。,2006
0200:area_km2,nlni_l03b_landuse_by_watershed,nlni_l03b_landuse_by_watershed,common:variable:landuse.other_agricultural_land,common:unit:km2,sum,year,registry,P-1b（docs/plans/PHASE_B_LANDUSE.md §2/§3参照）。,2016
0200:n_cells,nlni_l03b_landuse_by_watershed,nlni_l03b_landuse_by_watershed,common:variable:landuse.other_agricultural_land_n_cells,common:unit:count,sum,year,registry,P-1b（docs/plans/PHASE_B_LANDUSE.md §2/§3参照）。,2016
5:area_km2,nlni_l03b_landuse_by_watershed,nlni_l03b_landuse_by_watershed,common:variable:landuse.forest,common:unit:km2,sum,year,registry,P-1b（docs/plans/PHASE_B_LANDUSE.md §2/§3参照）。,2006
5:n_cells,nlni_l03b_landuse_by_watershed,nlni_l03b_landuse_by_watershed,common:variable:landuse.forest_n_cells,common:unit:count,sum,year,registry,P-1b（docs/plans/PHASE_B_LANDUSE.md §2/§3参照）。,2006
0500:area_km2,nlni_l03b_landuse_by_watershed,nlni_l03b_landuse_by_watershed,common:variable:landuse.forest,common:unit:km2,sum,year,registry,P-1b（docs/plans/PHASE_B_LANDUSE.md §2/§3参照）。,2016
0500:n_cells,nlni_l03b_landuse_by_watershed,nlni_l03b_landuse_by_watershed,common:variable:landuse.forest_n_cells,common:unit:count,sum,year,registry,P-1b（docs/plans/PHASE_B_LANDUSE.md §2/§3参照）。,2016
6:area_km2,nlni_l03b_landuse_by_watershed,nlni_l03b_landuse_by_watershed,common:variable:landuse.wasteland,common:unit:km2,sum,year,registry,P-1b（docs/plans/PHASE_B_LANDUSE.md §2/§3参照）。,2006
6:n_cells,nlni_l03b_landuse_by_watershed,nlni_l03b_landuse_by_watershed,common:variable:landuse.wasteland_n_cells,common:unit:count,sum,year,registry,P-1b（docs/plans/PHASE_B_LANDUSE.md §2/§3参照）。,2006
0600:area_km2,nlni_l03b_landuse_by_watershed,nlni_l03b_landuse_by_watershed,common:variable:landuse.wasteland,common:unit:km2,sum,year,registry,P-1b（docs/plans/PHASE_B_LANDUSE.md §2/§3参照）。,2016
0600:n_cells,nlni_l03b_landuse_by_watershed,nlni_l03b_landuse_by_watershed,common:variable:landuse.wasteland_n_cells,common:unit:count,sum,year,registry,P-1b（docs/plans/PHASE_B_LANDUSE.md §2/§3参照）。,2016
7:area_km2,nlni_l03b_landuse_by_watershed,nlni_l03b_landuse_by_watershed,common:variable:landuse.building_land,common:unit:km2,sum,year,registry,P-1b（docs/plans/PHASE_B_LANDUSE.md §2/§3参照）。,2006
7:n_cells,nlni_l03b_landuse_by_watershed,nlni_l03b_landuse_by_watershed,common:variable:landuse.building_land_n_cells,common:unit:count,sum,year,registry,P-1b（docs/plans/PHASE_B_LANDUSE.md §2/§3参照）。,2006
0700:area_km2,nlni_l03b_landuse_by_watershed,nlni_l03b_landuse_by_watershed,common:variable:landuse.building_land,common:unit:km2,sum,year,registry,P-1b（docs/plans/PHASE_B_LANDUSE.md §2/§3参照）。,2016
0700:n_cells,nlni_l03b_landuse_by_watershed,nlni_l03b_landuse_by_watershed,common:variable:landuse.building_land_n_cells,common:unit:count,sum,year,registry,P-1b（docs/plans/PHASE_B_LANDUSE.md §2/§3参照）。,2016
9:area_km2,nlni_l03b_landuse_by_watershed,nlni_l03b_landuse_by_watershed,common:variable:landuse.arterial_transport_land,common:unit:km2,sum,year,registry,P-1b（docs/plans/PHASE_B_LANDUSE.md §2/§3参照）。,2006
9:n_cells,nlni_l03b_landuse_by_watershed,nlni_l03b_landuse_by_watershed,common:variable:landuse.arterial_transport_land_n_cells,common:unit:count,sum,year,registry,P-1b（docs/plans/PHASE_B_LANDUSE.md §2/§3参照）。,2006
0901:area_km2,nlni_l03b_landuse_by_watershed,nlni_l03b_landuse_by_watershed,common:variable:landuse.road,common:unit:km2,sum,year,registry,P-1b（docs/plans/PHASE_B_LANDUSE.md §2/§3参照）。,2016
0901:n_cells,nlni_l03b_landuse_by_watershed,nlni_l03b_landuse_by_watershed,common:variable:landuse.road_n_cells,common:unit:count,sum,year,registry,P-1b（docs/plans/PHASE_B_LANDUSE.md §2/§3参照）。,2016
0902:area_km2,nlni_l03b_landuse_by_watershed,nlni_l03b_landuse_by_watershed,common:variable:landuse.railway,common:unit:km2,sum,year,registry,P-1b（docs/plans/PHASE_B_LANDUSE.md §2/§3参照）。,2016
0902:n_cells,nlni_l03b_landuse_by_watershed,nlni_l03b_landuse_by_watershed,common:variable:landuse.railway_n_cells,common:unit:count,sum,year,registry,P-1b（docs/plans/PHASE_B_LANDUSE.md §2/§3参照）。,2016
A:area_km2,nlni_l03b_landuse_by_watershed,nlni_l03b_landuse_by_watershed,common:variable:landuse.other_land,common:unit:km2,sum,year,registry,P-1b（docs/plans/PHASE_B_LANDUSE.md §2/§3参照）。,2006
A:n_cells,nlni_l03b_landuse_by_watershed,nlni_l03b_landuse_by_watershed,common:variable:landuse.other_land_n_cells,common:unit:count,sum,year,registry,P-1b（docs/plans/PHASE_B_LANDUSE.md §2/§3参照）。,2006
1000:area_km2,nlni_l03b_landuse_by_watershed,nlni_l03b_landuse_by_watershed,common:variable:landuse.other_land,common:unit:km2,sum,year,registry,P-1b（docs/plans/PHASE_B_LANDUSE.md §2/§3参照）。,2016
1000:n_cells,nlni_l03b_landuse_by_watershed,nlni_l03b_landuse_by_watershed,common:variable:landuse.other_land_n_cells,common:unit:count,sum,year,registry,P-1b（docs/plans/PHASE_B_LANDUSE.md §2/§3参照）。,2016
B:area_km2,nlni_l03b_landuse_by_watershed,nlni_l03b_landuse_by_watershed,common:variable:landuse.river_and_lake,common:unit:km2,sum,year,registry,P-1b（docs/plans/PHASE_B_LANDUSE.md §2/§3参照）。,2006
B:n_cells,nlni_l03b_landuse_by_watershed,nlni_l03b_landuse_by_watershed,common:variable:landuse.river_and_lake_n_cells,common:unit:count,sum,year,registry,P-1b（docs/plans/PHASE_B_LANDUSE.md §2/§3参照）。,2006
1100:area_km2,nlni_l03b_landuse_by_watershed,nlni_l03b_landuse_by_watershed,common:variable:landuse.river_and_lake,common:unit:km2,sum,year,registry,P-1b（docs/plans/PHASE_B_LANDUSE.md §2/§3参照）。,2016
1100:n_cells,nlni_l03b_landuse_by_watershed,nlni_l03b_landuse_by_watershed,common:variable:landuse.river_and_lake_n_cells,common:unit:count,sum,year,registry,P-1b（docs/plans/PHASE_B_LANDUSE.md §2/§3参照）。,2016
E:area_km2,nlni_l03b_landuse_by_watershed,nlni_l03b_landuse_by_watershed,common:variable:landuse.beach,common:unit:km2,sum,year,registry,P-1b（docs/plans/PHASE_B_LANDUSE.md §2/§3参照）。,2006
E:n_cells,nlni_l03b_landuse_by_watershed,nlni_l03b_landuse_by_watershed,common:variable:landuse.beach_n_cells,common:unit:count,sum,year,registry,P-1b（docs/plans/PHASE_B_LANDUSE.md §2/§3参照）。,2006
1400:area_km2,nlni_l03b_landuse_by_watershed,nlni_l03b_landuse_by_watershed,common:variable:landuse.beach,common:unit:km2,sum,year,registry,P-1b（docs/plans/PHASE_B_LANDUSE.md §2/§3参照）。,2016
1400:n_cells,nlni_l03b_landuse_by_watershed,nlni_l03b_landuse_by_watershed,common:variable:landuse.beach_n_cells,common:unit:count,sum,year,registry,P-1b（docs/plans/PHASE_B_LANDUSE.md §2/§3参照）。,2016
F:area_km2,nlni_l03b_landuse_by_watershed,nlni_l03b_landuse_by_watershed,common:variable:landuse.sea_water,common:unit:km2,sum,year,registry,P-1b（docs/plans/PHASE_B_LANDUSE.md §2/§3参照）。,2006
F:n_cells,nlni_l03b_landuse_by_watershed,nlni_l03b_landuse_by_watershed,common:variable:landuse.sea_water_n_cells,common:unit:count,sum,year,registry,P-1b（docs/plans/PHASE_B_LANDUSE.md §2/§3参照）。,2006
1500:area_km2,nlni_l03b_landuse_by_watershed,nlni_l03b_landuse_by_watershed,common:variable:landuse.sea_water,common:unit:km2,sum,year,registry,P-1b（docs/plans/PHASE_B_LANDUSE.md §2/§3参照）。,2016
1500:n_cells,nlni_l03b_landuse_by_watershed,nlni_l03b_landuse_by_watershed,common:variable:landuse.sea_water_n_cells,common:unit:count,sum,year,registry,P-1b（docs/plans/PHASE_B_LANDUSE.md §2/§3参照）。,2016
G:area_km2,nlni_l03b_landuse_by_watershed,nlni_l03b_landuse_by_watershed,common:variable:landuse.golf_course,common:unit:km2,sum,year,registry,P-1b（docs/plans/PHASE_B_LANDUSE.md §2/§3参照）。,2006
G:n_cells,nlni_l03b_landuse_by_watershed,nlni_l03b_landuse_by_watershed,common:variable:landuse.golf_course_n_cells,common:unit:count,sum,year,registry,P-1b（docs/plans/PHASE_B_LANDUSE.md §2/§3参照）。,2006
1600:area_km2,nlni_l03b_landuse_by_watershed,nlni_l03b_landuse_by_watershed,common:variable:landuse.golf_course,common:unit:km2,sum,year,registry,P-1b（docs/plans/PHASE_B_LANDUSE.md §2/§3参照）。,2016
1600:n_cells,nlni_l03b_landuse_by_watershed,nlni_l03b_landuse_by_watershed,common:variable:landuse.golf_course_n_cells,common:unit:count,sum,year,registry,P-1b（docs/plans/PHASE_B_LANDUSE.md §2/§3参照）。,2016
生物化学的酸素要求量 BOD,measurements,env_kousui_sample_amami,common:variable:water.bod,common:unit:mg_per_l,point,day,source,[奄美: env_kousui_sample_kanagawa の行を source_id だけ差し替えて複製] docs/plans/PHASE_B_ALIAS_STAT_SOURCES.md §3.1-3.2: レコードID定義よりレコード=1回の採水・分析（stat=point）と確定。ただし調査区分コード5/6（水質自動モニターの日間平均値）が同じレコード形式で混在しうる仕様だが、区別する列（調査区分コード）がダウンロードした実データに無く、行ごとに見分けられない。,
生物化学的酸素要求量 BOD,measurements,env_kousui_annual_amami,common:variable:water.bod,common:unit:mg_per_l,mean,fiscal_year,source,[奄美: env_kousui_annual_kanagawa の行を source_id だけ差し替えて複製],
BOD 75%値,measurements,env_kousui_annual_amami,common:variable:water.bod,common:unit:mg_per_l,p75,fiscal_year,source,[奄美: env_kousui_annual_kanagawa の行を source_id だけ差し替えて複製],
化学的酸素要求量 COD,measurements,env_kousui_sample_amami,common:variable:water.cod,common:unit:mg_per_l,point,day,source,[奄美: env_kousui_sample_kanagawa の行を source_id だけ差し替えて複製] docs/plans/PHASE_B_ALIAS_STAT_SOURCES.md §3.1-3.2: レコードID定義よりレコード=1回の採水・分析（stat=point）と確定。ただし調査区分コード5/6（水質自動モニターの日間平均値）が同じレコード形式で混在しうる仕様だが、区別する列（調査区分コード）がダウンロードした実データに無く、行ごとに見分けられない。,
化学的酸素要求量 COD,measurements,env_kousui_annual_amami,common:variable:water.cod,common:unit:mg_per_l,mean,fiscal_year,source,[奄美: env_kousui_annual_kanagawa の行を source_id だけ差し替えて複製],
COD 75%値,measurements,env_kousui_annual_amami,common:variable:water.cod,common:unit:mg_per_l,p75,fiscal_year,source,[奄美: env_kousui_annual_kanagawa の行を source_id だけ差し替えて複製],
溶存酸素量 DO,measurements,env_kousui_sample_amami,common:variable:water.do,common:unit:mg_per_l,point,day,source,[奄美: env_kousui_sample_kanagawa の行を source_id だけ差し替えて複製] docs/plans/PHASE_B_ALIAS_STAT_SOURCES.md §3.1-3.2: レコードID定義よりレコード=1回の採水・分析（stat=point）と確定。ただし調査区分コード5/6（水質自動モニターの日間平均値）が同じレコード形式で混在しうる仕様だが、区別する列（調査区分コード）がダウンロードした実データに無く、行ごとに見分けられない。,
溶存酸素量 DO,measurements,env_kousui_annual_amami,common:variable:water.do,common:unit:mg_per_l,mean,fiscal_year,source,[奄美: env_kousui_annual_kanagawa の行を source_id だけ差し替えて複製],
底層溶存酸素量,measurements,env_kousui_sample_amami,common:variable:water.do_bottom,common:unit:mg_per_l,point,day,source,[奄美: env_kousui_sample_kanagawa の行を source_id だけ差し替えて複製] docs/plans/PHASE_B_ALIAS_STAT_SOURCES.md §3.1-3.2: レコードID定義よりレコード=1回の採水・分析（stat=point）と確定。ただし調査区分コード5/6（水質自動モニターの日間平均値）が同じレコード形式で混在しうる仕様だが、区別する列（調査区分コード）がダウンロードした実データに無く、行ごとに見分けられない。,
底層溶存酸素量,measurements,env_kousui_annual_amami,common:variable:water.do_bottom,common:unit:mg_per_l,,fiscal_year,source,[奄美: env_kousui_annual_kanagawa の行を source_id だけ差し替えて複製] docs/plans/PHASE_B_ALIAS_STAT_SOURCES.md §2.6: 平成28年追加項目で年間値ファイル利用説明書（平成27年）に未収載。評価方法（日間平均値の年間最低値）への言及はあるが環境省の一次資料で確認できず、stat は空のまま（未確認。Phase A の mean は根拠が無かったため削除した）。,
浮遊物質量 SS,measurements,env_kousui_sample_amami,common:variable:water.ss,common:unit:mg_per_l,point,day,source,[奄美: env_kousui_sample_kanagawa の行を source_id だけ差し替えて複製] docs/plans/PHASE_B_ALIAS_STAT_SOURCES.md §3.1-3.2: レコードID定義よりレコード=1回の採水・分析（stat=point）と確定。ただし調査区分コード5/6（水質自動モニターの日間平均値）が同じレコード形式で混在しうる仕様だが、区別する列（調査区分コード）がダウンロードした実データに無く、行ごとに見分けられない。,
浮遊物質量 SS,measurements,env_kousui_annual_amami,common:variable:water.ss,common:unit:mg_per_l,mean,fiscal_year,source,[奄美: env_kousui_annual_kanagawa の行を source_id だけ差し替えて複製],
全窒素 T-N,measurements,env_kousui_annual_amami,common:variable:water.tn,common:unit:mg_per_l,mean,fiscal_year,source,[奄美: env_kousui_annual_kanagawa の行を source_id だけ差し替えて複製] docs/plans/PHASE_B_ALIAS_STAT_SOURCES.md §2.2 の一次資料調査で stat='mean'（日間平均値の平均値）と確定。,
全燐 T-P,measurements,env_kousui_annual_amami,common:variable:water.tp,common:unit:mg_per_l,mean,fiscal_year,source,[奄美: env_kousui_annual_kanagawa の行を source_id だけ差し替えて複製] docs/plans/PHASE_B_ALIAS_STAT_SOURCES.md §2.2 の一次資料調査で stat='mean'（日間平均値の平均値）と確定。,
pH,measurements,env_kousui_sample_amami,common:variable:water.ph,common:unit:dimensionless,point,day,registry,[奄美: env_kousui_sample_kanagawa の行を source_id だけ差し替えて複製] web/src/lib/domain.ts の VARIABLE_UNIT_FALLBACK が pH は無次元と既に明記。docs/plans/PHASE_B_ALIAS_STAT_SOURCES.md §3.1-3.2: レコードID定義よりレコード=1回の採水・分析（stat=point）と確定。ただし調査区分コード5/6（水質自動モニターの日間平均値）が同じレコード形式で混在しうる仕様だが、区別する列（調査区分コード）がダウンロードした実データに無く、行ごとに見分けられない。,
pH（最大値）,measurements,env_kousui_annual_amami,common:variable:water.ph,common:unit:dimensionless,max,fiscal_year,registry,[奄美: env_kousui_annual_kanagawa の行を source_id だけ差し替えて複製] web/src/lib/domain.ts の VARIABLE_UNIT_FALLBACK が pH は無次元と既に明記,
pH（最小値）,measurements,env_kousui_annual_amami,common:variable:water.ph,common:unit:dimensionless,min,fiscal_year,registry,[奄美: env_kousui_annual_kanagawa の行を source_id だけ差し替えて複製] web/src/lib/domain.ts の VARIABLE_UNIT_FALLBACK が pH は無次元と既に明記,
大腸菌群数,measurements,env_kousui_sample_amami,common:variable:water.coliform_group,common:unit:mpn_per_100ml,point,day,source,[奄美: env_kousui_sample_kanagawa の行を source_id だけ差し替えて複製] docs/plans/PHASE_B_ALIAS_STAT_SOURCES.md §3.1-3.2: レコードID定義よりレコード=1回の採水・分析（stat=point）と確定。ただし調査区分コード5/6（水質自動モニターの日間平均値）が同じレコード形式で混在しうる仕様だが、区別する列（調査区分コード）がダウンロードした実データに無く、行ごとに見分けられない。,
大腸菌群数,measurements,env_kousui_annual_amami,common:variable:water.coliform_group,common:unit:mpn_per_100ml,mean,fiscal_year,source,[奄美: env_kousui_annual_kanagawa の行を source_id だけ差し替えて複製],
大腸菌数,measurements,env_kousui_sample_amami,common:variable:water.ecoli,common:unit:cfu_per_100ml,point,day,source,[奄美: env_kousui_sample_kanagawa の行を source_id だけ差し替えて複製] docs/plans/PHASE_B_ALIAS_STAT_SOURCES.md §3.1-3.2: レコードID定義よりレコード=1回の採水・分析（stat=point）と確定。ただし調査区分コード5/6（水質自動モニターの日間平均値）が同じレコード形式で混在しうる仕様だが、区別する列（調査区分コード）がダウンロードした実データに無く、行ごとに見分けられない。,
大腸菌数,measurements,env_kousui_annual_amami,common:variable:water.ecoli,common:unit:cfu_per_100ml,,fiscal_year,source,[奄美: env_kousui_annual_kanagawa の行を source_id だけ差し替えて複製] docs/plans/PHASE_B_ALIAS_STAT_SOURCES.md §2.6: 令和4年度からの新項目で、年間値ファイル利用説明書（平成27年）に未収載。90%値の定義は確認できたが、90%値でない「素の」大腸菌数列の定義を示す一次資料が見つからず、stat は空のまま（未確認。Phase A の mean は根拠が無かったため削除した）。,
大腸菌数 90%値,measurements,env_kousui_annual_amami,common:variable:water.ecoli,common:unit:cfu_per_100ml,p90,fiscal_year,source,[奄美: env_kousui_annual_kanagawa の行を source_id だけ差し替えて複製],
全亜鉛,measurements,env_kousui_sample_amami,common:variable:water.total_zinc,common:unit:mg_per_l,point,day,source,[奄美: env_kousui_sample_kanagawa の行を source_id だけ差し替えて複製] docs/plans/PHASE_B_ALIAS_STAT_SOURCES.md §3.1-3.2: レコードID定義よりレコード=1回の採水・分析（stat=point）と確定。ただし調査区分コード5/6（水質自動モニターの日間平均値）が同じレコード形式で混在しうる仕様だが、区別する列（調査区分コード）がダウンロードした実データに無く、行ごとに見分けられない。,
全亜鉛,measurements,env_kousui_annual_amami,common:variable:water.total_zinc,common:unit:mg_per_l,mean,fiscal_year,source,[奄美: env_kousui_annual_kanagawa の行を source_id だけ差し替えて複製] docs/plans/PHASE_B_ALIAS_STAT_SOURCES.md §2.3: 環境省告示（別表２イ表備考「基準値は、年間平均値とする。」）で基準値は年間平均値と確定。ただし zip_create API のCSV列がその基準値と同一の集計方法で作られていることを直接記載した資料（列レイアウト表）は見つからず、stat='mean' は高確度の一致として維持している。,
ノルマルヘキサン抽出物質,measurements,env_kousui_sample_amami,common:variable:water.n_hexane_extract,common:unit:mg_per_l,point,day,source,[奄美: env_kousui_sample_kanagawa の行を source_id だけ差し替えて複製] docs/plans/PHASE_B_ALIAS_STAT_SOURCES.md §3.1-3.2: レコードID定義よりレコード=1回の採水・分析（stat=point）と確定。ただし調査区分コード5/6（水質自動モニターの日間平均値）が同じレコード形式で混在しうる仕様だが、区別する列（調査区分コード）がダウンロードした実データに無く、行ごとに見分けられない。,
ノルマルヘキサン抽出物質,measurements,env_kousui_annual_amami,common:variable:water.n_hexane_extract,common:unit:mg_per_l,mean,fiscal_year,source,[奄美: env_kousui_annual_kanagawa の行を source_id だけ差し替えて複製],
直鎖アルキルベンゼンスルホン酸及びその塩 LAS,measurements,env_kousui_sample_amami,common:variable:water.las,common:unit:mg_per_l,point,day,source,[奄美: env_kousui_sample_kanagawa の行を source_id だけ差し替えて複製] docs/plans/PHASE_B_ALIAS_STAT_SOURCES.md §3.1-3.2: レコードID定義よりレコード=1回の採水・分析（stat=point）と確定。ただし調査区分コード5/6（水質自動モニターの日間平均値）が同じレコード形式で混在しうる仕様だが、区別する列（調査区分コード）がダウンロードした実データに無く、行ごとに見分けられない。,
直鎖アルキルベンゼンスルホン酸及びその塩 LAS,measurements,env_kousui_annual_amami,common:variable:water.las,common:unit:mg_per_l,mean,fiscal_year,source,[奄美: env_kousui_annual_kanagawa の行を source_id だけ差し替えて複製] docs/plans/PHASE_B_ALIAS_STAT_SOURCES.md §2.3: 環境省告示（別表２イ表備考「基準値は、年間平均値とする。」）で基準値は年間平均値と確定。ただし zip_create API のCSV列がその基準値と同一の集計方法で作られていることを直接記載した資料（列レイアウト表）は見つからず、stat='mean' は高確度の一致として維持している。,
ノニルフェノール,measurements,env_kousui_sample_amami,common:variable:water.nonylphenol,common:unit:mg_per_l,point,day,source,[奄美: env_kousui_sample_kanagawa の行を source_id だけ差し替えて複製] docs/plans/PHASE_B_ALIAS_STAT_SOURCES.md §3.1-3.2: レコードID定義よりレコード=1回の採水・分析（stat=point）と確定。ただし調査区分コード5/6（水質自動モニターの日間平均値）が同じレコード形式で混在しうる仕様だが、区別する列（調査区分コード）がダウンロードした実データに無く、行ごとに見分けられない。,
ノニルフェノール,measurements,env_kousui_annual_amami,common:variable:water.nonylphenol,common:unit:mg_per_l,mean,fiscal_year,source,[奄美: env_kousui_annual_kanagawa の行を source_id だけ差し替えて複製] docs/plans/PHASE_B_ALIAS_STAT_SOURCES.md §2.3: 環境省告示（別表２イ表備考「基準値は、年間平均値とする。」）で基準値は年間平均値と確定。ただし zip_create API のCSV列がその基準値と同一の集計方法で作られていることを直接記載した資料（列レイアウト表）は見つからず、stat='mean' は高確度の一致として維持している。,
水温,measurements,env_kousui_sample_amami,common:variable:water.water_temp,common:unit:degc,point,day,source,[奄美: env_kousui_sample_kanagawa の行を source_id だけ差し替えて複製] docs/plans/PHASE_B_ALIAS_STAT_SOURCES.md §3.1-3.2: レコードID定義よりレコード=1回の採水・分析（stat=point）と確定。ただし調査区分コード5/6（水質自動モニターの日間平均値）が同じレコード形式で混在しうる仕様だが、区別する列（調査区分コード）がダウンロードした実データに無く、行ごとに見分けられない。,
透明度,measurements,env_kousui_sample_amami,common:variable:water.transparency,common:unit:m,point,day,source,[奄美: env_kousui_sample_kanagawa の行を source_id だけ差し替えて複製] docs/plans/PHASE_B_ALIAS_STAT_SOURCES.md §3.1-3.2: レコードID定義よりレコード=1回の採水・分析（stat=point）と確定。ただし調査区分コード5/6（水質自動モニターの日間平均値）が同じレコード形式で混在しうる仕様だが、区別する列（調査区分コード）がダウンロードした実データに無く、行ごとに見分けられない。,
気温,measurements,env_kousui_sample_amami,common:variable:weather.air_temp,common:unit:degc,point,day,source,[奄美: env_kousui_sample_kanagawa の行を source_id だけ差し替えて複製] docs/plans/PHASE_B_ALIAS_STAT_SOURCES.md §3.1-3.2: レコードID定義よりレコード=1回の採水・分析（stat=point）と確定。ただし調査区分コード5/6（水質自動モニターの日間平均値）が同じレコード形式で混在しうる仕様だが、区別する列（調査区分コード）がダウンロードした実データに無く、行ごとに見分けられない。,
cd,measurements,env_kousui_annual_amami,common:variable:water.cadmium,common:unit:mg_per_l,,fiscal_year,registry,[奄美: env_kousui_annual_kanagawa の行を source_id だけ差し替えて複製] 国立環境研究所 公共用水域水質測定「年間値」データファイル利用説明書（平成27年4月）健康項目カラム定義。docs/plans/PHASE_B_ALIAS_STAT_SOURCES.md §2.4: 環境基準の評価は全シアンを除き年間平均値（kan_w.html）。ただし zip_create API の列がこの評価用統計量と同一の集計かを明記した資料は無く、stat は空のまま（推測で埋めない）。,
cn,measurements,env_kousui_annual_amami,common:variable:water.cyanide,common:unit:mg_per_l,,fiscal_year,registry,[奄美: env_kousui_annual_kanagawa の行を source_id だけ差し替えて複製] 国立環境研究所 公共用水域水質測定「年間値」データファイル利用説明書（平成27年4月）健康項目カラム定義。docs/plans/PHASE_B_ALIAS_STAT_SOURCES.md §2.4: 全シアンは環境基準の評価が年間最高値（他の健康項目26種は年間平均値。kan_w.html）で他と異なる統計量の可能性が高い。ただし zip_create API の列がその集計と同一かを明記した資料は無いため、他項目と同じく stat は空のまま（推測で max を入れない）。,
pb,measurements,env_kousui_annual_amami,common:variable:water.lead,common:unit:mg_per_l,,fiscal_year,registry,[奄美: env_kousui_annual_kanagawa の行を source_id だけ差し替えて複製] 国立環境研究所 公共用水域水質測定「年間値」データファイル利用説明書（平成27年4月）健康項目カラム定義。docs/plans/PHASE_B_ALIAS_STAT_SOURCES.md §2.4: 環境基準の評価は全シアンを除き年間平均値（kan_w.html）。ただし zip_create API の列がこの評価用統計量と同一の集計かを明記した資料は無く、stat は空のまま（推測で埋めない）。,
cr6,measurements,env_kousui_annual_amami,common:variable:water.hexavalent_chromium,common:unit:mg_per_l,,fiscal_year,registry,[奄美: env_kousui_annual_kanagawa の行を source_id だけ差し替えて複製] 国立環境研究所 公共用水域水質測定「年間値」データファイル利用説明書（平成27年4月）健康項目カラム定義。docs/plans/PHASE_B_ALIAS_STAT_SOURCES.md §2.4: 環境基準の評価は全シアンを除き年間平均値（kan_w.html）。ただし zip_create API の列がこの評価用統計量と同一の集計かを明記した資料は無く、stat は空のまま（推測で埋めない）。,
ass,measurements,env_kousui_annual_amami,common:variable:water.arsenic,common:unit:mg_per_l,,fiscal_year,registry,[奄美: env_kousui_annual_kanagawa の行を source_id だけ差し替えて複製] 国立環境研究所 公共用水域水質測定「年間値」データファイル利用説明書（平成27年4月）健康項目カラム定義。docs/plans/PHASE_B_ALIAS_STAT_SOURCES.md §2.4: 環境基準の評価は全シアンを除き年間平均値（kan_w.html）。ただし zip_create API の列がこの評価用統計量と同一の集計かを明記した資料は無く、stat は空のまま（推測で埋めない）。,
thg,measurements,env_kousui_annual_amami,common:variable:water.total_mercury,common:unit:mg_per_l,,fiscal_year,registry,[奄美: env_kousui_annual_kanagawa の行を source_id だけ差し替えて複製] 国立環境研究所 公共用水域水質測定「年間値」データファイル利用説明書（平成27年4月）健康項目カラム定義。docs/plans/PHASE_B_ALIAS_STAT_SOURCES.md §2.4: 環境基準の評価は全シアンを除き年間平均値（kan_w.html）。ただし zip_create API の列がこの評価用統計量と同一の集計かを明記した資料は無く、stat は空のまま（推測で埋めない）。,
srhg,measurements,env_kousui_annual_amami,common:variable:water.alkyl_mercury,common:unit:mg_per_l,,fiscal_year,registry,[奄美: env_kousui_annual_kanagawa の行を source_id だけ差し替えて複製] 国立環境研究所 公共用水域水質測定「年間値」データファイル利用説明書（平成27年4月）健康項目カラム定義。docs/plans/PHASE_B_ALIAS_STAT_SOURCES.md §2.4: 環境基準の評価は全シアンを除き年間平均値（kan_w.html）。ただし zip_create API の列がこの評価用統計量と同一の集計かを明記した資料は無く、stat は空のまま（推測で埋めない）。,
pcb,measurements,env_kousui_annual_amami,common:variable:water.pcb,common:unit:mg_per_l,,fiscal_year,registry,[奄美: env_kousui_annual_kanagawa の行を source_id だけ差し替えて複製] 国立環境研究所 公共用水域水質測定「年間値」データファイル利用説明書（平成27年4月）健康項目カラム定義。docs/plans/PHASE_B_ALIAS_STAT_SOURCES.md §2.4: 環境基準の評価は全シアンを除き年間平均値（kan_w.html）。ただし zip_create API の列がこの評価用統計量と同一の集計かを明記した資料は無く、stat は空のまま（推測で埋めない）。,
jikurorometan,measurements,env_kousui_annual_amami,common:variable:water.dichloromethane,common:unit:mg_per_l,,fiscal_year,registry,[奄美: env_kousui_annual_kanagawa の行を source_id だけ差し替えて複製] 国立環境研究所 公共用水域水質測定「年間値」データファイル利用説明書（平成27年4月）健康項目カラム定義。docs/plans/PHASE_B_ALIAS_STAT_SOURCES.md §2.4: 環境基準の評価は全シアンを除き年間平均値（kan_w.html）。ただし zip_create API の列がこの評価用統計量と同一の集計かを明記した資料は無く、stat は空のまま（推測で埋めない）。,
sienkatanso,measurements,env_kousui_annual_amami,common:variable:water.carbon_tetrachloride,common:unit:mg_per_l,,fiscal_year,registry,[奄美: env_kousui_annual_kanagawa の行を source_id だけ差し替えて複製] 国立環境研究所 公共用水域水質測定「年間値」データファイル利用説明書（平成27年4月）健康項目カラム定義。docs/plans/PHASE_B_ALIAS_STAT_SOURCES.md §2.4: 環境基準の評価は全シアンを除き年間平均値（kan_w.html）。ただし zip_create API の列がこの評価用統計量と同一の集計かを明記した資料は無く、stat は空のまま（推測で埋めない）。,
jikuroroetan12,measurements,env_kousui_annual_amami,common:variable:water.12_dichloroethane,common:unit:mg_per_l,,fiscal_year,registry,[奄美: env_kousui_annual_kanagawa の行を source_id だけ差し替えて複製] 国立環境研究所 公共用水域水質測定「年間値」データファイル利用説明書（平成27年4月）健康項目カラム定義。docs/plans/PHASE_B_ALIAS_STAT_SOURCES.md §2.4: 環境基準の評価は全シアンを除き年間平均値（kan_w.html）。ただし zip_create API の列がこの評価用統計量と同一の集計かを明記した資料は無く、stat は空のまま（推測で埋めない）。,
jikuroroechiren11,measurements,env_kousui_annual_amami,common:variable:water.11_dichloroethylene,common:unit:mg_per_l,,fiscal_year,registry,[奄美: env_kousui_annual_kanagawa の行を source_id だけ差し替えて複製] 国立環境研究所 公共用水域水質測定「年間値」データファイル利用説明書（平成27年4月）健康項目カラム定義。docs/plans/PHASE_B_ALIAS_STAT_SOURCES.md §2.4: 環境基準の評価は全シアンを除き年間平均値（kan_w.html）。ただし zip_create API の列がこの評価用統計量と同一の集計かを明記した資料は無く、stat は空のまま（推測で埋めない）。,
s12jikuroroetiren,measurements,env_kousui_annual_amami,common:variable:water.cis12_dichloroethylene,common:unit:mg_per_l,,fiscal_year,registry,[奄美: env_kousui_annual_kanagawa の行を source_id だけ差し替えて複製] 国立環境研究所 公共用水域水質測定「年間値」データファイル利用説明書（平成27年4月）健康項目カラム定義。docs/plans/PHASE_B_ALIAS_STAT_SOURCES.md §2.4: 環境基準の評価は全シアンを除き年間平均値（kan_w.html）。ただし zip_create API の列がこの評価用統計量と同一の集計かを明記した資料は無く、stat は空のまま（推測で埋めない）。,
torikuroroetan111,measurements,env_kousui_annual_amami,common:variable:water.111_trichloroethane,common:unit:mg_per_l,,fiscal_year,registry,[奄美: env_kousui_annual_kanagawa の行を source_id だけ差し替えて複製] 国立環境研究所 公共用水域水質測定「年間値」データファイル利用説明書（平成27年4月）健康項目カラム定義。docs/plans/PHASE_B_ALIAS_STAT_SOURCES.md §2.4: 環境基準の評価は全シアンを除き年間平均値（kan_w.html）。ただし zip_create API の列がこの評価用統計量と同一の集計かを明記した資料は無く、stat は空のまま（推測で埋めない）。,
torikuroroetan112,measurements,env_kousui_annual_amami,common:variable:water.112_trichloroethane,common:unit:mg_per_l,,fiscal_year,registry,[奄美: env_kousui_annual_kanagawa の行を source_id だけ差し替えて複製] 国立環境研究所 公共用水域水質測定「年間値」データファイル利用説明書（平成27年4月）健康項目カラム定義。docs/plans/PHASE_B_ALIAS_STAT_SOURCES.md §2.4: 環境基準の評価は全シアンを除き年間平均値（kan_w.html）。ただし zip_create API の列がこの評価用統計量と同一の集計かを明記した資料は無く、stat は空のまま（推測で埋めない）。,
torikuroroechiren,measurements,env_kousui_annual_amami,common:variable:water.trichloroethylene,common:unit:mg_per_l,,fiscal_year,registry,[奄美: env_kousui_annual_kanagawa の行を source_id だけ差し替えて複製] 国立環境研究所 公共用水域水質測定「年間値」データファイル利用説明書（平成27年4月）健康項目カラム定義。docs/plans/PHASE_B_ALIAS_STAT_SOURCES.md §2.4: 環境基準の評価は全シアンを除き年間平均値（kan_w.html）。ただし zip_create API の列がこの評価用統計量と同一の集計かを明記した資料は無く、stat は空のまま（推測で埋めない）。,
tetorakuroroechiren,measurements,env_kousui_annual_amami,common:variable:water.tetrachloroethylene,common:unit:mg_per_l,,fiscal_year,registry,[奄美: env_kousui_annual_kanagawa の行を source_id だけ差し替えて複製] 国立環境研究所 公共用水域水質測定「年間値」データファイル利用説明書（平成27年4月）健康項目カラム定義。docs/plans/PHASE_B_ALIAS_STAT_SOURCES.md §2.4: 環境基準の評価は全シアンを除き年間平均値（kan_w.html）。ただし zip_create API の列がこの評価用統計量と同一の集計かを明記した資料は無く、stat は空のまま（推測で埋めない）。,
jikuroropuropen13,measurements,env_kousui_annual_amami,common:variable:water.13_dichloropropene,common:unit:mg_per_l,,fiscal_year,registry,[奄美: env_kousui_annual_kanagawa の行を source_id だけ差し替えて複製] 国立環境研究所 公共用水域水質測定「年間値」データファイル利用説明書（平成27年4月）健康項目カラム定義。docs/plans/PHASE_B_ALIAS_STAT_SOURCES.md §2.4: 環境基準の評価は全シアンを除き年間平均値（kan_w.html）。ただし zip_create API の列がこの評価用統計量と同一の集計かを明記した資料は無く、stat は空のまま（推測で埋めない）。,
chiraumu,measurements,env_kousui_annual_amami,common:variable:water.thiuram,common:unit:mg_per_l,,fiscal_year,registry,[奄美: env_kousui_annual_kanagawa の行を source_id だけ差し替えて複製] 国立環境研究所 公共用水域水質測定「年間値」データファイル利用説明書（平成27年4月）健康項目カラム定義。docs/plans/PHASE_B_ALIAS_STAT_SOURCES.md §2.4: 環境基準の評価は全シアンを除き年間平均値（kan_w.html）。ただし zip_create API の列がこの評価用統計量と同一の集計かを明記した資料は無く、stat は空のまま（推測で埋めない）。,
shimajin,measurements,env_kousui_annual_amami,common:variable:water.simazine,common:unit:mg_per_l,,fiscal_year,registry,[奄美: env_kousui_annual_kanagawa の行を source_id だけ差し替えて複製] 国立環境研究所 公共用水域水質測定「年間値」データファイル利用説明書（平成27年4月）健康項目カラム定義。docs/plans/PHASE_B_ALIAS_STAT_SOURCES.md §2.4: 環境基準の評価は全シアンを除き年間平均値（kan_w.html）。ただし zip_create API の列がこの評価用統計量と同一の集計かを明記した資料は無く、stat は空のまま（推測で埋めない）。,
chiobenkarubu,measurements,env_kousui_annual_amami,common:variable:water.thiobencarb,common:unit:mg_per_l,,fiscal_year,registry,[奄美: env_kousui_annual_kanagawa の行を source_id だけ差し替えて複製] 国立環境研究所 公共用水域水質測定「年間値」データファイル利用説明書（平成27年4月）健康項目カラム定義。docs/plans/PHASE_B_ALIAS_STAT_SOURCES.md §2.4: 環境基準の評価は全シアンを除き年間平均値（kan_w.html）。ただし zip_create API の列がこの評価用統計量と同一の集計かを明記した資料は無く、stat は空のまま（推測で埋めない）。,
benzen,measurements,env_kousui_annual_amami,common:variable:water.benzene,common:unit:mg_per_l,,fiscal_year,registry,[奄美: env_kousui_annual_kanagawa の行を source_id だけ差し替えて複製] 国立環境研究所 公共用水域水質測定「年間値」データファイル利用説明書（平成27年4月）健康項目カラム定義。docs/plans/PHASE_B_ALIAS_STAT_SOURCES.md §2.4: 環境基準の評価は全シアンを除き年間平均値（kan_w.html）。ただし zip_create API の列がこの評価用統計量と同一の集計かを明記した資料は無く、stat は空のまま（推測で埋めない）。,
seren,measurements,env_kousui_annual_amami,common:variable:water.selenium,common:unit:mg_per_l,,fiscal_year,registry,[奄美: env_kousui_annual_kanagawa の行を source_id だけ差し替えて複製] 国立環境研究所 公共用水域水質測定「年間値」データファイル利用説明書（平成27年4月）健康項目カラム定義。docs/plans/PHASE_B_ALIAS_STAT_SOURCES.md §2.4: 環境基準の評価は全シアンを除き年間平均値（kan_w.html）。ただし zip_create API の列がこの評価用統計量と同一の集計かを明記した資料は無く、stat は空のまま（推測で埋めない）。,
nno3,measurements,env_kousui_annual_amami,common:variable:water.nitrate_nitrite_n,common:unit:mg_per_l,,fiscal_year,registry,[奄美: env_kousui_annual_kanagawa の行を source_id だけ差し替えて複製] 国立環境研究所 公共用水域水質測定「年間値」データファイル利用説明書（平成27年4月）健康項目カラム定義。docs/plans/PHASE_B_ALIAS_STAT_SOURCES.md §2.4: 環境基準の評価は全シアンを除き年間平均値（kan_w.html）。ただし zip_create API の列がこの評価用統計量と同一の集計かを明記した資料は無く、stat は空のまま（推測で埋めない）。,
f,measurements,env_kousui_annual_amami,common:variable:water.fluorine,common:unit:mg_per_l,,fiscal_year,registry,[奄美: env_kousui_annual_kanagawa の行を source_id だけ差し替えて複製] 国立環境研究所 公共用水域水質測定「年間値」データファイル利用説明書（平成27年4月）健康項目カラム定義。docs/plans/PHASE_B_ALIAS_STAT_SOURCES.md §2.4: 環境基準の評価は全シアンを除き年間平均値（kan_w.html）。ただし zip_create API の列がこの評価用統計量と同一の集計かを明記した資料は無く、stat は空のまま（推測で埋めない）。,
b,measurements,env_kousui_annual_amami,common:variable:water.boron,common:unit:mg_per_l,,fiscal_year,registry,[奄美: env_kousui_annual_kanagawa の行を source_id だけ差し替えて複製] 国立環境研究所 公共用水域水質測定「年間値」データファイル利用説明書（平成27年4月）健康項目カラム定義。docs/plans/PHASE_B_ALIAS_STAT_SOURCES.md §2.4: 環境基準の評価は全シアンを除き年間平均値（kan_w.html）。ただし zip_create API の列がこの評価用統計量と同一の集計かを明記した資料は無く、stat は空のまま（推測で埋めない）。,
n14jiokisan,measurements,env_kousui_annual_amami,common:variable:water.14_dioxane,common:unit:mg_per_l,,fiscal_year,registry,[奄美: env_kousui_annual_kanagawa の行を source_id だけ差し替えて複製] 国立環境研究所 公共用水域水質測定「年間値」データファイル利用説明書（平成27年4月）健康項目カラム定義。docs/plans/PHASE_B_ALIAS_STAT_SOURCES.md §2.4: 環境基準の評価は全シアンを除き年間平均値（kan_w.html）。ただし zip_create API の列がこの評価用統計量と同一の集計かを明記した資料は無く、stat は空のまま（推測で埋めない）。,
流量関連（公式定義未確認のため原表記のまま）,measurements,env_kousui_sample_amami,common:variable:hydro.flow,common:unit:m3_per_s,point,day,registry,[奄美: env_kousui_sample_kanagawa の行を source_id だけ差し替えて複製] 原本の収集スクリプト(scripts/c12_env_kousui.py)が公式定義を確認できず未確定のまま出力している。docs/plans/PHASE_B_ALIAS_STAT_SOURCES.md §3.3 の一次資料調査で公式定義（流量、単位 m3/s、MK_manu.pdf 一般項目ファイル項目19=090700）が判明し、registry/variable.yaml の name_ja/unit_id/description_ja/status に反映済み（本PRで対応）。docs/plans/PHASE_B_ALIAS_STAT_SOURCES.md §3.1-3.2: レコードID定義よりレコード=1回の採水・分析（stat=point）と確定。ただし調査区分コード5/6（水質自動モニターの日間平均値）が同じレコード形式で混在しうる仕様だが、区別する列（調査区分コード）がダウンロードした実データに無く、行ごとに見分けられない。,
NO2(ppm),sensor_timeseries,soramame_hourly_amami,common:variable:air.no2,common:unit:ppm,,hour,source,[奄美: soramame_hourly_kanagawa の行を source_id だけ差し替えて複製],
SO2(ppm),sensor_timeseries,soramame_hourly_amami,common:variable:air.so2,common:unit:ppm,,hour,source,[奄美: soramame_hourly_kanagawa の行を source_id だけ差し替えて複製],
Ox(ppm),sensor_timeseries,soramame_hourly_amami,common:variable:air.photochemical_oxidant,common:unit:ppm,,hour,source,[奄美: soramame_hourly_kanagawa の行を source_id だけ差し替えて複製],
SPM(mg/m3),sensor_timeseries,soramame_hourly_amami,common:variable:air.spm,common:unit:mg_per_m3,,hour,source,[奄美: soramame_hourly_kanagawa の行を source_id だけ差し替えて複製],
PM2.5(μg/m3),sensor_timeseries,soramame_hourly_amami,common:variable:air.pm25,common:unit:ug_per_m3,,hour,source,[奄美: soramame_hourly_kanagawa の行を source_id だけ差し替えて複製],
気温_平均,sensor_timeseries,jma_daily_nase,common:variable:weather.air_temp,common:unit:degc,mean,day,source,[奄美: jma_daily_yokohama の行を source_id だけ差し替えて複製],
気温_平均_日平均,sensor_timeseries,jma_monthly_amami,common:variable:weather.air_temp,common:unit:degc,mean,month,source,[奄美: jma_monthly_kanagawa の行を source_id だけ差し替えて複製],
気温_平均_日最低,sensor_timeseries,jma_monthly_amami,common:variable:weather.air_temp,common:unit:degc,mean_of_daily_min,month,source,[奄美: jma_monthly_kanagawa の行を source_id だけ差し替えて複製],
気温_平均_日最高,sensor_timeseries,jma_monthly_amami,common:variable:weather.air_temp,common:unit:degc,mean_of_daily_max,month,source,[奄美: jma_monthly_kanagawa の行を source_id だけ差し替えて複製],
気温_最低,sensor_timeseries,jma_daily_nase,common:variable:weather.air_temp,common:unit:degc,min,day,source,[奄美: jma_daily_yokohama の行を source_id だけ差し替えて複製],
気温_最低,sensor_timeseries,jma_monthly_amami,common:variable:weather.air_temp,common:unit:degc,min,month,source,[奄美: jma_monthly_kanagawa の行を source_id だけ差し替えて複製],
気温_最高,sensor_timeseries,jma_daily_nase,common:variable:weather.air_temp,common:unit:degc,max,day,source,[奄美: jma_daily_yokohama の行を source_id だけ差し替えて複製],
気温_最高,sensor_timeseries,jma_monthly_amami,common:variable:weather.air_temp,common:unit:degc,max,month,source,[奄美: jma_monthly_kanagawa の行を source_id だけ差し替えて複製],
降水量_合計,sensor_timeseries,jma_daily_nase,common:variable:weather.precipitation,common:unit:mm,sum,day,source,[奄美: jma_daily_yokohama の行を source_id だけ差し替えて複製],
降水量_合計,sensor_timeseries,jma_monthly_amami,common:variable:weather.precipitation,common:unit:mm,sum,month,source,[奄美: jma_monthly_kanagawa の行を source_id だけ差し替えて複製],
降水量_最大_10分間,sensor_timeseries,jma_daily_nase,common:variable:weather.precipitation,common:unit:mm,max_10min,day,source,[奄美: jma_daily_yokohama の行を source_id だけ差し替えて複製],
降水量_最大_10分間,sensor_timeseries,jma_monthly_amami,common:variable:weather.precipitation,common:unit:mm,max_10min,month,source,[奄美: jma_monthly_kanagawa の行を source_id だけ差し替えて複製],
降水量_最大_1時間,sensor_timeseries,jma_daily_nase,common:variable:weather.precipitation,common:unit:mm,max_1h,day,source,[奄美: jma_daily_yokohama の行を source_id だけ差し替えて複製],
降水量_最大_1時間,sensor_timeseries,jma_monthly_amami,common:variable:weather.precipitation,common:unit:mm,max_1h,month,source,[奄美: jma_monthly_kanagawa の行を source_id だけ差し替えて複製],
降水量_最大_日,sensor_timeseries,jma_monthly_amami,common:variable:weather.precipitation,common:unit:mm,max_daily,month,source,[奄美: jma_monthly_kanagawa の行を source_id だけ差し替えて複製],
湿度_平均,sensor_timeseries,jma_daily_nase,common:variable:weather.humidity,common:unit:percent,mean,day,source,[奄美: jma_daily_yokohama の行を source_id だけ差し替えて複製],
湿度_平均,sensor_timeseries,jma_monthly_amami,common:variable:weather.humidity,common:unit:percent,mean,month,source,[奄美: jma_monthly_kanagawa の行を source_id だけ差し替えて複製] docs/plans/PHASE_B_ALIAS_STAT_SOURCES.md §5.3: 月別値は日別値の平均の平均（全時刻観測の平均ではない）ことを2024年横浜のデータで数値照合済み。,
湿度_最小,sensor_timeseries,jma_daily_nase,common:variable:weather.humidity,common:unit:percent,min,day,source,[奄美: jma_daily_yokohama の行を source_id だけ差し替えて複製],
湿度_最小,sensor_timeseries,jma_monthly_amami,common:variable:weather.humidity,common:unit:percent,min,month,source,[奄美: jma_monthly_kanagawa の行を source_id だけ差し替えて複製],
気圧_現地_平均,sensor_timeseries,jma_daily_nase,common:variable:weather.pressure_station,common:unit:hpa,mean,day,source,[奄美: jma_daily_yokohama の行を source_id だけ差し替えて複製],
気圧_現地_平均,sensor_timeseries,jma_monthly_amami,common:variable:weather.pressure_station,common:unit:hpa,mean,month,source,[奄美: jma_monthly_kanagawa の行を source_id だけ差し替えて複製] docs/plans/PHASE_B_ALIAS_STAT_SOURCES.md §5.3: 月別値は日別値の平均の平均（全時刻観測の平均ではない）ことを2024年横浜のデータで数値照合済み。,
気圧_海面_平均,sensor_timeseries,jma_daily_nase,common:variable:weather.pressure_sea_level,common:unit:hpa,mean,day,source,[奄美: jma_daily_yokohama の行を source_id だけ差し替えて複製],
気圧_海面_平均,sensor_timeseries,jma_monthly_amami,common:variable:weather.pressure_sea_level,common:unit:hpa,mean,month,source,[奄美: jma_monthly_kanagawa の行を source_id だけ差し替えて複製] docs/plans/PHASE_B_ALIAS_STAT_SOURCES.md §5.3: 月別値は日別値の平均の平均（全時刻観測の平均ではない）ことを2024年横浜のデータで数値照合済み。,
日照 時間,sensor_timeseries,jma_daily_nase,common:variable:weather.sunshine_duration,common:unit:h,sum,day,source,[奄美: jma_daily_yokohama の行を source_id だけ差し替えて複製],
日照 時間,sensor_timeseries,jma_monthly_amami,common:variable:weather.sunshine_duration,common:unit:h,sum,month,source,[奄美: jma_monthly_kanagawa の行を source_id だけ差し替えて複製],
風向・風速_平均 風速,sensor_timeseries,jma_daily_nase,common:variable:weather.wind_speed_mean,common:unit:m_per_s,mean,day,source,[奄美: jma_daily_yokohama の行を source_id だけ差し替えて複製],
風向・風速_平均 風速,sensor_timeseries,jma_monthly_amami,common:variable:weather.wind_speed_mean,common:unit:m_per_s,mean,month,source,[奄美: jma_monthly_kanagawa の行を source_id だけ差し替えて複製] docs/plans/PHASE_B_ALIAS_STAT_SOURCES.md §5.3: 月別値は日別値の平均の平均（全時刻観測の平均ではない）ことを2024年横浜のデータで数値照合済み。,
風向・風速_最大風速_風速,sensor_timeseries,jma_daily_nase,common:variable:weather.wind_speed_max,common:unit:m_per_s,max,day,source,[奄美: jma_daily_yokohama の行を source_id だけ差し替えて複製],
風向・風速_最大風速_風速,sensor_timeseries,jma_monthly_amami,common:variable:weather.wind_speed_max,common:unit:m_per_s,max,month,source,[奄美: jma_monthly_kanagawa の行を source_id だけ差し替えて複製],
風向・風速_最大風速_風向,sensor_timeseries,jma_daily_nase,common:variable:weather.wind_direction_at_max,,,day,,[奄美: jma_daily_yokohama の行を source_id だけ差し替えて複製],
風向・風速_最大風速_風向,sensor_timeseries,jma_monthly_amami,common:variable:weather.wind_direction_at_max,,,month,,[奄美: jma_monthly_kanagawa の行を source_id だけ差し替えて複製],
風向・風速_最大瞬間風速_風速,sensor_timeseries,jma_daily_nase,common:variable:weather.wind_gust_max,common:unit:m_per_s,max,day,source,[奄美: jma_daily_yokohama の行を source_id だけ差し替えて複製],
風向・風速_最大瞬間風速_風速,sensor_timeseries,jma_monthly_amami,common:variable:weather.wind_gust_max,common:unit:m_per_s,max,month,source,[奄美: jma_monthly_kanagawa の行を source_id だけ差し替えて複製],
風向・風速_最大瞬間風速_風向,sensor_timeseries,jma_daily_nase,common:variable:weather.wind_direction_at_gust,,,day,,[奄美: jma_daily_yokohama の行を source_id だけ差し替えて複製],
風向・風速_最大瞬間風速_風向,sensor_timeseries,jma_monthly_amami,common:variable:weather.wind_direction_at_gust,,,month,,[奄美: jma_monthly_kanagawa の行を source_id だけ差し替えて複製],
雪_最深 積雪,sensor_timeseries,jma_monthly_amami,common:variable:weather.snow_depth_max,common:unit:cm,max,month,source,[奄美: jma_monthly_kanagawa の行を source_id だけ差し替えて複製] scripts/c10_jma.py の VARMAP で「雪_最深積雪」「雪_最深積雪_値」と同一 variable_en(snow_depth_max) に統合済み,
雪_最深積雪,sensor_timeseries,jma_monthly_amami,common:variable:weather.snow_depth_max,common:unit:cm,max,month,source,[奄美: jma_monthly_kanagawa の行を source_id だけ差し替えて複製],
雪_最深積雪_値,sensor_timeseries,jma_daily_nase,common:variable:weather.snow_depth_max,common:unit:cm,max,day,source,[奄美: jma_daily_yokohama の行を source_id だけ差し替えて複製],
雪_降雪_合計,sensor_timeseries,jma_daily_nase,common:variable:weather.snowfall_depth_total,common:unit:cm,sum,day,source,[奄美: jma_daily_yokohama の行を source_id だけ差し替えて複製] scripts/c10_jma.py の VARMAP で「雪_降雪の深さ_合計」と同一 variable_en(snowfall_depth_total) に統合済み,
雪_降雪_合計,sensor_timeseries,jma_monthly_amami,common:variable:weather.snowfall_depth_total,common:unit:cm,sum,month,source,[奄美: jma_monthly_kanagawa の行を source_id だけ差し替えて複製] scripts/c10_jma.py の VARMAP で「雪_降雪の深さ_合計」と同一 variable_en(snowfall_depth_total) に統合済み,
雪_降雪の深さ_合計,sensor_timeseries,jma_monthly_amami,common:variable:weather.snowfall_depth_total,common:unit:cm,sum,month,source,[奄美: jma_monthly_kanagawa の行を source_id だけ差し替えて複製],
雪_降雪_日合計の最大,sensor_timeseries,jma_monthly_amami,common:variable:weather.snowfall_depth_max_daily,common:unit:cm,max_daily,month,source,[奄美: jma_monthly_kanagawa の行を source_id だけ差し替えて複製] scripts/c10_jma.py の VARMAP で「雪_降雪の深さ_日合計の最大」と同一 variable_en(snowfall_depth_max_daily) に統合済み,
雪_降雪の深さ_日合計の最大,sensor_timeseries,jma_monthly_amami,common:variable:weather.snowfall_depth_max_daily,common:unit:cm,max_daily,month,source,[奄美: jma_monthly_kanagawa の行を source_id だけ差し替えて複製],
雲量_平均,sensor_timeseries,jma_monthly_amami,common:variable:weather.cloud_cover_mean,common:unit:tenths,mean,month,source,[奄美: jma_monthly_kanagawa の行を source_id だけ差し替えて複製],
大気現象_雪日数,sensor_timeseries,jma_monthly_amami,common:variable:weather.days_with_snow,common:unit:days,sum,month,source,[奄美: jma_monthly_kanagawa の行を source_id だけ差し替えて複製],
大気現象_霧日数,sensor_timeseries,jma_monthly_amami,common:variable:weather.days_with_fog,common:unit:days,sum,month,source,[奄美: jma_monthly_kanagawa の行を source_id だけ差し替えて複製],
大気現象_雷日数,sensor_timeseries,jma_monthly_amami,common:variable:weather.days_with_thunder,common:unit:days,sum,month,source,[奄美: jma_monthly_kanagawa の行を source_id だけ差し替えて複製],
天気概況_昼 (06:00-18:00),sensor_timeseries,jma_daily_nase,common:variable:weather.weather_summary_day,,,day,,[奄美: jma_daily_yokohama の行を source_id だけ差し替えて複製],
天気概況_夜 (18:00-翌日06:00),sensor_timeseries,jma_daily_nase,common:variable:weather.weather_summary_night,,,day,,[奄美: jma_daily_yokohama の行を source_id だけ差し替えて複製],
1:area_km2,nlni_l03b_landuse_by_watershed,nlni_l03b_landuse_by_watershed_amami,common:variable:landuse.paddy,common:unit:km2,sum,year,registry,[奄美: nlni_l03b_landuse_by_watershed の行を source_id だけ差し替えて複製] P-1b（docs/plans/PHASE_B_LANDUSE.md §2/§3参照）。,2006
1:n_cells,nlni_l03b_landuse_by_watershed,nlni_l03b_landuse_by_watershed_amami,common:variable:landuse.paddy_n_cells,common:unit:count,sum,year,registry,[奄美: nlni_l03b_landuse_by_watershed の行を source_id だけ差し替えて複製] P-1b（docs/plans/PHASE_B_LANDUSE.md §2/§3参照）。,2006
0100:area_km2,nlni_l03b_landuse_by_watershed,nlni_l03b_landuse_by_watershed_amami,common:variable:landuse.paddy,common:unit:km2,sum,year,registry,[奄美: nlni_l03b_landuse_by_watershed の行を source_id だけ差し替えて複製] P-1b（docs/plans/PHASE_B_LANDUSE.md §2/§3参照）。,2016
0100:n_cells,nlni_l03b_landuse_by_watershed,nlni_l03b_landuse_by_watershed_amami,common:variable:landuse.paddy_n_cells,common:unit:count,sum,year,registry,[奄美: nlni_l03b_landuse_by_watershed の行を source_id だけ差し替えて複製] P-1b（docs/plans/PHASE_B_LANDUSE.md §2/§3参照）。,2016
2:area_km2,nlni_l03b_landuse_by_watershed,nlni_l03b_landuse_by_watershed_amami,common:variable:landuse.other_agricultural_land,common:unit:km2,sum,year,registry,[奄美: nlni_l03b_landuse_by_watershed の行を source_id だけ差し替えて複製] P-1b（docs/plans/PHASE_B_LANDUSE.md §2/§3参照）。,2006
2:n_cells,nlni_l03b_landuse_by_watershed,nlni_l03b_landuse_by_watershed_amami,common:variable:landuse.other_agricultural_land_n_cells,common:unit:count,sum,year,registry,[奄美: nlni_l03b_landuse_by_watershed の行を source_id だけ差し替えて複製] P-1b（docs/plans/PHASE_B_LANDUSE.md §2/§3参照）。,2006
0200:area_km2,nlni_l03b_landuse_by_watershed,nlni_l03b_landuse_by_watershed_amami,common:variable:landuse.other_agricultural_land,common:unit:km2,sum,year,registry,[奄美: nlni_l03b_landuse_by_watershed の行を source_id だけ差し替えて複製] P-1b（docs/plans/PHASE_B_LANDUSE.md §2/§3参照）。,2016
0200:n_cells,nlni_l03b_landuse_by_watershed,nlni_l03b_landuse_by_watershed_amami,common:variable:landuse.other_agricultural_land_n_cells,common:unit:count,sum,year,registry,[奄美: nlni_l03b_landuse_by_watershed の行を source_id だけ差し替えて複製] P-1b（docs/plans/PHASE_B_LANDUSE.md §2/§3参照）。,2016
5:area_km2,nlni_l03b_landuse_by_watershed,nlni_l03b_landuse_by_watershed_amami,common:variable:landuse.forest,common:unit:km2,sum,year,registry,[奄美: nlni_l03b_landuse_by_watershed の行を source_id だけ差し替えて複製] P-1b（docs/plans/PHASE_B_LANDUSE.md §2/§3参照）。,2006
5:n_cells,nlni_l03b_landuse_by_watershed,nlni_l03b_landuse_by_watershed_amami,common:variable:landuse.forest_n_cells,common:unit:count,sum,year,registry,[奄美: nlni_l03b_landuse_by_watershed の行を source_id だけ差し替えて複製] P-1b（docs/plans/PHASE_B_LANDUSE.md §2/§3参照）。,2006
0500:area_km2,nlni_l03b_landuse_by_watershed,nlni_l03b_landuse_by_watershed_amami,common:variable:landuse.forest,common:unit:km2,sum,year,registry,[奄美: nlni_l03b_landuse_by_watershed の行を source_id だけ差し替えて複製] P-1b（docs/plans/PHASE_B_LANDUSE.md §2/§3参照）。,2016
0500:n_cells,nlni_l03b_landuse_by_watershed,nlni_l03b_landuse_by_watershed_amami,common:variable:landuse.forest_n_cells,common:unit:count,sum,year,registry,[奄美: nlni_l03b_landuse_by_watershed の行を source_id だけ差し替えて複製] P-1b（docs/plans/PHASE_B_LANDUSE.md §2/§3参照）。,2016
6:area_km2,nlni_l03b_landuse_by_watershed,nlni_l03b_landuse_by_watershed_amami,common:variable:landuse.wasteland,common:unit:km2,sum,year,registry,[奄美: nlni_l03b_landuse_by_watershed の行を source_id だけ差し替えて複製] P-1b（docs/plans/PHASE_B_LANDUSE.md §2/§3参照）。,2006
6:n_cells,nlni_l03b_landuse_by_watershed,nlni_l03b_landuse_by_watershed_amami,common:variable:landuse.wasteland_n_cells,common:unit:count,sum,year,registry,[奄美: nlni_l03b_landuse_by_watershed の行を source_id だけ差し替えて複製] P-1b（docs/plans/PHASE_B_LANDUSE.md §2/§3参照）。,2006
0600:area_km2,nlni_l03b_landuse_by_watershed,nlni_l03b_landuse_by_watershed_amami,common:variable:landuse.wasteland,common:unit:km2,sum,year,registry,[奄美: nlni_l03b_landuse_by_watershed の行を source_id だけ差し替えて複製] P-1b（docs/plans/PHASE_B_LANDUSE.md §2/§3参照）。,2016
0600:n_cells,nlni_l03b_landuse_by_watershed,nlni_l03b_landuse_by_watershed_amami,common:variable:landuse.wasteland_n_cells,common:unit:count,sum,year,registry,[奄美: nlni_l03b_landuse_by_watershed の行を source_id だけ差し替えて複製] P-1b（docs/plans/PHASE_B_LANDUSE.md §2/§3参照）。,2016
7:area_km2,nlni_l03b_landuse_by_watershed,nlni_l03b_landuse_by_watershed_amami,common:variable:landuse.building_land,common:unit:km2,sum,year,registry,[奄美: nlni_l03b_landuse_by_watershed の行を source_id だけ差し替えて複製] P-1b（docs/plans/PHASE_B_LANDUSE.md §2/§3参照）。,2006
7:n_cells,nlni_l03b_landuse_by_watershed,nlni_l03b_landuse_by_watershed_amami,common:variable:landuse.building_land_n_cells,common:unit:count,sum,year,registry,[奄美: nlni_l03b_landuse_by_watershed の行を source_id だけ差し替えて複製] P-1b（docs/plans/PHASE_B_LANDUSE.md §2/§3参照）。,2006
0700:area_km2,nlni_l03b_landuse_by_watershed,nlni_l03b_landuse_by_watershed_amami,common:variable:landuse.building_land,common:unit:km2,sum,year,registry,[奄美: nlni_l03b_landuse_by_watershed の行を source_id だけ差し替えて複製] P-1b（docs/plans/PHASE_B_LANDUSE.md §2/§3参照）。,2016
0700:n_cells,nlni_l03b_landuse_by_watershed,nlni_l03b_landuse_by_watershed_amami,common:variable:landuse.building_land_n_cells,common:unit:count,sum,year,registry,[奄美: nlni_l03b_landuse_by_watershed の行を source_id だけ差し替えて複製] P-1b（docs/plans/PHASE_B_LANDUSE.md §2/§3参照）。,2016
9:area_km2,nlni_l03b_landuse_by_watershed,nlni_l03b_landuse_by_watershed_amami,common:variable:landuse.arterial_transport_land,common:unit:km2,sum,year,registry,[奄美: nlni_l03b_landuse_by_watershed の行を source_id だけ差し替えて複製] P-1b（docs/plans/PHASE_B_LANDUSE.md §2/§3参照）。,2006
9:n_cells,nlni_l03b_landuse_by_watershed,nlni_l03b_landuse_by_watershed_amami,common:variable:landuse.arterial_transport_land_n_cells,common:unit:count,sum,year,registry,[奄美: nlni_l03b_landuse_by_watershed の行を source_id だけ差し替えて複製] P-1b（docs/plans/PHASE_B_LANDUSE.md §2/§3参照）。,2006
0901:area_km2,nlni_l03b_landuse_by_watershed,nlni_l03b_landuse_by_watershed_amami,common:variable:landuse.road,common:unit:km2,sum,year,registry,[奄美: nlni_l03b_landuse_by_watershed の行を source_id だけ差し替えて複製] P-1b（docs/plans/PHASE_B_LANDUSE.md §2/§3参照）。,2016
0901:n_cells,nlni_l03b_landuse_by_watershed,nlni_l03b_landuse_by_watershed_amami,common:variable:landuse.road_n_cells,common:unit:count,sum,year,registry,[奄美: nlni_l03b_landuse_by_watershed の行を source_id だけ差し替えて複製] P-1b（docs/plans/PHASE_B_LANDUSE.md §2/§3参照）。,2016
0902:area_km2,nlni_l03b_landuse_by_watershed,nlni_l03b_landuse_by_watershed_amami,common:variable:landuse.railway,common:unit:km2,sum,year,registry,[奄美: nlni_l03b_landuse_by_watershed の行を source_id だけ差し替えて複製] P-1b（docs/plans/PHASE_B_LANDUSE.md §2/§3参照）。,2016
0902:n_cells,nlni_l03b_landuse_by_watershed,nlni_l03b_landuse_by_watershed_amami,common:variable:landuse.railway_n_cells,common:unit:count,sum,year,registry,[奄美: nlni_l03b_landuse_by_watershed の行を source_id だけ差し替えて複製] P-1b（docs/plans/PHASE_B_LANDUSE.md §2/§3参照）。,2016
A:area_km2,nlni_l03b_landuse_by_watershed,nlni_l03b_landuse_by_watershed_amami,common:variable:landuse.other_land,common:unit:km2,sum,year,registry,[奄美: nlni_l03b_landuse_by_watershed の行を source_id だけ差し替えて複製] P-1b（docs/plans/PHASE_B_LANDUSE.md §2/§3参照）。,2006
A:n_cells,nlni_l03b_landuse_by_watershed,nlni_l03b_landuse_by_watershed_amami,common:variable:landuse.other_land_n_cells,common:unit:count,sum,year,registry,[奄美: nlni_l03b_landuse_by_watershed の行を source_id だけ差し替えて複製] P-1b（docs/plans/PHASE_B_LANDUSE.md §2/§3参照）。,2006
1000:area_km2,nlni_l03b_landuse_by_watershed,nlni_l03b_landuse_by_watershed_amami,common:variable:landuse.other_land,common:unit:km2,sum,year,registry,[奄美: nlni_l03b_landuse_by_watershed の行を source_id だけ差し替えて複製] P-1b（docs/plans/PHASE_B_LANDUSE.md §2/§3参照）。,2016
1000:n_cells,nlni_l03b_landuse_by_watershed,nlni_l03b_landuse_by_watershed_amami,common:variable:landuse.other_land_n_cells,common:unit:count,sum,year,registry,[奄美: nlni_l03b_landuse_by_watershed の行を source_id だけ差し替えて複製] P-1b（docs/plans/PHASE_B_LANDUSE.md §2/§3参照）。,2016
B:area_km2,nlni_l03b_landuse_by_watershed,nlni_l03b_landuse_by_watershed_amami,common:variable:landuse.river_and_lake,common:unit:km2,sum,year,registry,[奄美: nlni_l03b_landuse_by_watershed の行を source_id だけ差し替えて複製] P-1b（docs/plans/PHASE_B_LANDUSE.md §2/§3参照）。,2006
B:n_cells,nlni_l03b_landuse_by_watershed,nlni_l03b_landuse_by_watershed_amami,common:variable:landuse.river_and_lake_n_cells,common:unit:count,sum,year,registry,[奄美: nlni_l03b_landuse_by_watershed の行を source_id だけ差し替えて複製] P-1b（docs/plans/PHASE_B_LANDUSE.md §2/§3参照）。,2006
1100:area_km2,nlni_l03b_landuse_by_watershed,nlni_l03b_landuse_by_watershed_amami,common:variable:landuse.river_and_lake,common:unit:km2,sum,year,registry,[奄美: nlni_l03b_landuse_by_watershed の行を source_id だけ差し替えて複製] P-1b（docs/plans/PHASE_B_LANDUSE.md §2/§3参照）。,2016
1100:n_cells,nlni_l03b_landuse_by_watershed,nlni_l03b_landuse_by_watershed_amami,common:variable:landuse.river_and_lake_n_cells,common:unit:count,sum,year,registry,[奄美: nlni_l03b_landuse_by_watershed の行を source_id だけ差し替えて複製] P-1b（docs/plans/PHASE_B_LANDUSE.md §2/§3参照）。,2016
E:area_km2,nlni_l03b_landuse_by_watershed,nlni_l03b_landuse_by_watershed_amami,common:variable:landuse.beach,common:unit:km2,sum,year,registry,[奄美: nlni_l03b_landuse_by_watershed の行を source_id だけ差し替えて複製] P-1b（docs/plans/PHASE_B_LANDUSE.md §2/§3参照）。,2006
E:n_cells,nlni_l03b_landuse_by_watershed,nlni_l03b_landuse_by_watershed_amami,common:variable:landuse.beach_n_cells,common:unit:count,sum,year,registry,[奄美: nlni_l03b_landuse_by_watershed の行を source_id だけ差し替えて複製] P-1b（docs/plans/PHASE_B_LANDUSE.md §2/§3参照）。,2006
1400:area_km2,nlni_l03b_landuse_by_watershed,nlni_l03b_landuse_by_watershed_amami,common:variable:landuse.beach,common:unit:km2,sum,year,registry,[奄美: nlni_l03b_landuse_by_watershed の行を source_id だけ差し替えて複製] P-1b（docs/plans/PHASE_B_LANDUSE.md §2/§3参照）。,2016
1400:n_cells,nlni_l03b_landuse_by_watershed,nlni_l03b_landuse_by_watershed_amami,common:variable:landuse.beach_n_cells,common:unit:count,sum,year,registry,[奄美: nlni_l03b_landuse_by_watershed の行を source_id だけ差し替えて複製] P-1b（docs/plans/PHASE_B_LANDUSE.md §2/§3参照）。,2016
F:area_km2,nlni_l03b_landuse_by_watershed,nlni_l03b_landuse_by_watershed_amami,common:variable:landuse.sea_water,common:unit:km2,sum,year,registry,[奄美: nlni_l03b_landuse_by_watershed の行を source_id だけ差し替えて複製] P-1b（docs/plans/PHASE_B_LANDUSE.md §2/§3参照）。,2006
F:n_cells,nlni_l03b_landuse_by_watershed,nlni_l03b_landuse_by_watershed_amami,common:variable:landuse.sea_water_n_cells,common:unit:count,sum,year,registry,[奄美: nlni_l03b_landuse_by_watershed の行を source_id だけ差し替えて複製] P-1b（docs/plans/PHASE_B_LANDUSE.md §2/§3参照）。,2006
1500:area_km2,nlni_l03b_landuse_by_watershed,nlni_l03b_landuse_by_watershed_amami,common:variable:landuse.sea_water,common:unit:km2,sum,year,registry,[奄美: nlni_l03b_landuse_by_watershed の行を source_id だけ差し替えて複製] P-1b（docs/plans/PHASE_B_LANDUSE.md §2/§3参照）。,2016
1500:n_cells,nlni_l03b_landuse_by_watershed,nlni_l03b_landuse_by_watershed_amami,common:variable:landuse.sea_water_n_cells,common:unit:count,sum,year,registry,[奄美: nlni_l03b_landuse_by_watershed の行を source_id だけ差し替えて複製] P-1b（docs/plans/PHASE_B_LANDUSE.md §2/§3参照）。,2016
G:area_km2,nlni_l03b_landuse_by_watershed,nlni_l03b_landuse_by_watershed_amami,common:variable:landuse.golf_course,common:unit:km2,sum,year,registry,[奄美: nlni_l03b_landuse_by_watershed の行を source_id だけ差し替えて複製] P-1b（docs/plans/PHASE_B_LANDUSE.md §2/§3参照）。,2006
G:n_cells,nlni_l03b_landuse_by_watershed,nlni_l03b_landuse_by_watershed_amami,common:variable:landuse.golf_course_n_cells,common:unit:count,sum,year,registry,[奄美: nlni_l03b_landuse_by_watershed の行を source_id だけ差し替えて複製] P-1b（docs/plans/PHASE_B_LANDUSE.md §2/§3参照）。,2006
1600:area_km2,nlni_l03b_landuse_by_watershed,nlni_l03b_landuse_by_watershed_amami,common:variable:landuse.golf_course,common:unit:km2,sum,year,registry,[奄美: nlni_l03b_landuse_by_watershed の行を source_id だけ差し替えて複製] P-1b（docs/plans/PHASE_B_LANDUSE.md §2/§3参照）。,2016
1600:n_cells,nlni_l03b_landuse_by_watershed,nlni_l03b_landuse_by_watershed_amami,common:variable:landuse.golf_course_n_cells,common:unit:count,sum,year,registry,[奄美: nlni_l03b_landuse_by_watershed の行を source_id だけ差し替えて複製] P-1b（docs/plans/PHASE_B_LANDUSE.md §2/§3参照）。,2016
全天日射量_平均,sensor_timeseries,jma_monthly_amami,common:variable:weather.global_solar_radiation,common:unit:mj_per_m2,mean,month,source,奄美の月別値にだけある列（神奈川の c10 は取っていない）。気象庁の月別値の「全天日射量 平均」（MJ/m2）。,
海域平均海面水温,sensor_timeseries,jma_sst_amami,common:variable:water.sea_surface_temp,common:unit:degc,mean,day,source,気象庁「日本沿岸域の海面水温情報」の海域平均（日別）。観測点の水温ではない。,
水位_日最高_cm,sensor_timeseries,kagoshima_kasen_suii_amami,common:variable:hydro.river_stage,common:unit:cm,max,day,source,鹿児島県 河川砂防情報システムの通常の水位観測所の日最高。原表記の整数をそのまま持つ。単位 cm は推定（原表に単位の記載なし）。基準面は水位標の零点でT.P.ではない可能性がある。,
水位_日最高_cm,sensor_timeseries,kagoshima_kasen_suii_kiki_amami,common:variable:hydro.river_stage,common:unit:cm,max,day,source,鹿児島県 河川砂防情報システムの危機管理型水位計の日最高。通常は6時間おきの観測で、水位が上がると間隔が細かくなる。単位 cm は推定。基準面は水位標の零点でT.P.ではない可能性がある。,
水位_日最低_cm,sensor_timeseries,kagoshima_kasen_suii_amami,common:variable:hydro.river_stage,common:unit:cm,min,day,source,鹿児島県 河川砂防情報システムの通常の水位観測所の日最低。原表記の整数をそのまま持つ。単位 cm は推定（原表に単位の記載なし）。基準面は水位標の零点でT.P.ではない可能性がある。,
水位_日最低_cm,sensor_timeseries,kagoshima_kasen_suii_kiki_amami,common:variable:hydro.river_stage,common:unit:cm,min,day,source,鹿児島県 河川砂防情報システムの危機管理型水位計の日最低。通常は6時間おきの観測で、水位が上がると間隔が細かくなる。単位 cm は推定。基準面は水位標の零点でT.P.ではない可能性がある。,
潮位_日平均,sensor_timeseries,kagoshima_kasen_choui_amami,common:variable:hydro.tide_level,common:unit:cm,mean,day,source,鹿児島県 河川砂防情報システムの潮位（名瀬）の日平均（10分値から集約）。単位 cm は推定。基準面は原表に無く不明。,
潮位_日最高,sensor_timeseries,kagoshima_kasen_choui_amami,common:variable:hydro.tide_level,common:unit:cm,max,day,source,鹿児島県 河川砂防情報システムの潮位の日最高。単位 cm は推定。基準面は不明。,
潮位_日最低,sensor_timeseries,kagoshima_kasen_choui_amami,common:variable:hydro.tide_level,common:unit:cm,min,day,source,鹿児島県 河川砂防情報システムの潮位の日最低。単位 cm は推定。基準面は不明。,
貯水位_日平均,sensor_timeseries,kagoshima_kasen_dam_amami,common:variable:hydro.reservoir_level,common:unit:cm,mean,day,source,鹿児島県 河川砂防情報システムのダム諸量の貯水位の日平均。原表の単位は [EL.10^2m]（値 3712 = EL 37.12 m）なので cm 相当。,
貯水位_日最低,sensor_timeseries,kagoshima_kasen_dam_amami,common:variable:hydro.reservoir_level,common:unit:cm,min,day,source,鹿児島県 河川砂防情報システムのダム諸量の貯水位の日最低。原表の単位は [EL.10^2m] で cm 相当。,
全流入量_日平均,sensor_timeseries,kagoshima_kasen_dam_amami,common:variable:hydro.reservoir_inflow,common:unit:milli_m3_per_s,mean,day,source,ダムの全流入量の日平均。原表記は10^-3 m3/s 単位の整数。,
全流入量_日最高,sensor_timeseries,kagoshima_kasen_dam_amami,common:variable:hydro.reservoir_inflow,common:unit:milli_m3_per_s,max,day,source,ダムの全流入量の日最高。原表記は10^-3 m3/s 単位の整数。,
全放流量_日平均,sensor_timeseries,kagoshima_kasen_dam_amami,common:variable:hydro.reservoir_outflow,common:unit:milli_m3_per_s,mean,day,source,ダムの全放流量の日平均。原表記は10^-3 m3/s 単位の整数。,
全放流量_日最高,sensor_timeseries,kagoshima_kasen_dam_amami,common:variable:hydro.reservoir_outflow,common:unit:milli_m3_per_s,max,day,source,ダムの全放流量の日最高。原表記は10^-3 m3/s 単位の整数。,
貯水量_日平均,sensor_timeseries,kagoshima_kasen_dam_amami,common:variable:hydro.reservoir_storage,common:unit:kilo_m3,mean,day,source,ダムの貯水量の日平均。原表記は10^3 m3 単位の整数。,
貯水率_利水_日平均,sensor_timeseries,kagoshima_kasen_dam_amami,common:variable:hydro.reservoir_fill_rate_water_use,common:unit:0_1percent,mean,day,source,ダムの利水容量に対する貯水率の日平均。原表記は0.1%単位の整数（実値は本値×0.1）。,
貯水率_治水_日平均,sensor_timeseries,kagoshima_kasen_dam_amami,common:variable:hydro.reservoir_fill_rate_flood_control,common:unit:0_1percent,mean,day,source,ダムの治水容量に対する貯水率の日平均。原表記は0.1%単位の整数（実値は本値×0.1）。,
