site_id,zone_v1,zone_v2,elevation_m,relief_wide_m,relief_near_m,coast_dist_m,floor_min_m,reason
dams_kanagawa__01,3,2,247.67,413.47,192.88,26452.7,117.46,mountain_relief_ge_200
dams_kanagawa__02,3,2,126.49,299.93,142.88,30522,61.21,mountain_relief_ge_200
dams_kanagawa__03,3,2,169.85,275.57,171.69,35630.8,128.52,mountain_relief_ge_200
dams_kanagawa__04,3,2,339.25,452.32,96.73,20908.9,189.46,mountain_relief_ge_200
env_kousui_stations_kanagawa__kousui_1410010,5,4,3.17,3,1.71,4087.7,0,coast_c23_beyond_2km
env_kousui_stations_kanagawa__kousui_1410014,5,4,3.17,3,1.71,4087.7,0,coast_c23_beyond_2km
env_kousui_stations_kanagawa__kousui_1410020,5,4,4.31,4.06,2.96,4868.3,-0.1,coast_c23_beyond_2km
env_kousui_stations_kanagawa__kousui_1410024,4,4,4.8,2.5,0.7,6624.6,2,unchanged
env_kousui_stations_kanagawa__kousui_1410030,4,4,6.1,3.89,1.2,7564.1,3.81,unchanged
env_kousui_stations_kanagawa__kousui_1410034,4,4,6.1,3.89,1.2,7564.1,3.81,unchanged
env_kousui_stations_kanagawa__kousui_1410040,4,4,8.87,35,19.09,10427,5,unchanged
env_kousui_stations_kanagawa__kousui_1410044,4,4,7.03,35,17.88,10336.4,5,unchanged
env_kousui_stations_kanagawa__kousui_1410050,4,4,28.22,10.85,6.02,20906.2,21.28,unchanged
env_kousui_stations_kanagawa__kousui_1410054,4,4,29.03,11.72,5.26,20906.5,21.11,unchanged
env_kousui_stations_kanagawa__kousui_1410060,4,4,8.43,27.18,4.91,12800.2,5.38,unchanged
env_kousui_stations_kanagawa__kousui_1410064,4,4,9.52,23.28,7.37,13896.7,8.23,unchanged
env_kousui_stations_kanagawa__kousui_1410070,4,4,16.53,17.6,6.08,17247.2,10.46,unchanged
env_kousui_stations_kanagawa__kousui_1410074,4,4,16.53,17.6,6.08,17247.2,10.46,unchanged
env_kousui_stations_kanagawa__kousui_1410080,4,4,10.82,31.41,3.84,14365.4,8.41,unchanged
env_kousui_stations_kanagawa__kousui_1410084,4,4,12.07,45.14,5.24,14611.8,8.61,unchanged
env_kousui_stations_kanagawa__kousui_1410090,4,5,3.58,39.65,2.56,1172.2,0,coast_c23_within_2km
env_kousui_stations_kanagawa__kousui_1410100,4,4,6.33,34.64,1.25,5670.7,4.01,unchanged
env_kousui_stations_kanagawa__kousui_1410104,4,5,3.58,39.65,2.56,1172.2,0,coast_c23_within_2km
env_kousui_stations_kanagawa__kousui_1410110,4,4,5.2,44.49,6.4,4668.1,2.23,unchanged
env_kousui_stations_kanagawa__kousui_1410114,4,4,6.33,34.64,1.25,5670.7,4.01,unchanged
env_kousui_stations_kanagawa__kousui_1410120,4,4,8.32,39.96,5.05,6785.2,4.01,unchanged
env_kousui_stations_kanagawa__kousui_1410124,4,4,5.2,44.49,6.4,4668.1,2.23,unchanged
env_kousui_stations_kanagawa__kousui_1410130,4,4,7.57,39.99,5.7,6938.6,4.01,unchanged
env_kousui_stations_kanagawa__kousui_1410134,4,4,8.32,39.96,5.05,6785.2,4.01,unchanged
env_kousui_stations_kanagawa__kousui_1410140,4,4,5.29,29.85,27.13,4852.2,4.89,unchanged
env_kousui_stations_kanagawa__kousui_1410144,4,4,6.18,33.88,1.69,6289.7,3.9,unchanged
env_kousui_stations_kanagawa__kousui_1410150,4,4,10.89,42.17,4.62,9086.9,8.11,unchanged
env_kousui_stations_kanagawa__kousui_1410154,4,4,5.29,29.85,27.13,4852.2,4.89,unchanged
env_kousui_stations_kanagawa__kousui_1410160,4,4,12.9,35.69,15.49,9603.6,8.11,unchanged
env_kousui_stations_kanagawa__kousui_1410164,4,4,11,43.02,5.26,9124.8,8.11,unchanged
env_kousui_stations_kanagawa__kousui_1410170,4,4,9.59,5.96,4.88,6655.1,2.29,unchanged
env_kousui_stations_kanagawa__kousui_1410174,4,4,13.17,35.69,18.88,9634.5,8.11,unchanged
env_kousui_stations_kanagawa__kousui_1410180,4,4,15.84,11.51,9.67,14083.1,9.9,unchanged
env_kousui_stations_kanagawa__kousui_1410184,4,4,9.59,5.96,4.88,6655.1,2.29,unchanged
env_kousui_stations_kanagawa__kousui_1410190,4,4,36.87,57.23,8.3,22466.6,25.77,unchanged
env_kousui_stations_kanagawa__kousui_1410194,4,4,15.41,11.27,9.67,14145.2,10.08,unchanged
env_kousui_stations_kanagawa__kousui_1410200,4,3,70,141.77,71.31,30407.4,61.21,lowland_relief_near_gt_30
env_kousui_stations_kanagawa__kousui_1410204,4,4,5.22,30.05,1.31,4826.9,4.89,unchanged
env_kousui_stations_kanagawa__kousui_1410210,4,4,10.5,9.87,1.72,9204.2,5.12,unchanged
env_kousui_stations_kanagawa__kousui_1410214,4,3,68.97,55.36,21.92,14429.5,28.14,lowland_above_floor_gt_15
env_kousui_stations_kanagawa__kousui_1410220,4,4,12.29,7.5,5.53,10403,9.24,unchanged
env_kousui_stations_kanagawa__kousui_1410224,4,4,10.33,10.39,2.69,8933.2,5.12,unchanged
env_kousui_stations_kanagawa__kousui_1410230,4,4,19.76,10.88,2.62,14897.9,12.99,unchanged
env_kousui_stations_kanagawa__kousui_1410234,4,4,15.02,7.5,5.94,10390.9,9.04,unchanged
env_kousui_stations_kanagawa__kousui_1410240,4,4,19.5,11.81,4.97,15089.1,13.48,unchanged
env_kousui_stations_kanagawa__kousui_1410244,4,4,19.94,10.9,3.31,14833.2,12.8,unchanged
env_kousui_stations_kanagawa__kousui_1410250,4,4,21.16,14.03,3.4,15564,14.99,unchanged
env_kousui_stations_kanagawa__kousui_1410254,4,4,19.21,11.43,4.1,15044,13.36,unchanged
env_kousui_stations_kanagawa__kousui_1410260,5,5,6.39,145.88,16.01,294.7,0,unchanged
env_kousui_stations_kanagawa__kousui_1410264,4,4,21.16,14.03,3.4,15564,14.99,unchanged
env_kousui_stations_kanagawa__kousui_1410270,5,5,1.74,122.81,42.77,52.9,0,unchanged
env_kousui_stations_kanagawa__kousui_1410274,5,5,8.41,145.88,18.23,301.7,0,unchanged
env_kousui_stations_kanagawa__kousui_1410280,5,5,5.63,61.81,8.85,137.9,0,unchanged
env_kousui_stations_kanagawa__kousui_1410284,5,5,1.74,122.81,42.77,52.9,0,unchanged
env_kousui_stations_kanagawa__kousui_1410290,5,5,4.64,55.84,30.16,142.2,0,unchanged
env_kousui_stations_kanagawa__kousui_1410294,5,5,3.96,61.47,8.07,102.7,0,unchanged
env_kousui_stations_kanagawa__kousui_1410300,4,5,6.25,61.36,22.68,1505.4,0,coast_c23_within_2km
env_kousui_stations_kanagawa__kousui_1410304,5,5,4.78,55.84,30.62,153.9,0,unchanged
env_kousui_stations_kanagawa__kousui_1410310,3,3,106.1,44.72,17.81,25031.8,70.3,unchanged
env_kousui_stations_kanagawa__kousui_1410314,4,5,9.74,61.36,6.66,1721.2,0,coast_c23_within_2km
env_kousui_stations_kanagawa__kousui_1410320,4,4,60.34,21.01,11.85,15529.9,52.87,unchanged
env_kousui_stations_kanagawa__kousui_1410324,4,3,43.63,13.23,6.53,19214.3,22.31,lowland_above_floor_gt_15
env_kousui_stations_kanagawa__kousui_1410330,4,4,44.33,24.17,14.88,14221.3,36.77,unchanged
env_kousui_stations_kanagawa__kousui_1410334,4,4,60.34,21.01,11.85,15529.9,52.87,unchanged
env_kousui_stations_kanagawa__kousui_1410340,4,4,28.1,18.73,9.26,11172.3,21.08,unchanged
env_kousui_stations_kanagawa__kousui_1410344,4,4,44.33,24.17,14.88,14221.3,36.77,unchanged
env_kousui_stations_kanagawa__kousui_1410350,4,4,10.66,60.8,8.81,3190.8,4.91,unchanged
env_kousui_stations_kanagawa__kousui_1410354,4,4,26.9,18.6,7.24,11163.6,21.08,unchanged
env_kousui_stations_kanagawa__kousui_1410360,4,4,15.8,48.98,1,7881.6,11.12,unchanged
env_kousui_stations_kanagawa__kousui_1410364,4,4,10.66,60.8,8.81,3190.8,4.91,unchanged
env_kousui_stations_kanagawa__kousui_1410370,4,4,10.58,58.34,11.46,3251,4.92,unchanged
env_kousui_stations_kanagawa__kousui_1410374,4,4,15.7,48.98,0.9,7854.3,11.12,unchanged
env_kousui_stations_kanagawa__kousui_1410380,4,4,4.05,13.33,8.59,2085.9,3.26,unchanged
env_kousui_stations_kanagawa__kousui_1410384,4,4,10.58,58.34,11.46,3251,4.92,unchanged
env_kousui_stations_kanagawa__kousui_1410390,4,4,25.97,18.56,12.92,9815.5,20.57,unchanged
env_kousui_stations_kanagawa__kousui_1410400,4,4,9.4,39.87,21.04,5938.3,5.21,unchanged
env_kousui_stations_kanagawa__kousui_1410404,4,4,4.05,13.33,8.59,2085.9,3.26,unchanged
env_kousui_stations_kanagawa__kousui_1410410,5,5,5.38,161.18,4.57,1249.5,0,unchanged
env_kousui_stations_kanagawa__kousui_1410414,4,4,25.97,18.56,12.92,9815.5,20.57,unchanged
env_kousui_stations_kanagawa__kousui_1410420,4,4,7.74,11.22,2.88,3565.9,3.46,unchanged
env_kousui_stations_kanagawa__kousui_1410424,4,4,9.4,39.87,21.04,5938.3,5.21,unchanged
env_kousui_stations_kanagawa__kousui_1410430,4,4,6.95,11.22,2.39,3668.9,3.46,unchanged
env_kousui_stations_kanagawa__kousui_1410434,5,5,5.23,161.25,4.01,1245.1,0,unchanged
env_kousui_stations_kanagawa__kousui_1410440,4,3,59.54,198.95,33.82,7557.9,28.63,lowland_relief_near_gt_30
env_kousui_stations_kanagawa__kousui_1410444,4,4,7.65,11.22,2.66,3563.2,3.46,unchanged
env_kousui_stations_kanagawa__kousui_1410450,5,5,9.03,75.45,15.89,220.1,0.02,unchanged
env_kousui_stations_kanagawa__kousui_1410454,4,4,8.22,11.22,2.48,3451.3,3.46,unchanged
env_kousui_stations_kanagawa__kousui_1410460,5,5,9.74,87.1,22.76,253.3,0.1,unchanged
env_kousui_stations_kanagawa__kousui_1410464,4,3,59.54,198.95,33.82,7557.9,28.63,lowland_relief_near_gt_30
env_kousui_stations_kanagawa__kousui_1410470,5,5,8.16,87.34,12.69,247.4,0,unchanged
env_kousui_stations_kanagawa__kousui_1410474,5,4,11.65,75.45,29.19,100.9,0.02,coast_elev_gt_10
env_kousui_stations_kanagawa__kousui_1410480,5,4,15.7,10.66,3.9,2374.8,5.24,coast_c23_beyond_2km
env_kousui_stations_kanagawa__kousui_1410484,5,5,9.74,87.1,22.76,253.3,0.1,unchanged
env_kousui_stations_kanagawa__kousui_1410490,5,4,9.8,26.72,4.8,2130.9,5,coast_c23_beyond_2km
env_kousui_stations_kanagawa__kousui_1410494,5,5,8.13,87.34,12.23,243.4,0,unchanged
env_kousui_stations_kanagawa__kousui_1410500,4,4,26.51,10.23,3.7,6439.7,18.31,unchanged
env_kousui_stations_kanagawa__kousui_1410504,5,4,15.65,16.12,3.63,2404.7,6.26,coast_c23_beyond_2km
env_kousui_stations_kanagawa__kousui_1410510,4,3,48.52,141.38,10.9,9960.4,32.49,lowland_above_floor_gt_15
env_kousui_stations_kanagawa__kousui_1410514,5,4,10.11,26.72,5.78,2015.1,3.01,coast_c23_beyond_2km
env_kousui_stations_kanagawa__kousui_1410520,4,4,11.76,56.39,4.28,3179.6,5.04,unchanged
env_kousui_stations_kanagawa__kousui_1410524,4,4,26.51,10.18,3.7,6433.9,18.31,unchanged
env_kousui_stations_kanagawa__kousui_1410530,4,3,48.32,44.75,12.37,9400.1,31.1,lowland_above_floor_gt_15
env_kousui_stations_kanagawa__kousui_1410534,4,3,48.3,86.87,6.71,9903.3,32.24,lowland_above_floor_gt_15
env_kousui_stations_kanagawa__kousui_1410540,3,2,176.53,327.82,91.86,17878.7,134.98,mountain_relief_ge_200
env_kousui_stations_kanagawa__kousui_1410544,4,4,12.63,55.23,4.5,3168.2,5.04,unchanged
env_kousui_stations_kanagawa__kousui_1410554,4,3,59.83,115.44,9.91,9281.2,31.71,lowland_above_floor_gt_15
env_kousui_stations_kanagawa__kousui_1410560,5,5,5.63,10.13,6.71,223.8,0,unchanged
env_kousui_stations_kanagawa__kousui_1410564,3,2,167.24,320.66,89.72,17789.6,131.39,mountain_relief_ge_200
env_kousui_stations_kanagawa__kousui_1410570,5,4,12.74,40.24,4.79,2038.8,1.98,coast_c23_beyond_2km
env_kousui_stations_kanagawa__kousui_1410580,5,5,9.01,109.66,13.91,227.3,0,unchanged
env_kousui_stations_kanagawa__kousui_1410590,3,2,119.48,456.54,162.89,4146.2,60.36,mountain_relief_ge_200
env_kousui_stations_kanagawa__kousui_1410600,5,5,1.67,108.5,34.43,17.9,0.01,unchanged
env_kousui_stations_kanagawa__kousui_1410610,5,5,8.79,184.2,108.51,143.4,0.01,unchanged
env_kousui_stations_kanagawa__kousui_1410614,5,5,5.9,10.2,6.19,249.3,0,unchanged
env_kousui_stations_kanagawa__kousui_1410620,4,5,4.66,37.79,8.39,98.2,0,coast_c23_within_2km
env_kousui_stations_kanagawa__kousui_1410624,5,4,12.74,40.24,4.79,2038.8,1.98,coast_c23_beyond_2km
env_kousui_stations_kanagawa__kousui_1410634,5,5,8.46,109.04,12.2,192,0,unchanged
env_kousui_stations_kanagawa__kousui_1410640,4,4,4.4,50.28,2.02,2236.7,1.26,unchanged
env_kousui_stations_kanagawa__kousui_1410644,3,2,115.71,459.13,153.03,4071.9,59.43,mountain_relief_ge_200
env_kousui_stations_kanagawa__kousui_1410650,4,4,7.73,53.11,10.3,2810.7,2.5,unchanged
env_kousui_stations_kanagawa__kousui_1410654,5,5,6.01,121.68,39.25,70.7,0.01,unchanged
env_kousui_stations_kanagawa__kousui_1410660,5,5,4.15,64.31,19.89,918.9,0,unchanged
env_kousui_stations_kanagawa__kousui_1410664,5,5,6.53,173.45,84.54,102.1,0.01,unchanged
env_kousui_stations_kanagawa__kousui_1410670,5,5,0.97,55.27,10.15,675.7,0,unchanged
env_kousui_stations_kanagawa__kousui_1410674,4,5,4.42,38.19,7.57,213.1,0,coast_c23_within_2km
env_kousui_stations_kanagawa__kousui_1410680,5,5,1.18,55.72,7.54,824.9,0,unchanged
env_kousui_stations_kanagawa__kousui_1410684,4,5,5.31,45.26,5.16,484.8,0,coast_c23_within_2km
env_kousui_stations_kanagawa__kousui_1410690,4,5,6.57,79.35,8.51,1013.8,0,coast_c23_within_2km
env_kousui_stations_kanagawa__kousui_1410694,4,4,4.49,51.79,3.34,2211,1.26,unchanged
env_kousui_stations_kanagawa__kousui_1410700,5,5,4.1,145.88,15.8,121.3,0,unchanged
env_kousui_stations_kanagawa__kousui_1410704,4,4,7.33,53.11,4.1,2798.1,2.5,unchanged
env_kousui_stations_kanagawa__kousui_1410710,5,5,3.2,3.73,1.24,1781.2,0.03,unchanged
env_kousui_stations_kanagawa__kousui_1410714,5,5,4.15,64.31,19.89,918.9,0,unchanged
env_kousui_stations_kanagawa__kousui_1410720,5,5,1.76,4.71,3.25,1101,0,unchanged
env_kousui_stations_kanagawa__kousui_1410724,5,5,0.97,55.27,10.15,675.7,0,unchanged
env_kousui_stations_kanagawa__kousui_1410730,4,4,6.11,7.95,1.73,5516.8,2.29,unchanged
env_kousui_stations_kanagawa__kousui_1410734,5,5,1.18,55.72,7.54,824.9,0,unchanged
env_kousui_stations_kanagawa__kousui_1410740,3,3,167.82,193.22,82.29,37224.5,165,unchanged
env_kousui_stations_kanagawa__kousui_1410744,4,5,6.57,79.35,8.51,1013.8,0,coast_c23_within_2km
env_kousui_stations_kanagawa__kousui_1410750,3,2,169.16,227.27,59.35,36354.4,165,mountain_relief_ge_200
env_kousui_stations_kanagawa__kousui_1410754,5,5,4.1,145.88,15.8,121.3,0,unchanged
env_kousui_stations_kanagawa__kousui_1410760,3,2,165,247.74,0,36420.2,129.9,mountain_relief_ge_200
env_kousui_stations_kanagawa__kousui_1410764,5,5,3.2,3.73,1.24,1781.2,0.03,unchanged
env_kousui_stations_kanagawa__kousui_1410770,3,2,165,246.35,0,35346.2,129.2,mountain_relief_ge_200
env_kousui_stations_kanagawa__kousui_1410774,5,5,3.13,7.25,3.4,821.2,0,unchanged
env_kousui_stations_kanagawa__kousui_1410780,3,2,165,275.51,197.62,35473.9,128.52,mountain_relief_ge_200
env_kousui_stations_kanagawa__kousui_1410784,4,4,6,7.92,1.2,5486.9,2.29,unchanged
env_kousui_stations_kanagawa__kousui_1410790,3,2,129.28,367.32,167.39,33299.9,125,mountain_relief_ge_200
env_kousui_stations_kanagawa__kousui_1410794,3,3,168.39,196.66,68.68,37246.4,165,unchanged
env_kousui_stations_kanagawa__kousui_1410800,3,2,125,386.1,48.21,32582.4,125,mountain_relief_ge_200
env_kousui_stations_kanagawa__kousui_1410804,3,2,168.82,243.24,52.46,36324.8,165,mountain_relief_ge_200
env_kousui_stations_kanagawa__kousui_1410810,3,2,125,294.18,21.41,30906.6,73.78,mountain_relief_ge_200
env_kousui_stations_kanagawa__kousui_1410814,3,2,165,307.21,0,36266.2,129.81,mountain_relief_ge_200
env_kousui_stations_kanagawa__kousui_1410820,3,3,127.38,128.63,53.16,32479.3,125,unchanged
env_kousui_stations_kanagawa__kousui_1410824,3,2,165,267.91,4.43,35358.7,129.18,mountain_relief_ge_200
env_kousui_stations_kanagawa__kousui_1410830,4,4,25.78,20.49,6.77,18998.5,16.57,unchanged
env_kousui_stations_kanagawa__kousui_1410834,3,2,165,275.57,221.74,35486.1,128.52,mountain_relief_ge_200
env_kousui_stations_kanagawa__kousui_1410840,4,4,11.61,71.25,25.41,5733.1,9.43,unchanged
env_kousui_stations_kanagawa__kousui_1410844,3,2,126.07,367.32,162.27,33270.2,125,mountain_relief_ge_200
env_kousui_stations_kanagawa__kousui_1410850,3,2,325.53,430.78,164.75,21482.5,204.31,mountain_relief_ge_200
env_kousui_stations_kanagawa__kousui_1410854,3,2,125,386.1,48.51,32552.6,125,mountain_relief_ge_200
env_kousui_stations_kanagawa__kousui_1410860,3,2,355.5,549.13,165.03,20547.3,325,mountain_relief_ge_200
env_kousui_stations_kanagawa__kousui_1410864,4,3,70.7,69.44,33.36,16100.1,25.02,lowland_relief_near_gt_30
env_kousui_stations_kanagawa__kousui_1410870,3,2,335.19,417.49,146.82,22762.6,325,mountain_relief_ge_200
env_kousui_stations_kanagawa__kousui_1410874,3,3,128.89,122.84,55.79,32465,125,unchanged
env_kousui_stations_kanagawa__kousui_1410880,3,2,356.28,471.7,129.56,22952,325,mountain_relief_ge_200
env_kousui_stations_kanagawa__kousui_1410890,4,5,2.1,56.11,11.8,233.2,0,coast_c23_within_2km
env_kousui_stations_kanagawa__kousui_1410900,5,5,6.22,10.5,3.17,436.2,0,unchanged
env_kousui_stations_kanagawa__kousui_1410910,4,4,13.08,53.07,28.87,6134.4,9.8,unchanged
env_kousui_stations_kanagawa__kousui_1410920,4,3,18.65,44.7,39.36,14568.5,9.39,lowland_relief_near_gt_30
env_kousui_stations_kanagawa__kousui_1410930,4,4,5.76,33.88,1.19,6004.2,3.02,unchanged
env_kousui_stations_kanagawa__kousui_1410940,3,2,137.12,256.59,76.54,31494.5,125,mountain_relief_ge_200
env_kousui_stations_kanagawa__kousui_1410950,3,2,345.19,417.26,96.6,29956.5,310.85,mountain_relief_ge_200
env_kousui_stations_kanagawa__kousui_1410960,3,2,209.7,299.2,90.22,17915.6,163.3,mountain_relief_ge_200
env_kousui_stations_kanagawa__kousui_1410970,4,4,5.82,32.29,9.41,5413.1,4.9,unchanged
env_kousui_stations_kanagawa__kousui_1410980,4,4,13.73,40.81,5.44,3989.4,5.01,unchanged
env_kousui_stations_kanagawa__kousui_1410990,4,4,13.66,31.29,13.47,6958,5.21,unchanged
env_kousui_stations_kanagawa__kousui_1411570,4,4,9.6,8.86,7.7,50258.4,6.53,unchanged
env_kousui_stations_kanagawa__kousui_1411600,4,4,41.13,46.8,7.27,22991.8,31.47,unchanged
env_kousui_stations_kanagawa__kousui_1411660,4,4,25,57.1,3.05,15616.7,20.09,unchanged
env_kousui_stations_kanagawa__kousui_1411670,4,4,7.08,33.18,22.32,7243.2,4,unchanged
env_kousui_stations_kanagawa__kousui_1411680,4,3,29.81,58.27,32.14,16683.5,23.15,lowland_relief_near_gt_30
env_kousui_stations_kanagawa__kousui_1411690,4,3,26.4,58.37,30.22,15989,21.76,lowland_relief_near_gt_30
env_kousui_stations_kanagawa__kousui_1411710,4,3,78.93,26.79,11.41,16780.2,42.95,lowland_above_floor_gt_15
env_kousui_stations_kanagawa__kousui_1411720,4,4,29.33,21.37,13.93,11950.1,25.05,unchanged
env_kousui_stations_kanagawa__kousui_1411740,4,3,23.25,74.64,46.29,16487.9,11.57,lowland_relief_near_gt_30
env_kousui_stations_kanagawa__kousui_1411750,4,4,18.83,40.22,21.87,13776.3,9.41,unchanged
env_kousui_stations_kanagawa__kousui_1411760,4,3,39.85,63.07,24.25,19380,22.64,lowland_above_floor_gt_15
env_kousui_stations_kanagawa__kousui_1411790,4,3,46.83,79.58,19.85,21580.7,25.03,lowland_above_floor_gt_15
env_kousui_stations_kanagawa__kousui_1411800,4,4,9.9,41.98,21.04,10152,7.24,unchanged
env_kousui_stations_kanagawa__kousui_1411810,4,4,7.68,5.43,1.21,9445.6,5,unchanged
env_kousui_stations_kanagawa__kousui_1411820,4,4,6.9,33.08,22.5,7251.2,4,unchanged
env_kousui_stations_kanagawa__kousui_1411830,4,4,10.01,42.19,26.86,10073.6,7.5,unchanged
env_kousui_stations_kanagawa__kousui_1411831,4,2,70.58,214.74,39.53,29995.3,59.9,mountain_relief_ge_200
env_kousui_stations_kanagawa__kousui_1411832,3,2,189,310.29,170.16,34908.3,165.98,mountain_relief_ge_200
env_kousui_stations_kanagawa__kousui_1411833,4,4,46.58,21.64,12.36,15432.7,37.73,unchanged
env_kousui_stations_kanagawa__kousui_1411834,4,4,45.55,22.98,12.8,15026.3,35.08,unchanged
env_kousui_stations_kanagawa__kousui_1411835,4,4,50.93,33.29,13.37,15546.3,38.3,unchanged
env_kousui_stations_kanagawa__kousui_1411836,4,4,38.58,23.92,13.14,13194.8,26.56,unchanged
env_kousui_stations_kanagawa__kousui_1411837,4,4,27.53,17.93,14.99,10414.7,22.04,unchanged
env_kousui_stations_kanagawa__kousui_1411838,4,4,24.5,18.56,12.76,9818.3,20.55,unchanged
env_kousui_stations_kanagawa__kousui_1411839,4,4,25.03,58.88,16.33,17129.3,18.18,unchanged
env_kousui_stations_kanagawa__kousui_1420010,2,2,724.5,234.55,0,13842.8,680.49,unchanged
env_kousui_stations_kanagawa__kousui_1420014,2,2,724.5,234.55,0,13842.8,680.49,unchanged
env_kousui_stations_kanagawa__kousui_1420020,2,3,724.5,166.64,0,12318.8,724.5,mountain_relief_lt_200
env_kousui_stations_kanagawa__kousui_1420024,2,3,724.5,170.65,0,12400.6,724.5,mountain_relief_lt_200
env_kousui_stations_kanagawa__kousui_1420030,2,3,724.5,165.97,0,11251.7,724.5,mountain_relief_lt_200
env_kousui_stations_kanagawa__kousui_1420034,2,3,724.5,165.97,0,11251.7,724.5,mountain_relief_lt_200
env_kousui_stations_kanagawa__kousui_1420040,2,3,724.5,146.47,0,10689.3,724.5,mountain_relief_lt_200
env_kousui_stations_kanagawa__kousui_1420044,2,3,724.5,146.47,0,10689.3,724.5,mountain_relief_lt_200
env_kousui_stations_kanagawa__kousui_1420050,3,2,325,338.29,29.02,20903.5,196.38,mountain_relief_ge_200
env_kousui_stations_kanagawa__kousui_1420060,3,2,325,406.31,78.15,21334.5,207.4,mountain_relief_ge_200
env_kousui_stations_kanagawa__kousui_1420070,3,2,325,359.54,102.31,20189.8,206.45,mountain_relief_ge_200
env_kousui_stations_kanagawa__kousui_1420080,3,2,325,567.04,104.04,21564.3,197.84,mountain_relief_ge_200
env_kousui_stations_kanagawa__kousui_1420100,3,2,285,407.24,154.77,26563.8,119.28,mountain_relief_ge_200
env_kousui_stations_kanagawa__kousui_1420110,3,2,285,202.25,0,25770.5,244.8,mountain_relief_ge_200
env_kousui_stations_kanagawa__kousui_1420120,3,2,169.16,227.27,59.35,36354.4,165,mountain_relief_ge_200
env_kousui_stations_kanagawa__kousui_1420130,3,2,165,247.74,0,36420.2,129.9,mountain_relief_ge_200
env_kousui_stations_kanagawa__kousui_1420140,3,2,165,246.35,0,35346.2,129.2,mountain_relief_ge_200
env_kousui_stations_kanagawa__kousui_1420150,3,2,165,275.51,197.62,35473.9,128.52,mountain_relief_ge_200
env_kousui_stations_kanagawa__kousui_1420160,3,2,129.28,367.32,167.39,33299.9,125,mountain_relief_ge_200
env_kousui_stations_kanagawa__kousui_1420170,3,2,125,386.1,48.21,32582.4,125,mountain_relief_ge_200
env_kousui_stations_kanagawa__kousui_1420180,3,2,125,294.18,21.41,30906.6,73.78,mountain_relief_ge_200
env_kousui_stations_kanagawa__kousui_1420190,3,3,127.38,128.63,53.16,32479.3,125,unchanged
env_kousui_stations_kanagawa__kousui_1420200,3,3,167.82,193.22,82.29,37224.5,165,unchanged
env_kousui_stations_kanagawa__kousui_1430090,5,,,,,661,,elevation_invalid
env_kousui_stations_kanagawa__kousui_1430230,4,4,3.3,5.85,1.2,2539.6,0,unchanged
jma_stations_kanagawa__jma_0387,3,2,182.92,275.31,40.01,35495.7,128.69,mountain_relief_ge_200
jma_stations_kanagawa__jma_0388,4,4,16.92,33.02,2.63,12842.1,9.9,unchanged
jma_stations_kanagawa__jma_0390,1,1,856,464.62,141.45,9105.3,427.46,unchanged
jma_stations_kanagawa__jma_0391,5,3,53.96,60.28,60.28,68,0,coast_elev_gt_10
jma_stations_kanagawa__jma_0392,4,3,32.17,67.11,22.61,972.1,0,lowland_above_floor_gt_15
jma_stations_kanagawa__jma_1005,3,3,126.03,14.56,3.1,26389.5,89.91,unchanged
jma_stations_kanagawa__jma_1006,4,3,32.26,33.58,25.32,7124.3,4,lowland_above_floor_gt_15
jma_stations_kanagawa__jma_1007,4,4,9.8,67.19,18.98,4157.7,3.71,unchanged
jma_stations_kanagawa__jma_1008,4,4,14.87,58.93,29.03,2911.4,5.04,unchanged
jma_stations_kanagawa__jma_1096,3,2,290.26,401.29,112.03,20798.6,189.46,mountain_relief_ge_200
jma_stations_kanagawa__jma_1443,5,5,5.18,15.97,7.55,195,0,unchanged
jma_stations_kanagawa__jma_47670,5,3,21.89,42.49,34.2,564.8,0,coast_elev_gt_10
moni1000_sites__kn3522139,2,2,724.5,264.9,69.62,12762.2,724.5,unchanged
moni1000_sites__kn352213963,4,5,4.98,47.5,22.92,463,0,coast_c23_within_2km
moni1000_sites__kn352213966,3,3,163.03,175.81,122.34,2528.3,9.31,unchanged
moni1000_sites__kn353113922,5,3,48.2,140.09,49.69,2912.1,9.87,coast_elev_gt_10
moni1000_sites__kn353113958,5,3,56.08,99.99,50.98,2028.4,0.87,coast_elev_gt_10
moni1000_sites__kn353113961,4,3,61.43,122.17,83.53,2212.9,2.03,lowland_relief_near_gt_30
moni1000_sites__kn353313953,4,3,53.35,102.51,44.58,2395.1,5.54,lowland_relief_near_gt_30
moni1000_sites__kn353413959,4,3,89.76,146.02,92.7,4024,5.08,lowland_relief_near_gt_30
moni1000_sites__kn353613922,3,3,171.54,104.82,53.44,7899.2,67.99,unchanged
moni1000_sites__kn353613946,4,3,44.19,43.75,35.59,4698.4,5,lowland_relief_near_gt_30
moni1000_sites__kn353613958,4,3,73.02,110.16,70.07,5159.8,18.85,lowland_relief_near_gt_30
moni1000_sites__kn353613959,4,3,66.13,129.27,95.6,4408.3,8.84,lowland_relief_near_gt_30
moni1000_sites__kn353813922,3,3,131.99,80.63,36.47,9980,72.8,unchanged
moni1000_sites__kn353813955,4,3,63.62,79.43,55.11,6767.4,11.2,lowland_relief_near_gt_30
moni1000_sites__kn354313935,4,3,33.09,52.49,31.77,12711.3,11.05,lowland_relief_near_gt_30
moni1000_sites__kn35451394,4,3,52.02,46.83,33.08,14592.7,15.23,lowland_relief_near_gt_30
moni1000_sites__kn354613921,2,2,484.13,434.8,170.8,18737.4,368.71,unchanged
moni1000_sites__kn354713899,1,1,1080.15,516.18,185.18,29007.3,700.94,unchanged
moni1000_sites__kn354713908,1,1,903.05,853.41,304.58,24278.3,467.57,unchanged
moni1000_sites__kn35471391,1,1,1270.16,620.62,225.9,23450.4,772.95,unchanged
moni1000_sites__kn35491394,4,3,72.63,65.87,35.09,19013.2,25,lowland_relief_near_gt_30
moni1000_sites__kn354913941,4,3,71.03,44.64,16.2,18983.5,26.27,lowland_above_floor_gt_15
moni1000_sites__kn355113951,4,3,54.32,63.51,26.23,12034.8,16.84,lowland_above_floor_gt_15
moni1000_sites__kn355213932,4,3,98.95,179.07,134.65,22864.1,48.24,lowland_relief_near_gt_30
moni1000_sites__kn355213952,4,3,36.53,56.71,33.88,11627.5,12.79,lowland_relief_near_gt_30
moni1000_sites__kn355313921,3,2,388.14,210.41,168.49,26258.4,273.08,mountain_relief_ge_200
moni1000_sites__kn355413913,2,2,467.04,509.87,147.09,29408.9,260.38,unchanged
moni1000_sites__kn355413949,4,3,41.88,54.4,23.82,15066.3,23.17,lowland_above_floor_gt_15
moni1000_sites__kn355413976,4,4,2.5,7.41,1.59,2965.5,0,unchanged
moni1000_sites__kn355713947,4,3,91.17,65.33,45.49,18373.6,32.65,lowland_relief_near_gt_30
sagami_livecams__sagami_livecam_01,4,4,3.56,3.05,0.9,2889.7,1.84,unchanged
sagami_livecams__sagami_livecam_02,4,4,5,9.07,1.19,4662.5,2.29,unchanged
sagami_livecams__sagami_livecam_03,4,4,9.58,20.06,6.32,6884.9,3.77,unchanged
sagami_livecams__sagami_livecam_04,4,4,9.58,20.06,6.32,6884.9,3.77,unchanged
sagami_livecams__sagami_livecam_05,4,4,23.1,38.72,6.71,15470.8,15.32,unchanged
sagami_livecams__sagami_livecam_06,4,4,23.1,38.72,6.71,15470.8,15.32,unchanged
sagami_livecams__sagami_livecam_07,4,4,23.1,38.72,6.71,15470.8,15.32,unchanged
sagami_livecams__sagami_livecam_08,4,4,25.32,58.69,16.02,17181.7,18.26,unchanged
sagami_livecams__sagami_livecam_09,4,4,25.32,58.69,16.02,17181.7,18.26,unchanged
sagami_livecams__sagami_livecam_10,4,4,25.32,58.69,16.02,17181.7,18.26,unchanged
sagami_livecams__sagami_livecam_11,4,3,90.1,46.03,5.57,22198.8,32.63,lowland_above_floor_gt_15
sagami_livecams__sagami_livecam_12,4,3,90.1,46.03,5.57,22198.8,32.63,lowland_above_floor_gt_15
sagami_livecams__sagami_livecam_13,4,3,90.1,46.03,5.57,22198.8,32.63,lowland_above_floor_gt_15
sagami_livecams__sagami_livecam_14,4,3,85,43.55,10.11,25242.4,47.17,lowland_above_floor_gt_15
sagami_livecams__sagami_livecam_15,4,3,85,43.55,10.11,25242.4,47.17,lowland_above_floor_gt_15
sagami_livecams__sagami_livecam_16,4,3,85,43.55,10.11,25242.4,47.17,lowland_above_floor_gt_15
