site_id,name_ja,lat,lon,definition_ref,place_local
atsugi_river_water_quality__中津川,中津川,,,https://data.bodik.jp/dataset/a7cb3c2d-6917-4005-9209-3a420ed5f50f/resource/7f36c043-8bba-4068-8332-6e0e9d51083d/download/kougai_kasen_r02data.xlsx#令和2年4月:中津川:pH（data/processed/atsugi_river_water_quality.csv; scripts/c86_ckan_bodik_yokohama.py; 原表に地点住所の記載がなく河川名を地点名として使用）
atsugi_river_water_quality__小鮎川,小鮎川,,,https://data.bodik.jp/dataset/a7cb3c2d-6917-4005-9209-3a420ed5f50f/resource/7f36c043-8bba-4068-8332-6e0e9d51083d/download/kougai_kasen_r02data.xlsx#令和2年4月:小鮎川:pH（data/processed/atsugi_river_water_quality.csv; scripts/c86_ckan_bodik_yokohama.py; 原表に地点住所の記載がなく河川名を地点名として使用）
atsugi_river_water_quality__玉川,玉川,,,https://data.bodik.jp/dataset/a7cb3c2d-6917-4005-9209-3a420ed5f50f/resource/7f36c043-8bba-4068-8332-6e0e9d51083d/download/kougai_kasen_r02data.xlsx#令和2年4月:玉　川:pH（data/processed/atsugi_river_water_quality.csv; scripts/c86_ckan_bodik_yokohama.py; 原表に地点住所の記載がなく河川名を地点名として使用）
atsugi_river_water_quality__相模川,相模川,,,https://data.bodik.jp/dataset/a7cb3c2d-6917-4005-9209-3a420ed5f50f/resource/7f36c043-8bba-4068-8332-6e0e9d51083d/download/kougai_kasen_r02data.xlsx#令和2年4月:相模川:pH（data/processed/atsugi_river_water_quality.csv; scripts/c86_ckan_bodik_yokohama.py; 原表に地点住所の記載がなく河川名を地点名として使用）
kanagawa_jiban_chinka__1,観音川観測所,,,https://www.pref.kanagawa.jp/documents/38669/r5table.xlsx#r5table.xlsx!表9!well1（data/processed/kanagawa_jiban_chinka.csv well_id=1; scripts/c84_jiban_chinka.py; 原本(地盤沈下観測井台帳)に緯度経度の記載なし）
kanagawa_jiban_chinka__10,市場観測所,,,https://www.pref.kanagawa.jp/documents/38669/r5table.xlsx#r5table.xlsx!表9!well10（data/processed/kanagawa_jiban_chinka.csv well_id=10; scripts/c84_jiban_chinka.py; 原本(地盤沈下観測井台帳)に緯度経度の記載なし）
kanagawa_jiban_chinka__11,横浜公園観測所,,,https://www.pref.kanagawa.jp/documents/38669/r5table.xlsx#r5table.xlsx!表9!well11（data/processed/kanagawa_jiban_chinka.csv well_id=11; scripts/c84_jiban_chinka.py; 原本(地盤沈下観測井台帳)に緯度経度の記載なし）
kanagawa_jiban_chinka__12-1,佐江戸公園観測所,,,https://www.pref.kanagawa.jp/documents/38669/r5table.xlsx#r5table.xlsx!表11-2-1!col5_row18（data/processed/kanagawa_jiban_chinka.csv well_id=12-1; scripts/c84_jiban_chinka.py; 原本(地盤沈下観測井台帳)に緯度経度の記載なし）
kanagawa_jiban_chinka__12-2,佐江戸公園観測所,,,https://www.pref.kanagawa.jp/documents/38669/r5table.xlsx#r5table.xlsx!表11-2-1!col6_row18（data/processed/kanagawa_jiban_chinka.csv well_id=12-2; scripts/c84_jiban_chinka.py; 原本(地盤沈下観測井台帳)に緯度経度の記載なし）
kanagawa_jiban_chinka__121,,,,https://www.pref.kanagawa.jp/documents/38669/r5table.xlsx#r5table.xlsx!表4!row33_col11（data/processed/kanagawa_jiban_chinka.csv well_id=121; scripts/c84_jiban_chinka.py; 原本(地盤沈下観測井台帳)に緯度経度の記載なし）
kanagawa_jiban_chinka__13,岡野公園観測所,,,https://www.pref.kanagawa.jp/documents/38669/r5table.xlsx#r5table.xlsx!表9!well13（data/processed/kanagawa_jiban_chinka.csv well_id=13; scripts/c84_jiban_chinka.py; 原本(地盤沈下観測井台帳)に緯度経度の記載なし）
kanagawa_jiban_chinka__130,,,,https://www.pref.kanagawa.jp/documents/38669/r5table.xlsx#r5table.xlsx!表4!row31_col11（data/processed/kanagawa_jiban_chinka.csv well_id=130; scripts/c84_jiban_chinka.py; 原本(地盤沈下観測井台帳)に緯度経度の記載なし）
kanagawa_jiban_chinka__14-1,新羽公園観測所,,,https://www.pref.kanagawa.jp/documents/38669/r5table.xlsx#r5table.xlsx!表11-2-1!col8_row6（data/processed/kanagawa_jiban_chinka.csv well_id=14-1; scripts/c84_jiban_chinka.py; 原本(地盤沈下観測井台帳)に緯度経度の記載なし）
kanagawa_jiban_chinka__14-2,新羽公園観測所,,,https://www.pref.kanagawa.jp/documents/38669/r5table.xlsx#r5table.xlsx!表11-2-1!col9_row6（data/processed/kanagawa_jiban_chinka.csv well_id=14-2; scripts/c84_jiban_chinka.py; 原本(地盤沈下観測井台帳)に緯度経度の記載なし）
kanagawa_jiban_chinka__140,,,,https://www.pref.kanagawa.jp/documents/38669/r5table.xlsx#r5table.xlsx!表4!row22_col11（data/processed/kanagawa_jiban_chinka.csv well_id=140; scripts/c84_jiban_chinka.py; 原本(地盤沈下観測井台帳)に緯度経度の記載なし）
kanagawa_jiban_chinka__148B,,,,https://www.pref.kanagawa.jp/documents/38669/r5table.xlsx#r5table.xlsx!表4!row43_col11（data/processed/kanagawa_jiban_chinka.csv well_id=148B; scripts/c84_jiban_chinka.py; 原本(地盤沈下観測井台帳)に緯度経度の記載なし）
kanagawa_jiban_chinka__15,秋葉町観測所,,,https://www.pref.kanagawa.jp/documents/38669/r5table.xlsx#r5table.xlsx!表9!well15（data/processed/kanagawa_jiban_chinka.csv well_id=15; scripts/c84_jiban_chinka.py; 原本(地盤沈下観測井台帳)に緯度経度の記載なし）
kanagawa_jiban_chinka__16,都筑観測所,,,https://www.pref.kanagawa.jp/documents/38669/r5table.xlsx#r5table.xlsx!表9!well16（data/processed/kanagawa_jiban_chinka.csv well_id=16; scripts/c84_jiban_chinka.py; 原本(地盤沈下観測井台帳)に緯度経度の記載なし）
kanagawa_jiban_chinka__17-1,新横浜駅前公園観測所,,,https://www.pref.kanagawa.jp/documents/38669/r5table.xlsx#r5table.xlsx!表11-2-2!col3_row7（data/processed/kanagawa_jiban_chinka.csv well_id=17-1; scripts/c84_jiban_chinka.py; 原本(地盤沈下観測井台帳)に緯度経度の記載なし）
kanagawa_jiban_chinka__17-2,新横浜駅前公園観測所,,,https://www.pref.kanagawa.jp/documents/38669/r5table.xlsx#r5table.xlsx!表11-2-2!col4_row6（data/processed/kanagawa_jiban_chinka.csv well_id=17-2; scripts/c84_jiban_chinka.py; 原本(地盤沈下観測井台帳)に緯度経度の記載なし）
kanagawa_jiban_chinka__17-3,新横浜駅前公園観測所,,,https://www.pref.kanagawa.jp/documents/38669/r5table.xlsx#r5table.xlsx!表11-2-2!col5_row6（data/processed/kanagawa_jiban_chinka.csv well_id=17-3; scripts/c84_jiban_chinka.py; 原本(地盤沈下観測井台帳)に緯度経度の記載なし）
kanagawa_jiban_chinka__18,戸塚駅周辺地下水位観測所,,,https://www.pref.kanagawa.jp/documents/38669/r5table.xlsx#r5table.xlsx!表9!well18（data/processed/kanagawa_jiban_chinka.csv well_id=18; scripts/c84_jiban_chinka.py; 原本(地盤沈下観測井台帳)に緯度経度の記載なし）
kanagawa_jiban_chinka__19,,,,https://www.pref.kanagawa.jp/documents/38669/r5table.xlsx#r5table.xlsx!表9!well19（data/processed/kanagawa_jiban_chinka.csv well_id=19; scripts/c84_jiban_chinka.py; 原本(地盤沈下観測井台帳)に緯度経度の記載なし）
kanagawa_jiban_chinka__2,六郷観測所,,,https://www.pref.kanagawa.jp/documents/38669/r5table.xlsx#r5table.xlsx!表9!well2（data/processed/kanagawa_jiban_chinka.csv well_id=2; scripts/c84_jiban_chinka.py; 原本(地盤沈下観測井台帳)に緯度経度の記載なし）
kanagawa_jiban_chinka__20,,,,https://www.pref.kanagawa.jp/documents/38669/r5table.xlsx#r5table.xlsx!表9!well20（data/processed/kanagawa_jiban_chinka.csv well_id=20; scripts/c84_jiban_chinka.py; 原本(地盤沈下観測井台帳)に緯度経度の記載なし）
kanagawa_jiban_chinka__206,,,,https://www.pref.kanagawa.jp/documents/38669/r5table.xlsx#r5table.xlsx!表4!row7_col11（data/processed/kanagawa_jiban_chinka.csv well_id=206; scripts/c84_jiban_chinka.py; 原本(地盤沈下観測井台帳)に緯度経度の記載なし）
kanagawa_jiban_chinka__21,八景小学校観測所,,,https://www.pref.kanagawa.jp/documents/38669/r5table.xlsx#r5table.xlsx!表9!well21（data/processed/kanagawa_jiban_chinka.csv well_id=21; scripts/c84_jiban_chinka.py; 原本(地盤沈下観測井台帳)に緯度経度の記載なし）
kanagawa_jiban_chinka__22,西寺尾第2小学校観測所,,,https://www.pref.kanagawa.jp/documents/38669/r5table.xlsx#r5table.xlsx!表9!well22（data/processed/kanagawa_jiban_chinka.csv well_id=22; scripts/c84_jiban_chinka.py; 原本(地盤沈下観測井台帳)に緯度経度の記載なし）
kanagawa_jiban_chinka__227,,,,https://www.pref.kanagawa.jp/documents/38669/r5table.xlsx#r5table.xlsx!表4!row6_col11（data/processed/kanagawa_jiban_chinka.csv well_id=227; scripts/c84_jiban_chinka.py; 原本(地盤沈下観測井台帳)に緯度経度の記載なし）
kanagawa_jiban_chinka__23,西寺尾公園観測所,,,https://www.pref.kanagawa.jp/documents/38669/r5table.xlsx#r5table.xlsx!表9!well23（data/processed/kanagawa_jiban_chinka.csv well_id=23; scripts/c84_jiban_chinka.py; 原本(地盤沈下観測井台帳)に緯度経度の記載なし）
kanagawa_jiban_chinka__24,海老名観測所,,,https://www.pref.kanagawa.jp/documents/38669/r5table.xlsx#r5table.xlsx!表9!well24（data/processed/kanagawa_jiban_chinka.csv well_id=24; scripts/c84_jiban_chinka.py; 原本(地盤沈下観測井台帳)に緯度経度の記載なし）
kanagawa_jiban_chinka__247B,,,,https://www.pref.kanagawa.jp/documents/38669/r5table.xlsx#r5table.xlsx!表4!row45_col11（data/processed/kanagawa_jiban_chinka.csv well_id=247B; scripts/c84_jiban_chinka.py; 原本(地盤沈下観測井台帳)に緯度経度の記載なし）
kanagawa_jiban_chinka__25,松原観測所,,,https://www.pref.kanagawa.jp/documents/38669/r5table.xlsx#r5table.xlsx!表9!well25（data/processed/kanagawa_jiban_chinka.csv well_id=25; scripts/c84_jiban_chinka.py; 原本(地盤沈下観測井台帳)に緯度経度の記載なし）
kanagawa_jiban_chinka__257,,,,https://www.pref.kanagawa.jp/documents/38669/r5table.xlsx#r5table.xlsx!表4!row24_col11（data/processed/kanagawa_jiban_chinka.csv well_id=257; scripts/c84_jiban_chinka.py; 原本(地盤沈下観測井台帳)に緯度経度の記載なし）
kanagawa_jiban_chinka__258,,,,https://www.pref.kanagawa.jp/documents/38669/r5table.xlsx#r5table.xlsx!表4!row19_col11（data/processed/kanagawa_jiban_chinka.csv well_id=258; scripts/c84_jiban_chinka.py; 原本(地盤沈下観測井台帳)に緯度経度の記載なし）
kanagawa_jiban_chinka__26,大原観測所,,,https://www.pref.kanagawa.jp/documents/38669/r5table.xlsx#r5table.xlsx!表9!well26（data/processed/kanagawa_jiban_chinka.csv well_id=26; scripts/c84_jiban_chinka.py; 原本(地盤沈下観測井台帳)に緯度経度の記載なし）
kanagawa_jiban_chinka__261,,,,https://www.pref.kanagawa.jp/documents/38669/r5table.xlsx#r5table.xlsx!表4!row10_col11（data/processed/kanagawa_jiban_chinka.csv well_id=261; scripts/c84_jiban_chinka.py; 原本(地盤沈下観測井台帳)に緯度経度の記載なし）
kanagawa_jiban_chinka__27,四之宮観測所,,,https://www.pref.kanagawa.jp/documents/38669/r5table.xlsx#r5table.xlsx!表9!well27（data/processed/kanagawa_jiban_chinka.csv well_id=27; scripts/c84_jiban_chinka.py; 原本(地盤沈下観測井台帳)に緯度経度の記載なし）
kanagawa_jiban_chinka__28,金田観測所,,,https://www.pref.kanagawa.jp/documents/38669/r5table.xlsx#r5table.xlsx!表9!well28（data/processed/kanagawa_jiban_chinka.csv well_id=28; scripts/c84_jiban_chinka.py; 原本(地盤沈下観測井台帳)に緯度経度の記載なし）
kanagawa_jiban_chinka__29,麻生観測所,,,https://www.pref.kanagawa.jp/documents/38669/r5table.xlsx#r5table.xlsx!表9!well29（data/processed/kanagawa_jiban_chinka.csv well_id=29; scripts/c84_jiban_chinka.py; 原本(地盤沈下観測井台帳)に緯度経度の記載なし）
kanagawa_jiban_chinka__297,,,,https://www.pref.kanagawa.jp/documents/38669/r5table.xlsx#r5table.xlsx!表4!row50_col11（data/processed/kanagawa_jiban_chinka.csv well_id=297; scripts/c84_jiban_chinka.py; 原本(地盤沈下観測井台帳)に緯度経度の記載なし）
kanagawa_jiban_chinka__3,渡田観測所,,,https://www.pref.kanagawa.jp/documents/38669/r5table.xlsx#r5table.xlsx!表9!well3（data/processed/kanagawa_jiban_chinka.csv well_id=3; scripts/c84_jiban_chinka.py; 原本(地盤沈下観測井台帳)に緯度経度の記載なし）
kanagawa_jiban_chinka__30,宮前観測所,,,https://www.pref.kanagawa.jp/documents/38669/r5table.xlsx#r5table.xlsx!表9!well30（data/processed/kanagawa_jiban_chinka.csv well_id=30; scripts/c84_jiban_chinka.py; 原本(地盤沈下観測井台帳)に緯度経度の記載なし）
kanagawa_jiban_chinka__318,,,,https://www.pref.kanagawa.jp/documents/38669/r5table.xlsx#r5table.xlsx!表4!row35_col11（data/processed/kanagawa_jiban_chinka.csv well_id=318; scripts/c84_jiban_chinka.py; 原本(地盤沈下観測井台帳)に緯度経度の記載なし）
kanagawa_jiban_chinka__32,,,,https://www.pref.kanagawa.jp/documents/38669/r5table.xlsx#r5table.xlsx!表4!row56_col11（data/processed/kanagawa_jiban_chinka.csv well_id=32; scripts/c84_jiban_chinka.py; 原本(地盤沈下観測井台帳)に緯度経度の記載なし）
kanagawa_jiban_chinka__336,,,,https://www.pref.kanagawa.jp/documents/38669/r5table.xlsx#r5table.xlsx!表4!row36_col11（data/processed/kanagawa_jiban_chinka.csv well_id=336; scripts/c84_jiban_chinka.py; 原本(地盤沈下観測井台帳)に緯度経度の記載なし）
kanagawa_jiban_chinka__34,,,,https://www.pref.kanagawa.jp/documents/38669/r5table.xlsx#r5table.xlsx!表4!row18_col11（data/processed/kanagawa_jiban_chinka.csv well_id=34; scripts/c84_jiban_chinka.py; 原本(地盤沈下観測井台帳)に緯度経度の記載なし）
kanagawa_jiban_chinka__37-0,,,,https://www.pref.kanagawa.jp/documents/38669/r5table.xlsx#r5table.xlsx!表4!row47_col11（data/processed/kanagawa_jiban_chinka.csv well_id=37-0; scripts/c84_jiban_chinka.py; 原本(地盤沈下観測井台帳)に緯度経度の記載なし）
kanagawa_jiban_chinka__4,田島観測所,,,https://www.pref.kanagawa.jp/documents/38669/r5table.xlsx#r5table.xlsx!表9!well4（data/processed/kanagawa_jiban_chinka.csv well_id=4; scripts/c84_jiban_chinka.py; 原本(地盤沈下観測井台帳)に緯度経度の記載なし）
kanagawa_jiban_chinka__43,,,,https://www.pref.kanagawa.jp/documents/38669/r5table.xlsx#r5table.xlsx!表4!row29_col11（data/processed/kanagawa_jiban_chinka.csv well_id=43; scripts/c84_jiban_chinka.py; 原本(地盤沈下観測井台帳)に緯度経度の記載なし）
kanagawa_jiban_chinka__432,,,,https://www.pref.kanagawa.jp/documents/38669/r5table.xlsx#r5table.xlsx!表4!row44_col11（data/processed/kanagawa_jiban_chinka.csv well_id=432; scripts/c84_jiban_chinka.py; 原本(地盤沈下観測井台帳)に緯度経度の記載なし）
kanagawa_jiban_chinka__49,,,,https://www.pref.kanagawa.jp/documents/38669/r5table.xlsx#r5table.xlsx!表4!row32_col11（data/processed/kanagawa_jiban_chinka.csv well_id=49; scripts/c84_jiban_chinka.py; 原本(地盤沈下観測井台帳)に緯度経度の記載なし）
kanagawa_jiban_chinka__5,千鳥町観測所,,,https://www.pref.kanagawa.jp/documents/38669/r5table.xlsx#r5table.xlsx!表9!well5（data/processed/kanagawa_jiban_chinka.csv well_id=5; scripts/c84_jiban_chinka.py; 原本(地盤沈下観測井台帳)に緯度経度の記載なし）
kanagawa_jiban_chinka__6,小向観測所,,,https://www.pref.kanagawa.jp/documents/38669/r5table.xlsx#r5table.xlsx!表9!well6（data/processed/kanagawa_jiban_chinka.csv well_id=6; scripts/c84_jiban_chinka.py; 原本(地盤沈下観測井台帳)に緯度経度の記載なし）
kanagawa_jiban_chinka__60A,,,,https://www.pref.kanagawa.jp/documents/38669/r5table.xlsx#r5table.xlsx!表4!row53_col11（data/processed/kanagawa_jiban_chinka.csv well_id=60A; scripts/c84_jiban_chinka.py; 原本(地盤沈下観測井台帳)に緯度経度の記載なし）
kanagawa_jiban_chinka__61,,,,https://www.pref.kanagawa.jp/documents/38669/r5table.xlsx#r5table.xlsx!表4!row52_col11（data/processed/kanagawa_jiban_chinka.csv well_id=61; scripts/c84_jiban_chinka.py; 原本(地盤沈下観測井台帳)に緯度経度の記載なし）
kanagawa_jiban_chinka__7,坂戸観測所,,,https://www.pref.kanagawa.jp/documents/38669/r5table.xlsx#r5table.xlsx!表9!well7（data/processed/kanagawa_jiban_chinka.csv well_id=7; scripts/c84_jiban_chinka.py; 原本(地盤沈下観測井台帳)に緯度経度の記載なし）
kanagawa_jiban_chinka__72C,,,,https://www.pref.kanagawa.jp/documents/38669/r5table.xlsx#r5table.xlsx!表4!row55_col11（data/processed/kanagawa_jiban_chinka.csv well_id=72C; scripts/c84_jiban_chinka.py; 原本(地盤沈下観測井台帳)に緯度経度の記載なし）
kanagawa_jiban_chinka__79,,,,https://www.pref.kanagawa.jp/documents/38669/r5table.xlsx#r5table.xlsx!表4!row27_col11（data/processed/kanagawa_jiban_chinka.csv well_id=79; scripts/c84_jiban_chinka.py; 原本(地盤沈下観測井台帳)に緯度経度の記載なし）
kanagawa_jiban_chinka__8,新城観測所,,,https://www.pref.kanagawa.jp/documents/38669/r5table.xlsx#r5table.xlsx!表9!well8（data/processed/kanagawa_jiban_chinka.csv well_id=8; scripts/c84_jiban_chinka.py; 原本(地盤沈下観測井台帳)に緯度経度の記載なし）
kanagawa_jiban_chinka__812,,,,https://www.pref.kanagawa.jp/documents/38669/r5table.xlsx#r5table.xlsx!表4!row48_col11（data/processed/kanagawa_jiban_chinka.csv well_id=812; scripts/c84_jiban_chinka.py; 原本(地盤沈下観測井台帳)に緯度経度の記載なし）
kanagawa_jiban_chinka__9,稲田観測所,,,https://www.pref.kanagawa.jp/documents/38669/r5table.xlsx#r5table.xlsx!表9!well9（data/processed/kanagawa_jiban_chinka.csv well_id=9; scripts/c84_jiban_chinka.py; 原本(地盤沈下観測井台帳)に緯度経度の記載なし）
kanagawa_jiban_chinka__967,,,,https://www.pref.kanagawa.jp/documents/38669/r5table.xlsx#r5table.xlsx!表4!row9_col11（data/processed/kanagawa_jiban_chinka.csv well_id=967; scripts/c84_jiban_chinka.py; 原本(地盤沈下観測井台帳)に緯度経度の記載なし）
kanagawa_jiban_chinka__974,,,,https://www.pref.kanagawa.jp/documents/38669/r5table.xlsx#r5table.xlsx!表4!row14_col11（data/processed/kanagawa_jiban_chinka.csv well_id=974; scripts/c84_jiban_chinka.py; 原本(地盤沈下観測井台帳)に緯度経度の記載なし）
kanagawa_jiban_chinka__978,,,,https://www.pref.kanagawa.jp/documents/38669/r5table.xlsx#r5table.xlsx!表4!row13_col11（data/processed/kanagawa_jiban_chinka.csv well_id=978; scripts/c84_jiban_chinka.py; 原本(地盤沈下観測井台帳)に緯度経度の記載なし）
kanagawa_jiban_chinka__982,,,,https://www.pref.kanagawa.jp/documents/38669/r5table.xlsx#r5table.xlsx!表4!row15_col11（data/processed/kanagawa_jiban_chinka.csv well_id=982; scripts/c84_jiban_chinka.py; 原本(地盤沈下観測井台帳)に緯度経度の記載なし）
kanagawa_jiban_chinka__M-17,,,,https://www.pref.kanagawa.jp/documents/38669/r5table.xlsx#r5table.xlsx!表4!row41_col11（data/processed/kanagawa_jiban_chinka.csv well_id=M-17; scripts/c84_jiban_chinka.py; 原本(地盤沈下観測井台帳)に緯度経度の記載なし）
kanagawa_jiban_chinka__M-22,,,,https://www.pref.kanagawa.jp/documents/38669/r5table.xlsx#r5table.xlsx!表4!row26_col11（data/processed/kanagawa_jiban_chinka.csv well_id=M-22; scripts/c84_jiban_chinka.py; 原本(地盤沈下観測井台帳)に緯度経度の記載なし）
kanagawa_jiban_chinka__T-14,,,,https://www.pref.kanagawa.jp/documents/38669/r5table.xlsx#r5table.xlsx!表4!row12_col11（data/processed/kanagawa_jiban_chinka.csv well_id=T-14; scripts/c84_jiban_chinka.py; 原本(地盤沈下観測井台帳)に緯度経度の記載なし）
kanagawa_jiban_chinka__T-23,,,,https://www.pref.kanagawa.jp/documents/38669/r5table.xlsx#r5table.xlsx!表4!row11_col11（data/processed/kanagawa_jiban_chinka.csv well_id=T-23; scripts/c84_jiban_chinka.py; 原本(地盤沈下観測井台帳)に緯度経度の記載なし）
kanagawa_jiban_chinka__T-37,,,,https://www.pref.kanagawa.jp/documents/38669/r5table.xlsx#r5table.xlsx!表4!row8_col11（data/processed/kanagawa_jiban_chinka.csv well_id=T-37; scripts/c84_jiban_chinka.py; 原本(地盤沈下観測井台帳)に緯度経度の記載なし）
kanagawa_jiban_chinka__T-49,,,,https://www.pref.kanagawa.jp/documents/38669/r5table.xlsx#r5table.xlsx!表4!row37_col11（data/processed/kanagawa_jiban_chinka.csv well_id=T-49; scripts/c84_jiban_chinka.py; 原本(地盤沈下観測井台帳)に緯度経度の記載なし）
kanagawa_jiban_chinka__T-53,,,,https://www.pref.kanagawa.jp/documents/38669/r5table.xlsx#r5table.xlsx!表4!row42_col11（data/processed/kanagawa_jiban_chinka.csv well_id=T-53; scripts/c84_jiban_chinka.py; 原本(地盤沈下観測井台帳)に緯度経度の記載なし）
kanagawa_jiban_chinka__T-63,,,,https://www.pref.kanagawa.jp/documents/38669/r5table.xlsx#r5table.xlsx!表4!row34_col11（data/processed/kanagawa_jiban_chinka.csv well_id=T-63; scripts/c84_jiban_chinka.py; 原本(地盤沈下観測井台帳)に緯度経度の記載なし）
kanagawa_jiban_chinka__T-73,,,,https://www.pref.kanagawa.jp/documents/38669/r5table.xlsx#r5table.xlsx!表4!row54_col11（data/processed/kanagawa_jiban_chinka.csv well_id=T-73; scripts/c84_jiban_chinka.py; 原本(地盤沈下観測井台帳)に緯度経度の記載なし）
kanagawa_jiban_chinka__旧29,寒川観測所,,,https://www.pref.kanagawa.jp/documents/38669/r5table.xlsx#r5table.xlsx!表9!well旧29（data/processed/kanagawa_jiban_chinka.csv well_id=旧29; scripts/c84_jiban_chinka.py; 原本(地盤沈下観測井台帳)に緯度経度の記載なし）
kanagawa_jiban_chinka__渡4A,,,,https://www.pref.kanagawa.jp/documents/38669/r5table.xlsx#r5table.xlsx!表4!row49_col11（data/processed/kanagawa_jiban_chinka.csv well_id=渡4A; scripts/c84_jiban_chinka.py; 原本(地盤沈下観測井台帳)に緯度経度の記載なし）
kanagawa_jiban_chinka__県全体,神奈川県（県全体、地点ではなく集計値）,,,神奈川県地盤沈下観測 表4 の県全体集計行（個別の観測井戸ではない）。scripts/c84_jiban_chinka.py 参照。集計値のため座標なし。
hiratsuka_taiki_stations__hiratsuka_101,大野公民館,,,https://hiratsukataiki.sakura.ne.jp/download-kakutei.php（data/processed/hiratsuka_taiki_stations.csv station_code=101; scripts/c85_hiratsuka_taiki.py; 原本(ひらつか大気テレメータ)に緯度経度の記載なし）
hiratsuka_taiki_stations__hiratsuka_102,神田小学校,,,https://hiratsukataiki.sakura.ne.jp/download-kakutei.php（data/processed/hiratsuka_taiki_stations.csv station_code=102; scripts/c85_hiratsuka_taiki.py; 原本(ひらつか大気テレメータ)に緯度経度の記載なし）
hiratsuka_taiki_stations__hiratsuka_103,旭小学校,,,https://hiratsukataiki.sakura.ne.jp/download-kakutei.php（data/processed/hiratsuka_taiki_stations.csv station_code=103; scripts/c85_hiratsuka_taiki.py; 原本(ひらつか大気テレメータ)に緯度経度の記載なし）
hiratsuka_taiki_stations__hiratsuka_104,花水小学校,,,https://hiratsukataiki.sakura.ne.jp/download-kakutei.php（data/processed/hiratsuka_taiki_stations.csv station_code=104; scripts/c85_hiratsuka_taiki.py; 原本(ひらつか大気テレメータ)に緯度経度の記載なし）
hiratsuka_taiki_stations__hiratsuka_105,松原歩道橋,,,https://hiratsukataiki.sakura.ne.jp/download-kakutei.php（data/processed/hiratsuka_taiki_stations.csv station_code=105; scripts/c85_hiratsuka_taiki.py; 原本(ひらつか大気テレメータ)に緯度経度の記載なし）
sagamihara_taiki_stations__sagamihara_101,市役所,,,f35dfc4d-cdd9-4b85-81c0-55503b2cfeb6#101（data/processed/sagamihara_taiki_stations.csv station_id=sagamihara_101; scripts/c13_sagamihara_taiki.py; CKAN リソースに緯度経度の記載なし）
sagamihara_taiki_stations__sagamihara_105,津久井,,,f35dfc4d-cdd9-4b85-81c0-55503b2cfeb6#105（data/processed/sagamihara_taiki_stations.csv station_id=sagamihara_105; scripts/c13_sagamihara_taiki.py; CKAN リソースに緯度経度の記載なし）
soramame_stations_kanagawa__soramame_14206010,小田原市役所,,,"https://soramame.env.go.jp/data/sokutei/existence/2026/08/29/13.csv#14206010（data/processed/soramame_stations_kanagawa.csv station_id=soramame_14206010, 住所=小田原市荻窪３００; scripts/c11_soramame.py: そらまめ君の公開CSVに緯度経度は含まれない）"
soramame_stations_kanagawa__soramame_14209050,津久井,,,"https://soramame.env.go.jp/data/sokutei/existence/2026/08/29/13.csv#14209050（data/processed/soramame_stations_kanagawa.csv station_id=soramame_14209050, 住所=相模原市緑区中野633; scripts/c11_soramame.py: そらまめ君の公開CSVに緯度経度は含まれない）"
soramame_stations_kanagawa__soramame_14321010,寒川町役場,,,"https://soramame.env.go.jp/data/sokutei/existence/2026/08/29/13.csv#14321010（data/processed/soramame_stations_kanagawa.csv station_id=soramame_14321010, 住所=高座郡寒川町宮山１６５; scripts/c11_soramame.py: そらまめ君の公開CSVに緯度経度は含まれない）"
soramame_stations_kanagawa__soramame_14401010,愛川町角田,,,"https://soramame.env.go.jp/data/sokutei/existence/2026/08/29/13.csv#14401010（data/processed/soramame_stations_kanagawa.csv station_id=soramame_14401010, 住所=愛甲郡愛川町角田１０４－４; scripts/c11_soramame.py: そらまめ君の公開CSVに緯度経度は含まれない）"
yokohama_river_waterlevel__,,,,site_id の局番コードが空文字（原本側で局が特定できない欠測行）。data/processed/yokohama_river_waterlevel_stations.csv に対応する行なし。sensor_timeseries に730行この site_id が現れる（build_place.py 参照）。,no-station-code
yokohama_river_waterlevel__546601,神明橋,35.51361111,139.5211667,https://www.city.yokohama.lg.jp/kurashi/machizukuri-kankyo/kasen-gesuido/kasen/suibou/opendata.files/0003_20240705.csv（data/processed/yokohama_river_waterlevel_stations.csv station_id=546601; 横浜市 河川水位情報オープンデータに緯度経度の記載あり）
yokohama_river_waterlevel__546602,宮原橋,35.49966667,139.6072778,https://www.city.yokohama.lg.jp/kurashi/machizukuri-kankyo/kasen-gesuido/kasen/suibou/opendata.files/0003_20240705.csv（data/processed/yokohama_river_waterlevel_stations.csv station_id=546602; 横浜市 河川水位情報オープンデータに緯度経度の記載あり）
yokohama_river_waterlevel__546603,下橋,35.49855556,139.6024722,https://www.city.yokohama.lg.jp/kurashi/machizukuri-kankyo/kasen-gesuido/kasen/suibou/opendata.files/0003_20240705.csv（data/processed/yokohama_river_waterlevel_stations.csv station_id=546603; 横浜市 河川水位情報オープンデータに緯度経度の記載あり）
yokohama_river_waterlevel__546605,下永谷３号橋,35.41877778,139.5599444,https://www.city.yokohama.lg.jp/kurashi/machizukuri-kankyo/kasen-gesuido/kasen/suibou/opendata.files/0003_20240705.csv（data/processed/yokohama_river_waterlevel_stations.csv station_id=546605; 横浜市 河川水位情報オープンデータに緯度経度の記載あり）
yokohama_river_waterlevel__546606,元舞橋,35.41094444,139.5419444,https://www.city.yokohama.lg.jp/kurashi/machizukuri-kankyo/kasen-gesuido/kasen/suibou/opendata.files/0003_20240705.csv（data/processed/yokohama_river_waterlevel_stations.csv station_id=546606; 横浜市 河川水位情報オープンデータに緯度経度の記載あり）
yokohama_river_waterlevel__546607,伊勢堰橋,35.427,139.5265278,https://www.city.yokohama.lg.jp/kurashi/machizukuri-kankyo/kasen-gesuido/kasen/suibou/opendata.files/0003_20240705.csv（data/processed/yokohama_river_waterlevel_stations.csv station_id=546607; 横浜市 河川水位情報オープンデータに緯度経度の記載あり）
yokohama_river_waterlevel__546608,栄橋,35.43222222,139.5316667,https://www.city.yokohama.lg.jp/kurashi/machizukuri-kankyo/kasen-gesuido/kasen/suibou/opendata.files/0003_20240705.csv（data/processed/yokohama_river_waterlevel_stations.csv station_id=546608; 横浜市 河川水位情報オープンデータに緯度経度の記載あり）
yokohama_river_waterlevel__546609,上分橋,35.424751,139.490135,https://www.city.yokohama.lg.jp/kurashi/machizukuri-kankyo/kasen-gesuido/kasen/suibou/opendata.files/0003_20240705.csv（data/processed/yokohama_river_waterlevel_stations.csv station_id=546609; 横浜市 河川水位情報オープンデータに緯度経度の記載あり）
yokohama_river_waterlevel__546610,汲沢中学校橋,35.39756694,139.5085028,https://www.city.yokohama.lg.jp/kurashi/machizukuri-kankyo/kasen-gesuido/kasen/suibou/opendata.files/0003_20240705.csv（data/processed/yokohama_river_waterlevel_stations.csv station_id=546610; 横浜市 河川水位情報オープンデータに緯度経度の記載あり）
yokohama_river_waterlevel__546611,城山橋,35.365204,139.5520181,https://www.city.yokohama.lg.jp/kurashi/machizukuri-kankyo/kasen-gesuido/kasen/suibou/opendata.files/0003_20240705.csv（data/processed/yokohama_river_waterlevel_stations.csv station_id=546611; 横浜市 河川水位情報オープンデータに緯度経度の記載あり）
yokohama_river_waterlevel__546612,永戸人道橋,35.419,139.5623333,https://www.city.yokohama.lg.jp/kurashi/machizukuri-kankyo/kasen-gesuido/kasen/suibou/opendata.files/0003_20240705.csv（data/processed/yokohama_river_waterlevel_stations.csv station_id=546612; 横浜市 河川水位情報オープンデータに緯度経度の記載あり）
yokohama_river_waterlevel__546613,宮川橋,35.34308333,139.6129167,https://www.city.yokohama.lg.jp/kurashi/machizukuri-kankyo/kasen-gesuido/kasen/suibou/opendata.files/0003_20240705.csv（data/processed/yokohama_river_waterlevel_stations.csv station_id=546613; 横浜市 河川水位情報オープンデータに緯度経度の記載あり）
yokohama_river_waterlevel__546631,鳥山川遊水池越流堤上流,35.49178,139.598419,https://www.city.yokohama.lg.jp/kurashi/machizukuri-kankyo/kasen-gesuido/kasen/suibou/opendata.files/0003_20240705.csv（data/processed/yokohama_river_waterlevel_stations.csv station_id=546631; 横浜市 河川水位情報オープンデータに緯度経度の記載あり）
yokohama_river_waterlevel__546632,鳥山川遊水池放流渠下流,35.493113,139.59908,https://www.city.yokohama.lg.jp/kurashi/machizukuri-kankyo/kasen-gesuido/kasen/suibou/opendata.files/0003_20240705.csv（data/processed/yokohama_river_waterlevel_stations.csv station_id=546632; 横浜市 河川水位情報オープンデータに緯度経度の記載あり）
yokohama_river_waterlevel__546633,鳥山川遊水池左支川越流堤上流,35.492879,139.597682,https://www.city.yokohama.lg.jp/kurashi/machizukuri-kankyo/kasen-gesuido/kasen/suibou/opendata.files/0003_20240705.csv（data/processed/yokohama_river_waterlevel_stations.csv station_id=546633; 横浜市 河川水位情報オープンデータに緯度経度の記載あり）
yokohama_river_waterlevel__546634,中野橋,35.44763889,139.5991667,https://www.city.yokohama.lg.jp/kurashi/machizukuri-kankyo/kasen-gesuido/kasen/suibou/opendata.files/0003_20240705.csv（data/processed/yokohama_river_waterlevel_stations.csv station_id=546634; 横浜市 河川水位情報オープンデータに緯度経度の記載あり）
yokohama_river_waterlevel__546635,保土ヶ谷橋,35.44341667,139.5958056,https://www.city.yokohama.lg.jp/kurashi/machizukuri-kankyo/kasen-gesuido/kasen/suibou/opendata.files/0003_20240705.csv（data/processed/yokohama_river_waterlevel_stations.csv station_id=546635; 横浜市 河川水位情報オープンデータに緯度経度の記載あり）
yokohama_river_waterlevel__546636,八幡橋,35.44408333,139.5926111,https://www.city.yokohama.lg.jp/kurashi/machizukuri-kankyo/kasen-gesuido/kasen/suibou/opendata.files/0003_20240705.csv（data/processed/yokohama_river_waterlevel_stations.csv station_id=546636; 横浜市 河川水位情報オープンデータに緯度経度の記載あり）
yokohama_river_waterlevel__546637,今井川地下調整池越流堰上流,35.445677,139.580134,https://www.city.yokohama.lg.jp/kurashi/machizukuri-kankyo/kasen-gesuido/kasen/suibou/opendata.files/0003_20240705.csv（data/processed/yokohama_river_waterlevel_stations.csv station_id=546637; 横浜市 河川水位情報オープンデータに緯度経度の記載あり）
yokohama_river_waterlevel__546638,今井川地下調整池越流堰下流,35.445499,139.581713,https://www.city.yokohama.lg.jp/kurashi/machizukuri-kankyo/kasen-gesuido/kasen/suibou/opendata.files/0003_20240705.csv（data/processed/yokohama_river_waterlevel_stations.csv station_id=546638; 横浜市 河川水位情報オープンデータに緯度経度の記載あり）
yokohama_river_waterlevel__546639,水神橋,35.36311111,139.5385278,https://www.city.yokohama.lg.jp/kurashi/machizukuri-kankyo/kasen-gesuido/kasen/suibou/opendata.files/0003_20240705.csv（data/processed/yokohama_river_waterlevel_stations.csv station_id=546639; 横浜市 河川水位情報オープンデータに緯度経度の記載あり）
yokohama_river_waterlevel__546640,阿久和川合流後,35.414185,139.5377339,https://www.city.yokohama.lg.jp/kurashi/machizukuri-kankyo/kasen-gesuido/kasen/suibou/opendata.files/0003_20240705.csv（data/processed/yokohama_river_waterlevel_stations.csv station_id=546640; 横浜市 河川水位情報オープンデータに緯度経度の記載あり）
yokohama_river_waterlevel__546641,外郷橋,35.42087,139.55547,https://www.city.yokohama.lg.jp/kurashi/machizukuri-kankyo/kasen-gesuido/kasen/suibou/opendata.files/0003_20240705.csv（data/processed/yokohama_river_waterlevel_stations.csv station_id=546641; 横浜市 河川水位情報オープンデータに緯度経度の記載あり）
yokohama_river_waterlevel__546642,嶽下橋,35.42025,139.5484444,https://www.city.yokohama.lg.jp/kurashi/machizukuri-kankyo/kasen-gesuido/kasen/suibou/opendata.files/0003_20240705.csv（data/processed/yokohama_river_waterlevel_stations.csv station_id=546642; 横浜市 河川水位情報オープンデータに緯度経度の記載あり）
yokohama_river_waterlevel__546643,トーヨー橋,35.41994444,139.5368611,https://www.city.yokohama.lg.jp/kurashi/machizukuri-kankyo/kasen-gesuido/kasen/suibou/opendata.files/0003_20240705.csv（data/processed/yokohama_river_waterlevel_stations.csv station_id=546643; 横浜市 河川水位情報オープンデータに緯度経度の記載あり）
yokohama_river_waterlevel__546644,韮橋,35.38086111,139.4985,https://www.city.yokohama.lg.jp/kurashi/machizukuri-kankyo/kasen-gesuido/kasen/suibou/opendata.files/0003_20240705.csv（data/processed/yokohama_river_waterlevel_stations.csv station_id=546644; 横浜市 河川水位情報オープンデータに緯度経度の記載あり）
yokohama_river_waterlevel__546645,赤関おとなり橋,35.44966667,139.4923333,https://www.city.yokohama.lg.jp/kurashi/machizukuri-kankyo/kasen-gesuido/kasen/suibou/opendata.files/0003_20240705.csv（data/processed/yokohama_river_waterlevel_stations.csv station_id=546645; 横浜市 河川水位情報オープンデータに緯度経度の記載あり）
yokohama_river_waterlevel__546646,四ツ谷橋,35.40136111,139.4869167,https://www.city.yokohama.lg.jp/kurashi/machizukuri-kankyo/kasen-gesuido/kasen/suibou/opendata.files/0003_20240705.csv（data/processed/yokohama_river_waterlevel_stations.csv station_id=546646; 横浜市 河川水位情報オープンデータに緯度経度の記載あり）
yokohama_river_waterlevel__546647,戸塚ポンプ場,35.39772222,139.5333611,https://www.city.yokohama.lg.jp/kurashi/machizukuri-kankyo/kasen-gesuido/kasen/suibou/opendata.files/0003_20240705.csv（data/processed/yokohama_river_waterlevel_stations.csv station_id=546647; 横浜市 河川水位情報オープンデータに緯度経度の記載あり）
yokohama_river_waterlevel__546648,栄第二水再生センター,35.38030556,139.5328056,https://www.city.yokohama.lg.jp/kurashi/machizukuri-kankyo/kasen-gesuido/kasen/suibou/opendata.files/0003_20240705.csv（data/processed/yokohama_river_waterlevel_stations.csv station_id=546648; 横浜市 河川水位情報オープンデータに緯度経度の記載あり）
yokohama_river_waterlevel__546649,内海橋,35.46577778,139.6186111,https://www.city.yokohama.lg.jp/kurashi/machizukuri-kankyo/kasen-gesuido/kasen/suibou/opendata.files/0003_20240705.csv（data/processed/yokohama_river_waterlevel_stations.csv station_id=546649; 横浜市 河川水位情報オープンデータに緯度経度の記載あり）
yokohama_river_waterlevel__546650,舞岡川遊水地上流,35.405925,139.552384,https://www.city.yokohama.lg.jp/kurashi/machizukuri-kankyo/kasen-gesuido/kasen/suibou/opendata.files/0003_20240705.csv（data/processed/yokohama_river_waterlevel_stations.csv station_id=546650; 横浜市 河川水位情報オープンデータに緯度経度の記載あり）
yokohama_river_waterlevel__546651,舞岡川遊水地下流,35.407309,139.551839,https://www.city.yokohama.lg.jp/kurashi/machizukuri-kankyo/kasen-gesuido/kasen/suibou/opendata.files/0003_20240705.csv（data/processed/yokohama_river_waterlevel_stations.csv station_id=546651; 横浜市 河川水位情報オープンデータに緯度経度の記載あり）
yokohama_river_waterlevel__546652,河口橋,35.45361111,139.6059167,https://www.city.yokohama.lg.jp/kurashi/machizukuri-kankyo/kasen-gesuido/kasen/suibou/opendata.files/0003_20240705.csv（data/processed/yokohama_river_waterlevel_stations.csv station_id=546652; 横浜市 河川水位情報オープンデータに緯度経度の記載あり）
yokohama_river_waterlevel__546653,御所が谷橋,35.387605,139.5805947,https://www.city.yokohama.lg.jp/kurashi/machizukuri-kankyo/kasen-gesuido/kasen/suibou/opendata.files/0003_20240705.csv（data/processed/yokohama_river_waterlevel_stations.csv station_id=546653; 横浜市 河川水位情報オープンデータに緯度経度の記載あり）
yokohama_river_waterlevel__546654,浦島町,35.481257,139.642613,https://www.city.yokohama.lg.jp/kurashi/machizukuri-kankyo/kasen-gesuido/kasen/suibou/opendata.files/0003_20240705.csv（data/processed/yokohama_river_waterlevel_stations.csv station_id=546654; 横浜市 河川水位情報オープンデータに緯度経度の記載あり）
yokohama_river_waterlevel__546655,入江川公園,35.493919,139.64677,https://www.city.yokohama.lg.jp/kurashi/machizukuri-kankyo/kasen-gesuido/kasen/suibou/opendata.files/0003_20240705.csv（data/processed/yokohama_river_waterlevel_stations.csv station_id=546655; 横浜市 河川水位情報オープンデータに緯度経度の記載あり）
yokohama_river_waterlevel__546661,今川橋,35.47491667,139.5425833,https://www.city.yokohama.lg.jp/kurashi/machizukuri-kankyo/kasen-gesuido/kasen/suibou/opendata.files/0003_20240705.csv（data/processed/yokohama_river_waterlevel_stations.csv station_id=546661; 横浜市 河川水位情報オープンデータに緯度経度の記載あり）
yokohama_river_waterlevel__546662,御殿橋,35.48530556,139.5204444,https://www.city.yokohama.lg.jp/kurashi/machizukuri-kankyo/kasen-gesuido/kasen/suibou/opendata.files/0003_20240705.csv（data/processed/yokohama_river_waterlevel_stations.csv station_id=546662; 横浜市 河川水位情報オープンデータに緯度経度の記載あり）
yokohama_river_waterlevel__546663,住吉橋,35.55261111,139.4903611,https://www.city.yokohama.lg.jp/kurashi/machizukuri-kankyo/kasen-gesuido/kasen/suibou/opendata.files/0003_20240705.csv（data/processed/yokohama_river_waterlevel_stations.csv station_id=546663; 横浜市 河川水位情報オープンデータに緯度経度の記載あり）
yokohama_river_waterlevel__546664,住撰橋,35.52819444,139.5007222,https://www.city.yokohama.lg.jp/kurashi/machizukuri-kankyo/kasen-gesuido/kasen/suibou/opendata.files/0003_20240705.csv（data/processed/yokohama_river_waterlevel_stations.csv station_id=546664; 横浜市 河川水位情報オープンデータに緯度経度の記載あり）
yokohama_river_waterlevel__546665,童橋,35.45063889,139.4815556,https://www.city.yokohama.lg.jp/kurashi/machizukuri-kankyo/kasen-gesuido/kasen/suibou/opendata.files/0003_20240705.csv（data/processed/yokohama_river_waterlevel_stations.csv station_id=546665; 横浜市 河川水位情報オープンデータに緯度経度の記載あり）
yokohama_river_waterlevel__546666,勝田橋,35.54755556,139.5906667,https://www.city.yokohama.lg.jp/kurashi/machizukuri-kankyo/kasen-gesuido/kasen/suibou/opendata.files/0003_20240705.csv（data/processed/yokohama_river_waterlevel_stations.csv station_id=546666; 横浜市 河川水位情報オープンデータに緯度経度の記載あり）
yokohama_river_waterlevel__546801,和泉川(宮沢遊水地越流堤上流),35.447379,139.49177,https://www.city.yokohama.lg.jp/kurashi/machizukuri-kankyo/kasen-gesuido/kasen/suibou/opendata.files/0003_20240705.csv（data/processed/yokohama_river_waterlevel_stations.csv station_id=546801; 横浜市 河川水位情報オープンデータに緯度経度の記載あり）
yokohama_river_waterlevel__546802,宮沢遊水地内上流,35.446925,139.492044,https://www.city.yokohama.lg.jp/kurashi/machizukuri-kankyo/kasen-gesuido/kasen/suibou/opendata.files/0003_20240705.csv（data/processed/yokohama_river_waterlevel_stations.csv station_id=546802; 横浜市 河川水位情報オープンデータに緯度経度の記載あり）
yokohama_river_waterlevel__546803,宮沢遊水地内下流,35.443408,139.491031,https://www.city.yokohama.lg.jp/kurashi/machizukuri-kankyo/kasen-gesuido/kasen/suibou/opendata.files/0003_20240705.csv（data/processed/yokohama_river_waterlevel_stations.csv station_id=546803; 横浜市 河川水位情報オープンデータに緯度経度の記載あり）
yokohama_river_waterlevel__546804,阿久和川(越流堤上流),35.443315,139.505847,https://www.city.yokohama.lg.jp/kurashi/machizukuri-kankyo/kasen-gesuido/kasen/suibou/opendata.files/0003_20240705.csv（data/processed/yokohama_river_waterlevel_stations.csv station_id=546804; 横浜市 河川水位情報オープンデータに緯度経度の記載あり）
yokohama_river_waterlevel__546805,阿久和川遊水地内,35.443382,139.506037,https://www.city.yokohama.lg.jp/kurashi/machizukuri-kankyo/kasen-gesuido/kasen/suibou/opendata.files/0003_20240705.csv（data/processed/yokohama_river_waterlevel_stations.csv station_id=546805; 横浜市 河川水位情報オープンデータに緯度経度の記載あり）
yokohama_river_waterlevel__546806,平戸永谷川(遊水地越流堤上流),35.419384,139.55898,https://www.city.yokohama.lg.jp/kurashi/machizukuri-kankyo/kasen-gesuido/kasen/suibou/opendata.files/0003_20240705.csv（data/processed/yokohama_river_waterlevel_stations.csv station_id=546806; 横浜市 河川水位情報オープンデータに緯度経度の記載あり）
yokohama_river_waterlevel__546807,平戸永谷川遊水地内,35.419263,139.558972,https://www.city.yokohama.lg.jp/kurashi/machizukuri-kankyo/kasen-gesuido/kasen/suibou/opendata.files/0003_20240705.csv（data/processed/yokohama_river_waterlevel_stations.csv station_id=546807; 横浜市 河川水位情報オープンデータに緯度経度の記載あり）
yokohama_river_waterlevel__546809,名瀬川遊水地内,35.43202,139.53177,https://www.city.yokohama.lg.jp/kurashi/machizukuri-kankyo/kasen-gesuido/kasen/suibou/opendata.files/0003_20240705.csv（data/processed/yokohama_river_waterlevel_stations.csv station_id=546809; 横浜市 河川水位情報オープンデータに緯度経度の記載あり）
yokohama_river_waterlevel__546811,和泉遊水地上流,35.424498,139.490232,https://www.city.yokohama.lg.jp/kurashi/machizukuri-kankyo/kasen-gesuido/kasen/suibou/opendata.files/0003_20240705.csv（data/processed/yokohama_river_waterlevel_stations.csv station_id=546811; 横浜市 河川水位情報オープンデータに緯度経度の記載あり）
yokohama_river_waterlevel__546812,和泉遊水地下流,35.419323,139.488741,https://www.city.yokohama.lg.jp/kurashi/machizukuri-kankyo/kasen-gesuido/kasen/suibou/opendata.files/0003_20240705.csv（data/processed/yokohama_river_waterlevel_stations.csv station_id=546812; 横浜市 河川水位情報オープンデータに緯度経度の記載あり）
