category_ja,category_parent_ja,origin_ja,taxon_group_ja,family_ja,scientific_name,vernacular_name_ja,ias_law_status_ja,establishment_stage_ja,selection_reason_ja,problem_area_ja,kingdom_sheet_ja,note_ja,source_id,source_ref
侵入予防外来種,定着を予防する外来種（定着予防外来種）,国外由来の外来種,哺乳類,,Herpestes javanicus,ジャワマングース,特定外来,未定着,Ⅳ,,動物,,moe_ias_list,https://www.env.go.jp/nature/intro/2outline/list/list2.xls#動物!row=26
侵入予防外来種,定着を予防する外来種（定着予防外来種）,国外由来の外来種,両生類,,Eleutherodactylus coqui,コキーコヤスガエル,特定外来,未定着,Ⅰ,,動物,,moe_ias_list,https://www.env.go.jp/nature/intro/2outline/list/list2.xls#動物!row=27
侵入予防外来種,定着を予防する外来種（定着予防外来種）,国外由来の外来種,両生類,,Eleutherodactylus johnstonei,ジョンストンコヤスガエル,,未定着,Ⅳ,,動物,,moe_ias_list,https://www.env.go.jp/nature/intro/2outline/list/list2.xls#動物!row=28
侵入予防外来種,定着を予防する外来種（定着予防外来種）,国外由来の外来種,両生類,,Eleutherodactylus planirostris,オンシツガエル,未判定,未定着,Ⅳ,,動物,,moe_ias_list,https://www.env.go.jp/nature/intro/2outline/list/list2.xls#動物!row=29
侵入予防外来種,定着を予防する外来種（定着予防外来種）,国外由来の外来種,両生類,,Osteopilus septentrionalis,キューバズツキガエル（キューバアマガエル）,特定外来,未定着,Ⅰ,,動物,,moe_ias_list,https://www.env.go.jp/nature/intro/2outline/list/list2.xls#動物!row=30
侵入予防外来種,定着を予防する外来種（定着予防外来種）,国外由来の外来種,魚類,,Ameiurus nebulosus,ブラウンブルヘッド,未判定,未定着,Ⅳ,,動物,,moe_ias_list,https://www.env.go.jp/nature/intro/2outline/list/list2.xls#動物!row=31
侵入予防外来種,定着を予防する外来種（定着予防外来種）,国外由来の外来種,魚類,,Pylodictis olivaris,フラットヘッドキャットフィッシュ,未判定,未定着,"Ⅰ,Ⅳ",,動物,,moe_ias_list,https://www.env.go.jp/nature/intro/2outline/list/list2.xls#動物!row=32
侵入予防外来種,定着を予防する外来種（定着予防外来種）,国外由来の外来種,魚類,,Morone americana,ホワイトパーチ,,未定着,Ⅳ,,動物,,moe_ias_list,https://www.env.go.jp/nature/intro/2outline/list/list2.xls#動物!row=33
侵入予防外来種,定着を予防する外来種（定着予防外来種）,国外由来の外来種,魚類,,Gymnocephalus cernuus,ラッフ,未判定,未定着,Ⅰ,,動物,,moe_ias_list,https://www.env.go.jp/nature/intro/2outline/list/list2.xls#動物!row=34
侵入予防外来種,定着を予防する外来種（定着予防外来種）,国外由来の外来種,魚類,,Neogobius melanostomus,ラウンドゴビー,,未定着,Ⅰ,,動物,,moe_ias_list,https://www.env.go.jp/nature/intro/2outline/list/list2.xls#動物!row=35
侵入予防外来種,定着を予防する外来種（定着予防外来種）,国外由来の外来種,昆虫類,,Propomacrus spp.,ヒメテナガコガネ属,特定外来,未定着,Ⅰ,,動物,,moe_ias_list,https://www.env.go.jp/nature/intro/2outline/list/list2.xls#動物!row=36
侵入予防外来種,定着を予防する外来種（定着予防外来種）,国外由来の外来種,昆虫類,,Solenopsis invicta,ヒアリ（アカヒアリ）,特定外来,未定着,"Ⅰ,Ⅲ",,動物,,moe_ias_list,https://www.env.go.jp/nature/intro/2outline/list/list2.xls#動物!row=37
侵入予防外来種,定着を予防する外来種（定着予防外来種）,国外由来の外来種,昆虫類,,Wasmannia auropunctata,コカミアリ,特定外来,未定着,"Ⅰ,Ⅲ",,動物,,moe_ias_list,https://www.env.go.jp/nature/intro/2outline/list/list2.xls#動物!row=38
侵入予防外来種,定着を予防する外来種（定着予防外来種）,国外由来の外来種,昆虫類,,Apis mellifera scutellata,アフリカミツバチとアフリカ化ミツバチ,*,未定着,Ⅲ,,動物,,moe_ias_list,https://www.env.go.jp/nature/intro/2outline/list/list2.xls#動物!row=39
侵入予防外来種,定着を予防する外来種（定着予防外来種）,国外由来の外来種,昆虫類,,Euchirus spp.,クモテナガコガネ属,特定外来,小笠原・南西諸島／未定着,Ⅰ,,動物,,moe_ias_list,https://www.env.go.jp/nature/intro/2outline/list/list2.xls#動物!row=40
侵入予防外来種,定着を予防する外来種（定着予防外来種）,国外由来の外来種,陸生節足動物,,Atrax spp.,アトラクス属,特定外来,未定着,Ⅲ,,動物,,moe_ias_list,https://www.env.go.jp/nature/intro/2outline/list/list2.xls#動物!row=41
侵入予防外来種,定着を予防する外来種（定着予防外来種）,国外由来の外来種,陸生節足動物,,Hadronyche spp.,ハドロニュケ属,特定外来,未定着,Ⅲ,,動物,,moe_ias_list,https://www.env.go.jp/nature/intro/2outline/list/list2.xls#動物!row=42
侵入予防外来種,定着を予防する外来種（定着予防外来種）,国外由来の外来種,陸生節足動物,,Lososceles spp.,イトグモ属3種,特定外来,未定着,Ⅲ,,動物,,moe_ias_list,https://www.env.go.jp/nature/intro/2outline/list/list2.xls#動物!row=43
侵入予防外来種,定着を予防する外来種（定着予防外来種）,国外由来の外来種,陸生節足動物,,Latrodectus tredecimguttatus,ジュウサンボシゴケグモ,特定外来,未定着,Ⅲ,,動物,,moe_ias_list,https://www.env.go.jp/nature/intro/2outline/list/list2.xls#動物!row=44
侵入予防外来種,定着を予防する外来種（定着予防外来種）,国外由来の外来種,その他の無脊椎動物,,Mnemiopsis leidyi,ムネミオプシス・レイディ,*,未定着,Ⅰ,,動物,,moe_ias_list,https://www.env.go.jp/nature/intro/2outline/list/list2.xls#動物!row=45
侵入予防外来種,定着を予防する外来種（定着予防外来種）,国外由来の外来種,その他の無脊椎動物,,Dreissena polymorpha,カワホトトギスガイ,特定外来,未定着,"Ⅰ,Ⅲ",,動物,,moe_ias_list,https://www.env.go.jp/nature/intro/2outline/list/list2.xls#動物!row=46
侵入予防外来種,定着を予防する外来種（定着予防外来種）,国外由来の外来種,その他の無脊椎動物,,Dreissena bugensis,クワッガガイ,特定外来,未定着,"Ⅰ,Ⅲ",,動物,,moe_ias_list,https://www.env.go.jp/nature/intro/2outline/list/list2.xls#動物!row=47
侵入予防外来種,定着を予防する外来種（定着予防外来種）,国外由来の外来種,その他の無脊椎動物,,Dikerogammarus vilosus,ディケロガマルス・ヴィロースス,,未定着,Ⅰ,,動物,,moe_ias_list,https://www.env.go.jp/nature/intro/2outline/list/list2.xls#動物!row=48
侵入予防外来種,定着を予防する外来種（定着予防外来種）,国外由来の外来種,その他の無脊椎動物,,Carcinus maenus,ヨーロッパミドリガニ,*,未定着,Ⅰ,,動物,,moe_ias_list,https://www.env.go.jp/nature/intro/2outline/list/list2.xls#動物!row=49
その他の定着予防外来種,定着を予防する外来種（定着予防外来種）,国外由来の外来種,哺乳類,,Trichosurus vulpecula,フクロギツネ,特定外来,未定着,"Ⅰ,Ⅳ",,動物,,moe_ias_list,https://www.env.go.jp/nature/intro/2outline/list/list2.xls#動物!row=51
その他の定着予防外来種,定着を予防する外来種（定着予防外来種）,国外由来の外来種,哺乳類,,Macaca fascicularis,カニクイザル,特定外来,未定着,"Ⅰ,Ⅳ",,動物,,moe_ias_list,https://www.env.go.jp/nature/intro/2outline/list/list2.xls#動物!row=52
その他の定着予防外来種,定着を予防する外来種（定着予防外来種）,国外由来の外来種,哺乳類,,Mungos mungos,シママングース,特定外来,未定着,"Ⅰ,Ⅳ",,動物,,moe_ias_list,https://www.env.go.jp/nature/intro/2outline/list/list2.xls#動物!row=53
その他の定着予防外来種,定着を予防する外来種（定着予防外来種）,国外由来の外来種,哺乳類,,Mustela furo,フェレット,*,未定着,Ⅰ,,動物,,moe_ias_list,https://www.env.go.jp/nature/intro/2outline/list/list2.xls#動物!row=54
その他の定着予防外来種,定着を予防する外来種（定着予防外来種）,国外由来の外来種,哺乳類,,Procyon cancrivorus,カニクイアライグマ,特定外来,未定着,"Ⅰ,Ⅲ,Ⅳ",,動物,,moe_ias_list,https://www.env.go.jp/nature/intro/2outline/list/list2.xls#動物!row=55
その他の定着予防外来種,定着を予防する外来種（定着予防外来種）,国外由来の外来種,哺乳類,,Axis spp.,アキシスジカ（アクシスジカ）属,特定外来,未定着,"Ⅰ,Ⅳ",,動物,,moe_ias_list,https://www.env.go.jp/nature/intro/2outline/list/list2.xls#動物!row=56
その他の定着予防外来種,定着を予防する外来種（定着予防外来種）,国外由来の外来種,哺乳類,,Dama spp.,ダマシカ属,特定外来,未定着,"Ⅰ,Ⅳ",,動物,,moe_ias_list,https://www.env.go.jp/nature/intro/2outline/list/list2.xls#動物!row=57
その他の定着予防外来種,定着を予防する外来種（定着予防外来種）,国外由来の外来種,哺乳類,,Elaphulrs davidlanus,シフゾウ,特定外来,未定着,"Ⅰ,Ⅳ",,動物,,moe_ias_list,https://www.env.go.jp/nature/intro/2outline/list/list2.xls#動物!row=58
その他の定着予防外来種,定着を予防する外来種（定着予防外来種）,国外由来の外来種,哺乳類,,Pteromys volans,タイリクモモンガ,特定外来,未定着,Ⅰ,,動物,,moe_ias_list,https://www.env.go.jp/nature/intro/2outline/list/list2.xls#動物!row=59
その他の定着予防外来種,定着を予防する外来種（定着予防外来種）,国外由来の外来種,哺乳類,,Sciurus carolinensis,トウブハイイロリス,特定外来,未定着,"Ⅰ,Ⅲ",,動物,,moe_ias_list,https://www.env.go.jp/nature/intro/2outline/list/list2.xls#動物!row=60
その他の定着予防外来種,定着を予防する外来種（定着予防外来種）,国外由来の外来種,哺乳類,,Callosciurus finlaysonii,フィンレイソンリス,特定外来,未定着,"Ⅰ,Ⅲ",,動物,,moe_ias_list,https://www.env.go.jp/nature/intro/2outline/list/list2.xls#動物!row=61
その他の定着予防外来種,定着を予防する外来種（定着予防外来種）,国外由来の外来種,鳥類,,Pycnonotus cafer,シリアカヒヨドリ,*,未定着,Ⅰ,,動物,,moe_ias_list,https://www.env.go.jp/nature/intro/2outline/list/list2.xls#動物!row=62
その他の定着予防外来種,定着を予防する外来種（定着予防外来種）,国外由来の外来種,鳥類,,Zosterops spp.,外国産メジロ,*,未定着,Ⅰ,,動物,,moe_ias_list,https://www.env.go.jp/nature/intro/2outline/list/list2.xls#動物!row=63
その他の定着予防外来種,定着を予防する外来種（定着予防外来種）,国外由来の外来種,爬虫類,,Macrochelys spp.,ワニガメ属,*,未定着,"Ⅲ,Ⅳ",,動物,,moe_ias_list,https://www.env.go.jp/nature/intro/2outline/list/list2.xls#動物!row=64
その他の定着予防外来種,定着を予防する外来種（定着予防外来種）,国外由来の外来種,爬虫類,,Chrysemys spp.,ニシキガメ属,,未定着,Ⅳ,,動物,,moe_ias_list,https://www.env.go.jp/nature/intro/2outline/list/list2.xls#動物!row=65
その他の定着予防外来種,定着を予防する外来種（定着予防外来種）,国外由来の外来種,爬虫類,,Graptemys spp.,チズガメ属3種（ミシシッピチズガメ、フトマユチズガメ（サビーンチズガメを含む）、ニセチズガメ）,*,未定着,Ⅳ,,動物,,moe_ias_list,https://www.env.go.jp/nature/intro/2outline/list/list2.xls#動物!row=66
その他の定着予防外来種,定着を予防する外来種（定着予防外来種）,国外由来の外来種,爬虫類,,Pseudemys spp.,クーターガメ属,*,未定着,Ⅳ,,動物,,moe_ias_list,https://www.env.go.jp/nature/intro/2outline/list/list2.xls#動物!row=67
その他の定着予防外来種,定着を予防する外来種（定着予防外来種）,国外由来の外来種,爬虫類,,Cuora flavomarginata flavomarginata,チュウゴクセマルハコガメ,,未定着,Ⅳ,,動物,,moe_ias_list,https://www.env.go.jp/nature/intro/2outline/list/list2.xls#動物!row=68
その他の定着予防外来種,定着を予防する外来種（定着予防外来種）,国外由来の外来種,爬虫類,,Mauremys sinensis,ハナガメ,*,未定着,Ⅳ,,動物,,moe_ias_list,https://www.env.go.jp/nature/intro/2outline/list/list2.xls#動物!row=69
その他の定着予防外来種,定着を予防する外来種（定着予防外来種）,国外由来の外来種,爬虫類,,Apalone spp.,アメリカスッポン属,*,未定着,Ⅳ,,動物,,moe_ias_list,https://www.env.go.jp/nature/intro/2outline/list/list2.xls#動物!row=70
その他の定着予防外来種,定着を予防する外来種（定着予防外来種）,国外由来の外来種,爬虫類,,Anolis sagrei,ブラウンアノール,特定外来,未定着,Ⅰ,,動物,,moe_ias_list,https://www.env.go.jp/nature/intro/2outline/list/list2.xls#動物!row=71
その他の定着予防外来種,定着を予防する外来種（定着予防外来種）,国外由来の外来種,爬虫類,,Anolis spp.,特定外来生物のアノール属（グリーンアノール、ブラウンアノール除く）,特定外来,未定着,Ⅳ,,動物,,moe_ias_list,https://www.env.go.jp/nature/intro/2outline/list/list2.xls#動物!row=72
その他の定着予防外来種,定着を予防する外来種（定着予防外来種）,国外由来の外来種,爬虫類,,Eublepharis macularius,ヒョウモントカゲモドキ,*,未定着,Ⅳ,,動物,,moe_ias_list,https://www.env.go.jp/nature/intro/2outline/list/list2.xls#動物!row=73
その他の定着予防外来種,定着を予防する外来種（定着予防外来種）,国外由来の外来種,爬虫類,,Boiga irregularis,ミナミオオガシラ,特定外来,未定着,Ⅰ,,動物,,moe_ias_list,https://www.env.go.jp/nature/intro/2outline/list/list2.xls#動物!row=74
その他の定着予防外来種,定着を予防する外来種（定着予防外来種）,国外由来の外来種,爬虫類,,Boiga spp.,特定外来生物のオオガシラ属（ミナミオオガシラを除く）,特定外来,未定着,Ⅳ,,動物,,moe_ias_list,https://www.env.go.jp/nature/intro/2outline/list/list2.xls#動物!row=75
その他の定着予防外来種,定着を予防する外来種（定着予防外来種）,国外由来の外来種,両生類,,Bufo spp.,特定外来生物のヒキガエル属（オオヒキガエルを除く）,特定外来,未定着,Ⅳ,,動物,,moe_ias_list,https://www.env.go.jp/nature/intro/2outline/list/list2.xls#動物!row=76
その他の定着予防外来種,定着を予防する外来種（定着予防外来種）,国外由来の外来種,両生類,,Bufo spp.,ヨーロッパミドリヒキガエルなどヒキガエル属5種（ヨーロッパミドリヒキガエル、テキサスミドリヒキガエル、ナンブヒキガエル、ガルフコーストヒキガエル、ロココヒキガエル（キャハンヒキガエル））,*,未定着,Ⅳ,,動物,,moe_ias_list,https://www.env.go.jp/nature/intro/2outline/list/list2.xls#動物!row=77
その他の定着予防外来種,定着を予防する外来種（定着予防外来種）,国外由来の外来種,両生類,,Kaloula pulchra,アジアジムグリガエル,,未定着,Ⅳ,,動物,,moe_ias_list,https://www.env.go.jp/nature/intro/2outline/list/list2.xls#動物!row=78
その他の定着予防外来種,定着を予防する外来種（定着予防外来種）,国外由来の外来種,両生類,,Bufo melanostictus,ヘリグロヒキガエル,未判定,未定着,Ⅳ,,動物,,moe_ias_list,https://www.env.go.jp/nature/intro/2outline/list/list2.xls#動物!row=79
その他の定着予防外来種,定着を予防する外来種（定着予防外来種）,国外由来の外来種,魚類,,Lepisosteidae Gen. spp.,ガー科,,未定着,"Ⅰ,Ⅳ",,動物,,moe_ias_list,https://www.env.go.jp/nature/intro/2outline/list/list2.xls#動物!row=80
その他の定着予防外来種,定着を予防する外来種（定着予防外来種）,国外由来の外来種,魚類,,Cyprinella lutrensis,レッドホースミノー,,未定着,Ⅰ,,動物,,moe_ias_list,https://www.env.go.jp/nature/intro/2outline/list/list2.xls#動物!row=81
その他の定着予防外来種,定着を予防する外来種（定着予防外来種）,国外由来の外来種,魚類,,Silurus glanis,ヨーロッパナマズ,*,未定着,Ⅰ,,動物,,moe_ias_list,https://www.env.go.jp/nature/intro/2outline/list/list2.xls#動物!row=82
その他の定着予防外来種,定着を予防する外来種（定着予防外来種）,国外由来の外来種,魚類,,Esox lucius,ノーザンパイク,特定外来,未定着,Ⅰ,,動物,,moe_ias_list,https://www.env.go.jp/nature/intro/2outline/list/list2.xls#動物!row=83
その他の定着予防外来種,定着を予防する外来種（定着予防外来種）,国外由来の外来種,魚類,,Esox masquinongy,マスキーパイク,特定外来,未定着,Ⅰ,,動物,,moe_ias_list,https://www.env.go.jp/nature/intro/2outline/list/list2.xls#動物!row=84
その他の定着予防外来種,定着を予防する外来種（定着予防外来種）,国外由来の外来種,魚類,,Esocidae spp.,パイク科,未判定,未定着,Ⅰ,,動物,,moe_ias_list,https://www.env.go.jp/nature/intro/2outline/list/list2.xls#動物!row=85
その他の定着予防外来種,定着を予防する外来種（定着予防外来種）,国外由来の外来種,魚類,,Gambusia holbrooki,ガンブシア・ホルブローキ,未判定,未定着,"Ⅰ,Ⅳ",,動物,,moe_ias_list,https://www.env.go.jp/nature/intro/2outline/list/list2.xls#動物!row=86
その他の定着予防外来種,定着を予防する外来種（定着予防外来種）,国外由来の外来種,魚類,,Siniperca chuatsi,ケツギョ,特定外来,未定着,Ⅰ,,動物,,moe_ias_list,https://www.env.go.jp/nature/intro/2outline/list/list2.xls#動物!row=87
その他の定着予防外来種,定着を予防する外来種（定着予防外来種）,国外由来の外来種,魚類,,Siniperca scherzeri,コウライケツギョ,特定外来,未定着,Ⅰ,,動物,,moe_ias_list,https://www.env.go.jp/nature/intro/2outline/list/list2.xls#動物!row=88
その他の定着予防外来種,定着を予防する外来種（定着予防外来種）,国外由来の外来種,魚類,,Lates niloticus,ナイルパーチ,*,未定着,Ⅰ,,動物,,moe_ias_list,https://www.env.go.jp/nature/intro/2outline/list/list2.xls#動物!row=89
その他の定着予防外来種,定着を予防する外来種（定着予防外来種）,国外由来の外来種,魚類,,Morone saxatilis,ストライプトバス,特定外来,未定着,Ⅰ,,動物,,moe_ias_list,https://www.env.go.jp/nature/intro/2outline/list/list2.xls#動物!row=90
その他の定着予防外来種,定着を予防する外来種（定着予防外来種）,国外由来の外来種,魚類,,Morone chrysops,ホワイトバス,特定外来,未定着,Ⅰ,,動物,,moe_ias_list,https://www.env.go.jp/nature/intro/2outline/list/list2.xls#動物!row=91
その他の定着予防外来種,定着を予防する外来種（定着予防外来種）,国外由来の外来種,魚類,,Perca fluviatilis,ヨーロピアンパーチ,特定外来,未定着,Ⅰ,,動物,,moe_ias_list,https://www.env.go.jp/nature/intro/2outline/list/list2.xls#動物!row=92
その他の定着予防外来種,定着を予防する外来種（定着予防外来種）,国外由来の外来種,魚類,,Sander lucioperca,パイクパーチ,特定外来,未定着,Ⅰ,,動物,,moe_ias_list,https://www.env.go.jp/nature/intro/2outline/list/list2.xls#動物!row=93
その他の定着予防外来種,定着を予防する外来種（定着予防外来種）,国外由来の外来種,魚類,,Tilapia mariae,スポッテッドティラピア,,未定着,"Ⅰ,Ⅳ",,動物,,moe_ias_list,https://www.env.go.jp/nature/intro/2outline/list/list2.xls#動物!row=94
その他の定着予防外来種,定着を予防する外来種（定着予防外来種）,国外由来の外来種,魚類,,Pterygoplichthys multiradiatus,オリノコセイルフィンキャットフィッシュ,,小笠原・南西諸島／未定着,Ⅰ,,動物,,moe_ias_list,https://www.env.go.jp/nature/intro/2outline/list/list2.xls#動物!row=95
その他の定着予防外来種,定着を予防する外来種（定着予防外来種）,国外由来の外来種,昆虫類,,Lucanidae Gen spp.,外国産クワガタムシ,*,未定着,Ⅰ,,動物,,moe_ias_list,https://www.env.go.jp/nature/intro/2outline/list/list2.xls#動物!row=96
その他の定着予防外来種,定着を予防する外来種（定着予防外来種）,国外由来の外来種,昆虫類,,Dynastinae Gen. spp.,外国産カブトムシ,,未定着,Ⅰ,,動物,,moe_ias_list,https://www.env.go.jp/nature/intro/2outline/list/list2.xls#動物!row=97
その他の定着予防外来種,定着を予防する外来種（定着予防外来種）,国外由来の外来種,昆虫類,,Cheirotonus spp.,外国産テナガコガネ属,特定外来,小笠原・南西諸島／未定着,Ⅰ,,動物,,moe_ias_list,https://www.env.go.jp/nature/intro/2outline/list/list2.xls#動物!row=98
その他の定着予防外来種,定着を予防する外来種（定着予防外来種）,国外由来の外来種,陸生節足動物,,Buthidae Gen. spp.,キョクトウサソリ科,特定外来,未定着,Ⅲ,,動物,,moe_ias_list,https://www.env.go.jp/nature/intro/2outline/list/list2.xls#動物!row=99
その他の定着予防外来種,定着を予防する外来種（定着予防外来種）,国外由来の外来種,その他の無脊椎動物,,Astacus spp.,アスタクス属,特定外来,未定着,Ⅰ,,動物,,moe_ias_list,https://www.env.go.jp/nature/intro/2outline/list/list2.xls#動物!row=100
その他の定着予防外来種,定着を予防する外来種（定着予防外来種）,国外由来の外来種,その他の無脊椎動物,,Procambarus fallax,ミステリークレイフィッシュ,,未定着,Ⅳ,,動物,,moe_ias_list,https://www.env.go.jp/nature/intro/2outline/list/list2.xls#動物!row=101
その他の定着予防外来種,定着を予防する外来種（定着予防外来種）,国外由来の外来種,その他の無脊椎動物,,Orconectes rusticus,ラスティークレイフィッシュ,特定外来,未定着,Ⅰ,,動物,,moe_ias_list,https://www.env.go.jp/nature/intro/2outline/list/list2.xls#動物!row=102
その他の定着予防外来種,定着を予防する外来種（定着予防外来種）,国外由来の外来種,その他の無脊椎動物,,Cherax spp.,ケラクス属,特定外来,未定着,Ⅰ,,動物,,moe_ias_list,https://www.env.go.jp/nature/intro/2outline/list/list2.xls#動物!row=103
その他の定着予防外来種,定着を予防する外来種（定着予防外来種）,国外由来の外来種,その他の無脊椎動物,,Eriocheir spp.,外国産モクズガニ属,特定外来,未定着,Ⅰ,,動物,,moe_ias_list,https://www.env.go.jp/nature/intro/2outline/list/list2.xls#動物!row=104
緊急対策外来種,総合的に対策が必要な外来種（総合対策外来種）,国外由来の外来種,哺乳類,,Macaca cyclopis,タイワンザル,特定外来,定着初期／限定分布,"Ⅰ,Ⅲ",,動物,,moe_ias_list,https://www.env.go.jp/nature/intro/2outline/list/list2.xls#動物!row=107
緊急対策外来種,総合的に対策が必要な外来種（総合対策外来種）,国外由来の外来種,哺乳類,,Macaca muｌatta,アカゲザル,特定外来,定着初期／限定分布,"Ⅰ,Ⅲ",,動物,,moe_ias_list,https://www.env.go.jp/nature/intro/2outline/list/list2.xls#動物!row=108
緊急対策外来種,総合的に対策が必要な外来種（総合対策外来種）,国外由来の外来種,哺乳類,,Felis silvestris catus,ノネコ（イエネコの野生化したもの）,,分布拡大期～まん延期,"Ⅰ,Ⅱ",,動物,,moe_ias_list,https://www.env.go.jp/nature/intro/2outline/list/list2.xls#動物!row=109
緊急対策外来種,総合的に対策が必要な外来種（総合対策外来種）,国外由来の外来種,哺乳類,,Herpestes auropunctatus,フイリマングース,特定外来,定着初期／限定分布,Ⅰ,,動物,,moe_ias_list,https://www.env.go.jp/nature/intro/2outline/list/list2.xls#動物!row=110
緊急対策外来種,総合的に対策が必要な外来種（総合対策外来種）,国外由来の外来種,哺乳類,,Procyon lotor,アライグマ,特定外来,分布拡大期～まん延期,"Ⅰ,Ⅱ",,動物,,moe_ias_list,https://www.env.go.jp/nature/intro/2outline/list/list2.xls#動物!row=111
緊急対策外来種,総合的に対策が必要な外来種（総合対策外来種）,国外由来の外来種,哺乳類,,Muntiacus reevesi,キョン,特定外来,定着初期／限定分布,Ⅰ,,動物,,moe_ias_list,https://www.env.go.jp/nature/intro/2outline/list/list2.xls#動物!row=112
緊急対策外来種,総合的に対策が必要な外来種（総合対策外来種）,国外由来の外来種,哺乳類,,Capra hircus,ノヤギ（ヤギの野生化したもの）,,定着初期／限定分布,"Ⅰ,Ⅱ",,動物,,moe_ias_list,https://www.env.go.jp/nature/intro/2outline/list/list2.xls#動物!row=113
緊急対策外来種,総合的に対策が必要な外来種（総合対策外来種）,国外由来の外来種,哺乳類,,Callosiurus erythraecus,クリハラリス（タイワンリス）,特定外来,分布拡大期～まん延期,"Ⅰ,Ⅲ",,動物,,moe_ias_list,https://www.env.go.jp/nature/intro/2outline/list/list2.xls#動物!row=114
緊急対策外来種,総合的に対策が必要な外来種（総合対策外来種）,国外由来の外来種,哺乳類,,Sciurus vulgaris,キタリス,特定外来,定着初期／限定分布,Ⅰ,,動物,,moe_ias_list,https://www.env.go.jp/nature/intro/2outline/list/list2.xls#動物!row=115
緊急対策外来種,総合的に対策が必要な外来種（総合対策外来種）,国外由来の外来種,哺乳類,,Rattus rattus,クマネズミ,,分布拡大期～まん延期,"Ⅰ,Ⅱ",,動物,,moe_ias_list,https://www.env.go.jp/nature/intro/2outline/list/list2.xls#動物!row=116
緊急対策外来種,総合的に対策が必要な外来種（総合対策外来種）,国外由来の外来種,哺乳類,,Myocastor coypus,ヌートリア,特定外来,分布拡大期～まん延期,"Ⅰ,Ⅲ",,動物,,moe_ias_list,https://www.env.go.jp/nature/intro/2outline/list/list2.xls#動物!row=117
緊急対策外来種,総合的に対策が必要な外来種（総合対策外来種）,国外由来の外来種,鳥類,,Pavo cristatus,インドクジャク,*,分布拡大期～まん延期,"Ⅰ,Ⅱ,Ⅲ",,動物,,moe_ias_list,https://www.env.go.jp/nature/intro/2outline/list/list2.xls#動物!row=118
緊急対策外来種,総合的に対策が必要な外来種（総合対策外来種）,国外由来の外来種,鳥類,,Branta canadensis,カナダガン,特定外来,分布拡大期～まん延期,Ⅰ,,動物,,moe_ias_list,https://www.env.go.jp/nature/intro/2outline/list/list2.xls#動物!row=119
緊急対策外来種,総合的に対策が必要な外来種（総合対策外来種）,国外由来の外来種,爬虫類,,Chelydra serpentina,カミツキガメ,特定外来,分布拡大期～まん延期,"Ⅰ,Ⅲ",,動物,,moe_ias_list,https://www.env.go.jp/nature/intro/2outline/list/list2.xls#動物!row=120
緊急対策外来種,総合的に対策が必要な外来種（総合対策外来種）,国外由来の外来種,爬虫類,,Trachemys scripta,アカミミガメ,*,分布拡大期～まん延期,Ⅰ,,動物,,moe_ias_list,https://www.env.go.jp/nature/intro/2outline/list/list2.xls#動物!row=121
緊急対策外来種,総合的に対策が必要な外来種（総合対策外来種）,国外由来の外来種,爬虫類,,Anolis carolinensis,グリーンアノール,特定外来,小笠原・南西諸島,"Ⅰ,Ⅱ",,動物,,moe_ias_list,https://www.env.go.jp/nature/intro/2outline/list/list2.xls#動物!row=122
緊急対策外来種,総合的に対策が必要な外来種（総合対策外来種）,国外由来の外来種,爬虫類,,Elaphe taeniura friesei,タイワンスジオ,特定外来,小笠原・南西諸島,Ⅰ,,動物,,moe_ias_list,https://www.env.go.jp/nature/intro/2outline/list/list2.xls#動物!row=123
緊急対策外来種,総合的に対策が必要な外来種（総合対策外来種）,国外由来の外来種,爬虫類,,Protobothrops mucrosquamatus,タイワンハブ,特定外来,小笠原・南西諸島,"Ⅰ,Ⅲ",,動物,,moe_ias_list,https://www.env.go.jp/nature/intro/2outline/list/list2.xls#動物!row=124
緊急対策外来種,総合的に対策が必要な外来種（総合対策外来種）,国外由来の外来種,両生類,,Bufo marinus (Rhinella marina),オオヒキガエル,特定外来,小笠原・南西諸島,"Ⅰ,Ⅱ",,動物,,moe_ias_list,https://www.env.go.jp/nature/intro/2outline/list/list2.xls#動物!row=125
緊急対策外来種,総合的に対策が必要な外来種（総合対策外来種）,国外由来の外来種,魚類,,Ictalurus punctatus,チャネルキャットフィッシュ（アメリカナマズ）,特定外来,分布拡大期～まん延期,Ⅰ,,動物,,moe_ias_list,https://www.env.go.jp/nature/intro/2outline/list/list2.xls#動物!row=126
緊急対策外来種,総合的に対策が必要な外来種（総合対策外来種）,国外由来の外来種,魚類,,Lepomis macrochirus,ブルーギル,特定外来,分布拡大期～まん延期,"Ⅰ,Ⅱ",,動物,,moe_ias_list,https://www.env.go.jp/nature/intro/2outline/list/list2.xls#動物!row=127
緊急対策外来種,総合的に対策が必要な外来種（総合対策外来種）,国外由来の外来種,魚類,,Micropterus dolomieu,コクチバス,特定外来,分布拡大期～まん延期,Ⅰ,,動物,,moe_ias_list,https://www.env.go.jp/nature/intro/2outline/list/list2.xls#動物!row=128
緊急対策外来種,総合的に対策が必要な外来種（総合対策外来種）,国外由来の外来種,魚類,,Micropterus salmoides,オオクチバス,特定外来,分布拡大期～まん延期,"Ⅰ,Ⅱ",,動物,,moe_ias_list,https://www.env.go.jp/nature/intro/2outline/list/list2.xls#動物!row=129
緊急対策外来種,総合的に対策が必要な外来種（総合対策外来種）,国外由来の外来種,昆虫類,,Linepithema humile,アルゼンチンアリ,特定外来,分布拡大期～まん延期,"Ⅰ,Ⅲ",,動物,,moe_ias_list,https://www.env.go.jp/nature/intro/2outline/list/list2.xls#動物!row=130
緊急対策外来種,総合的に対策が必要な外来種（総合対策外来種）,国外由来の外来種,昆虫類,,Solenopsis geminata,アカカミアリ,特定外来,定着初期／限定分布,"Ⅰ,Ⅲ",,動物,,moe_ias_list,https://www.env.go.jp/nature/intro/2outline/list/list2.xls#動物!row=131
緊急対策外来種,総合的に対策が必要な外来種（総合対策外来種）,国外由来の外来種,昆虫類,,Vespa velutina,ツマアカスズメバチ,特定外来,定着初期／限定分布,"Ⅰ,Ⅲ",,動物,,moe_ias_list,https://www.env.go.jp/nature/intro/2outline/list/list2.xls#動物!row=132
緊急対策外来種,総合的に対策が必要な外来種（総合対策外来種）,国外由来の外来種,陸生節足動物,,Latrodectus geometricus,ハイイロゴケグモ,特定外来,分布拡大期～まん延期,Ⅲ,,動物,,moe_ias_list,https://www.env.go.jp/nature/intro/2outline/list/list2.xls#動物!row=133
緊急対策外来種,総合的に対策が必要な外来種（総合対策外来種）,国外由来の外来種,陸生節足動物,,Latrodectus hasseltii,セアカゴケグモ,特定外来,分布拡大期～まん延期,Ⅲ,,動物,,moe_ias_list,https://www.env.go.jp/nature/intro/2outline/list/list2.xls#動物!row=134
緊急対策外来種,総合的に対策が必要な外来種（総合対策外来種）,国外由来の外来種,陸生節足動物,,Latrodectus mactans,クロゴケグモ,特定外来,定着初期／限定分布,Ⅲ,,動物,,moe_ias_list,https://www.env.go.jp/nature/intro/2outline/list/list2.xls#動物!row=135
緊急対策外来種,総合的に対策が必要な外来種（総合対策外来種）,国外由来の外来種,その他の無脊椎動物,,Limnoperna spp.,カワヒバリガイ属,特定外来,分布拡大期～まん延期,"Ⅰ,Ⅲ",,動物,,moe_ias_list,https://www.env.go.jp/nature/intro/2outline/list/list2.xls#動物!row=136
緊急対策外来種,総合的に対策が必要な外来種（総合対策外来種）,国外由来の外来種,その他の無脊椎動物,,Pacifastacus leniusculus,ウチダザリガニ（タンカイザリガニを含む）,特定外来,定着初期／限定分布,Ⅰ,,動物,,moe_ias_list,https://www.env.go.jp/nature/intro/2outline/list/list2.xls#動物!row=137
緊急対策外来種,総合的に対策が必要な外来種（総合対策外来種）,国外由来の外来種,その他の無脊椎動物,,Procambarus clarkii,アメリカザリガニ,*,分布拡大期～まん延期,Ⅰ,,動物,,moe_ias_list,https://www.env.go.jp/nature/intro/2outline/list/list2.xls#動物!row=138
緊急対策外来種,総合的に対策が必要な外来種（総合対策外来種）,国外由来の外来種,その他の無脊椎動物,,Platydemus manokwari,ニューギニアヤリガタリクウズムシ,特定外来,小笠原・南西諸島,"Ⅰ,Ⅱ",,動物,,moe_ias_list,https://www.env.go.jp/nature/intro/2outline/list/list2.xls#動物!row=139
重点対策外来種,総合的に対策が必要な外来種（総合対策外来種）,国外由来の外来種,哺乳類,,Oryctolagus cuniculus,カイウサギ（アナウサギ）,,定着初期／限定分布,Ⅰ,,動物,,moe_ias_list,https://www.env.go.jp/nature/intro/2outline/list/list2.xls#動物!row=141
重点対策外来種,総合的に対策が必要な外来種（総合対策外来種）,国外由来の外来種,哺乳類,,Erinaceus spp.,ハリネズミ属（アムールハリネズミ（マンシュウハリネズミ）など）,特定外来,定着初期／限定分布,Ⅰ,,動物,,moe_ias_list,https://www.env.go.jp/nature/intro/2outline/list/list2.xls#動物!row=142
重点対策外来種,総合的に対策が必要な外来種（総合対策外来種）,国外由来の外来種,哺乳類,,Paguma larvata,ハクビシン,,分布拡大期～まん延期,Ⅲ,,動物,,moe_ias_list,https://www.env.go.jp/nature/intro/2outline/list/list2.xls#動物!row=143
重点対策外来種,総合的に対策が必要な外来種（総合対策外来種）,国外由来の外来種,哺乳類,,Canis lupus,ノイヌ（イヌの野生化したもの）,,分布拡大期～まん延期,Ⅰ,,動物,,moe_ias_list,https://www.env.go.jp/nature/intro/2outline/list/list2.xls#動物!row=144
重点対策外来種,総合的に対策が必要な外来種（総合対策外来種）,国外由来の外来種,哺乳類,,Neovison vison,アメリカミンク（ミンク）,特定外来,分布拡大期～まん延期,Ⅰ,,動物,,moe_ias_list,https://www.env.go.jp/nature/intro/2outline/list/list2.xls#動物!row=145
重点対策外来種,総合的に対策が必要な外来種（総合対策外来種）,国外由来の外来種,哺乳類,,Sus scrofa,ノブタ・イノブタ（ブタ・イノブタの野生化したもの）,,分布拡大期～まん延期,Ⅰ,,動物,,moe_ias_list,https://www.env.go.jp/nature/intro/2outline/list/list2.xls#動物!row=146
重点対策外来種,総合的に対策が必要な外来種（総合対策外来種）,国外由来の外来種,哺乳類,,Cervus spp.,シカ属（国内産ニホンジカを除く）,特定外来,定着初期／限定分布,"Ⅰ,Ⅳ",,動物,,moe_ias_list,https://www.env.go.jp/nature/intro/2outline/list/list2.xls#動物!row=147
重点対策外来種,総合的に対策が必要な外来種（総合対策外来種）,国外由来の外来種,哺乳類,,Tamias sibiricus,シマリス（チョウセンシマリス）,*,定着初期／限定分布？,Ⅰ,,動物,,moe_ias_list,https://www.env.go.jp/nature/intro/2outline/list/list2.xls#動物!row=148
重点対策外来種,総合的に対策が必要な外来種（総合対策外来種）,国外由来の外来種,哺乳類,,Mus musculus,ハツカネズミ,,分布拡大期～まん延期,Ⅲ,,動物,,moe_ias_list,https://www.env.go.jp/nature/intro/2outline/list/list2.xls#動物!row=149
重点対策外来種,総合的に対策が必要な外来種（総合対策外来種）,国外由来の外来種,哺乳類,,Ondatra ziberhicus,マスクラット,特定外来,定着初期／限定分布,Ⅰ,,動物,,moe_ias_list,https://www.env.go.jp/nature/intro/2outline/list/list2.xls#動物!row=150
重点対策外来種,総合的に対策が必要な外来種（総合対策外来種）,国外由来の外来種,哺乳類,,Rattus norvegicus,ドブネズミ,,分布拡大期～まん延期,"Ⅰ,Ⅲ",,動物,,moe_ias_list,https://www.env.go.jp/nature/intro/2outline/list/list2.xls#動物!row=151
重点対策外来種,総合的に対策が必要な外来種（総合対策外来種）,国外由来の外来種,鳥類,,Garrulax canorus,ガビチョウ,特定外来,分布拡大期～まん延期,Ⅰ,,動物,,moe_ias_list,https://www.env.go.jp/nature/intro/2outline/list/list2.xls#動物!row=152
重点対策外来種,総合的に対策が必要な外来種（総合対策外来種）,国外由来の外来種,鳥類,,Garrulax perspicillatus,カオグロガビチョウ,特定外来,分布拡大期～まん延期,Ⅰ,,動物,,moe_ias_list,https://www.env.go.jp/nature/intro/2outline/list/list2.xls#動物!row=153
重点対策外来種,総合的に対策が必要な外来種（総合対策外来種）,国外由来の外来種,鳥類,,Garrulax sannio,カオジロガビチョウ,特定外来,分布拡大期～まん延期,Ⅰ,,動物,,moe_ias_list,https://www.env.go.jp/nature/intro/2outline/list/list2.xls#動物!row=154
重点対策外来種,総合的に対策が必要な外来種（総合対策外来種）,国外由来の外来種,鳥類,,Leiothrix lutea,ソウシチョウ,特定外来,分布拡大期～まん延期,Ⅰ,,動物,,moe_ias_list,https://www.env.go.jp/nature/intro/2outline/list/list2.xls#動物!row=155
重点対策外来種,総合的に対策が必要な外来種（総合対策外来種）,国外由来の外来種,爬虫類,,Iguana iguana,グリーンイグアナ,*,小笠原・南西諸島,Ⅳ,,動物,,moe_ias_list,https://www.env.go.jp/nature/intro/2outline/list/list2.xls#動物!row=156
重点対策外来種,総合的に対策が必要な外来種（総合対策外来種）,国外由来の外来種,両生類,,Andrias davidianus,チュウゴクオオサンショウウオ,,定着初期／限定分布,Ⅰ,,動物,,moe_ias_list,https://www.env.go.jp/nature/intro/2outline/list/list2.xls#動物!row=157
重点対策外来種,総合的に対策が必要な外来種（総合対策外来種）,国外由来の外来種,両生類,,Rana catesbeiana（Lithobates catesbeianus),ウシガエル,特定外来,分布拡大期～まん延期,Ⅰ,,動物,,moe_ias_list,https://www.env.go.jp/nature/intro/2outline/list/list2.xls#動物!row=158
重点対策外来種,総合的に対策が必要な外来種（総合対策外来種）,国外由来の外来種,両生類,,Polypedates leucomystax,シロアゴガエル,特定外来,小笠原・南西諸島,"Ⅰ,Ⅱ",,動物,,moe_ias_list,https://www.env.go.jp/nature/intro/2outline/list/list2.xls#動物!row=159
重点対策外来種,総合的に対策が必要な外来種（総合対策外来種）,国外由来の外来種,魚類,,Rhodeus ocellatus ocellatus,タイリクバラタナゴ,*,分布拡大期～まん延期,"Ⅰ,Ⅱ",,動物,,moe_ias_list,https://www.env.go.jp/nature/intro/2outline/list/list2.xls#動物!row=160
重点対策外来種,総合的に対策が必要な外来種（総合対策外来種）,国外由来の外来種,魚類,,Gambusia affinis,カダヤシ,特定外来,分布拡大期～まん延期,Ⅰ,,動物,,moe_ias_list,https://www.env.go.jp/nature/intro/2outline/list/list2.xls#動物!row=161
重点対策外来種,総合的に対策が必要な外来種（総合対策外来種）,国外由来の外来種,昆虫類,,Sericinus montela,ホソオチョウ（ホソオアゲハ）,*,分布拡大期～まん延期,Ⅰ,,動物,,moe_ias_list,https://www.env.go.jp/nature/intro/2outline/list/list2.xls#動物!row=162
重点対策外来種,総合的に対策が必要な外来種（総合対策外来種）,国外由来の外来種,昆虫類,,Hestina assimilis assimilis,アカボシゴマダラ大陸亜種（名義タイプ亜種）,*,分布拡大期～まん延期,Ⅰ,,動物,,moe_ias_list,https://www.env.go.jp/nature/intro/2outline/list/list2.xls#動物!row=163
重点対策外来種,総合的に対策が必要な外来種（総合対策外来種）,国外由来の外来種,昆虫類,,Rhabdoscelus obscurus,カンショオサゾウムシ,,小笠原・南西諸島,"Ⅰ,Ⅱ,Ⅲ",,動物,,moe_ias_list,https://www.env.go.jp/nature/intro/2outline/list/list2.xls#動物!row=164
重点対策外来種,総合的に対策が必要な外来種（総合対策外来種）,国外由来の外来種,その他の無脊椎動物,,Pomacea canaliculata,スクミリンゴガイ,*,分布拡大期～まん延期,Ⅲ,,動物,,moe_ias_list,https://www.env.go.jp/nature/intro/2outline/list/list2.xls#動物!row=165
重点対策外来種,総合的に対策が必要な外来種（総合対策外来種）,国外由来の外来種,その他の無脊椎動物,,Pomacea insulaｒum,ラプラタリンゴガイ,,分布拡大期～まん延期,Ⅲ,,動物,,moe_ias_list,https://www.env.go.jp/nature/intro/2outline/list/list2.xls#動物!row=166
重点対策外来種,総合的に対策が必要な外来種（総合対策外来種）,国外由来の外来種,その他の無脊椎動物,,Achatina fulica,アフリカマイマイ,*,定着初期／限定分布,"Ⅰ,Ⅱ,Ⅲ",,動物,,moe_ias_list,https://www.env.go.jp/nature/intro/2outline/list/list2.xls#動物!row=167
重点対策外来種,総合的に対策が必要な外来種（総合対策外来種）,国外由来の外来種,その他の無脊椎動物,,Ascidiella aspersa,ヨーロッパザラボヤ,,定着初期／限定分布,Ⅲ,,動物,,moe_ias_list,https://www.env.go.jp/nature/intro/2outline/list/list2.xls#動物!row=168
重点対策外来種,総合的に対策が必要な外来種（総合対策外来種）,国外由来の外来種,その他の無脊椎動物,,Euglandina rosea,ヤマヒタチオビ,特定外来,小笠原・南西諸島,"Ⅰ,Ⅱ",,動物,,moe_ias_list,https://www.env.go.jp/nature/intro/2outline/list/list2.xls#動物!row=169
その他の総合対策外来種,総合的に対策が必要な外来種（総合対策外来種）,国外由来の外来種,哺乳類,,Saimiri sciureus,リスザル,*,定着初期／限定分布？,Ⅳ,,動物,,moe_ias_list,https://www.env.go.jp/nature/intro/2outline/list/list2.xls#動物!row=171
その他の総合対策外来種,総合的に対策が必要な外来種（総合対策外来種）,国外由来の外来種,鳥類,,Colinus virginianus,コリンウズラ,*,定着初期／限定分布,Ⅰ,,動物,,moe_ias_list,https://www.env.go.jp/nature/intro/2outline/list/list2.xls#動物!row=172
その他の総合対策外来種,総合的に対策が必要な外来種（総合対策外来種）,国外由来の外来種,鳥類,,Phasianus colchicus karpowi,コウライキジ（大陸産亜種）,,分布拡大期～まん延期,Ⅲ,,動物,,moe_ias_list,https://www.env.go.jp/nature/intro/2outline/list/list2.xls#動物!row=173
その他の総合対策外来種,総合的に対策が必要な外来種（総合対策外来種）,国外由来の外来種,鳥類,,Cygnus olor,コブハクチョウ,,定着初期／限定分布,Ⅰ,,動物,,moe_ias_list,https://www.env.go.jp/nature/intro/2outline/list/list2.xls#動物!row=174
その他の総合対策外来種,総合的に対策が必要な外来種（総合対策外来種）,国外由来の外来種,鳥類,,Himantopus mexicanus,クロエリセイタカシギ,*,分布拡大期～まん延期,Ⅰ,,動物,,moe_ias_list,https://www.env.go.jp/nature/intro/2outline/list/list2.xls#動物!row=175
その他の総合対策外来種,総合的に対策が必要な外来種（総合対策外来種）,国外由来の外来種,鳥類,,Psittacula krameri manillensis,ワカケホンセイインコ,,定着初期／限定分布,Ⅰ,,動物,,moe_ias_list,https://www.env.go.jp/nature/intro/2outline/list/list2.xls#動物!row=176
その他の総合対策外来種,総合的に対策が必要な外来種（総合対策外来種）,国外由来の外来種,鳥類,,Pycnonotus sinensis ssp.,シロガシラ,,分布拡大期～まん延期,Ⅲ,,動物,,moe_ias_list,https://www.env.go.jp/nature/intro/2outline/list/list2.xls#動物!row=177
その他の総合対策外来種,総合的に対策が必要な外来種（総合対策外来種）,国外由来の外来種,鳥類,,Garrulax cineraceus,ヒゲガビチョウ,未判定,分布拡大期～まん延期,Ⅳ,,動物,,moe_ias_list,https://www.env.go.jp/nature/intro/2outline/list/list2.xls#動物!row=178
その他の総合対策外来種,総合的に対策が必要な外来種（総合対策外来種）,国外由来の外来種,爬虫類,,Mauremys mutica mutica,ミナミイシガメ,,定着初期／限定分布,Ⅳ,,動物,,moe_ias_list,https://www.env.go.jp/nature/intro/2outline/list/list2.xls#動物!row=179
その他の総合対策外来種,総合的に対策が必要な外来種（総合対策外来種）,国外由来の外来種,爬虫類,,Pelodiscus sinensis sinensis,チュウゴクスッポン,*,定着初期／限定分布,Ⅰ,,動物,,moe_ias_list,https://www.env.go.jp/nature/intro/2outline/list/list2.xls#動物!row=180
その他の総合対策外来種,総合的に対策が必要な外来種（総合対策外来種）,国外由来の外来種,爬虫類,,Japalura swinhonis,スインホーキノボリトカゲ,,定着初期／限定分布,Ⅳ,,動物,,moe_ias_list,https://www.env.go.jp/nature/intro/2outline/list/list2.xls#動物!row=181
その他の総合対策外来種,総合的に対策が必要な外来種（総合対策外来種）,国外由来の外来種,両生類,,Xenopus laevis,アフリカツメガエル,*,定着初期／限定分布,Ⅳ,,動物,,moe_ias_list,https://www.env.go.jp/nature/intro/2outline/list/list2.xls#動物!row=182
その他の総合対策外来種,総合的に対策が必要な外来種（総合対策外来種）,国外由来の外来種,魚類,,Acheliognathus macropterus,オオタナゴ,*,定着初期／限定分布,Ⅰ,,動物,,moe_ias_list,https://www.env.go.jp/nature/intro/2outline/list/list2.xls#動物!row=183
その他の総合対策外来種,総合的に対策が必要な外来種（総合対策外来種）,国外由来の外来種,魚類,,Hypophthalmichthys molitrix,ハクレン,,定着初期／限定分布,Ⅰ,,動物,,moe_ias_list,https://www.env.go.jp/nature/intro/2outline/list/list2.xls#動物!row=184
その他の総合対策外来種,総合的に対策が必要な外来種（総合対策外来種）,国外由来の外来種,魚類,,Aristichthys nobilis,コクレン,,定着初期／限定分布,Ⅰ,,動物,,moe_ias_list,https://www.env.go.jp/nature/intro/2outline/list/list2.xls#動物!row=185
その他の総合対策外来種,総合的に対策が必要な外来種（総合対策外来種）,国外由来の外来種,魚類,,Ctenopharhyngodon idellus,ソウギョ,*,定着初期／限定分布,Ⅰ,,動物,,moe_ias_list,https://www.env.go.jp/nature/intro/2outline/list/list2.xls#動物!row=186
その他の総合対策外来種,総合的に対策が必要な外来種（総合対策外来種）,国外由来の外来種,魚類,,Mylopharyngodon piceus,アオウオ,*,定着初期／限定分布,"Ⅰ,Ⅳ",,動物,,moe_ias_list,https://www.env.go.jp/nature/intro/2outline/list/list2.xls#動物!row=187
その他の総合対策外来種,総合的に対策が必要な外来種（総合対策外来種）,国外由来の外来種,魚類,,Paramisgurnus dabryanus,カラドジョウ,*,分布拡大期～まん延期,"Ⅰ,Ⅳ",,動物,,moe_ias_list,https://www.env.go.jp/nature/intro/2outline/list/list2.xls#動物!row=188
その他の総合対策外来種,総合的に対策が必要な外来種（総合対策外来種）,国外由来の外来種,魚類,,Pseudobagrus fulvidraco,コウライギギ,,定着初期／限定分布,Ⅳ,,動物,,moe_ias_list,https://www.env.go.jp/nature/intro/2outline/list/list2.xls#動物!row=189
その他の総合対策外来種,総合的に対策が必要な外来種（総合対策外来種）,国外由来の外来種,魚類,,Salvelinus fontinalis,カワマス,*,定着初期／限定分布,Ⅰ,,動物,,moe_ias_list,https://www.env.go.jp/nature/intro/2outline/list/list2.xls#動物!row=190
その他の総合対策外来種,総合的に対策が必要な外来種（総合対策外来種）,国外由来の外来種,魚類,,Odontesthes bonariensis,ペヘレイ,,定着初期／限定分布,"Ⅰ,Ⅳ",,動物,,moe_ias_list,https://www.env.go.jp/nature/intro/2outline/list/list2.xls#動物!row=191
その他の総合対策外来種,総合的に対策が必要な外来種（総合対策外来種）,国外由来の外来種,魚類,,Oreochromis mossambicus,カワスズメ,*,定着初期／限定分布,Ⅰ,,動物,,moe_ias_list,https://www.env.go.jp/nature/intro/2outline/list/list2.xls#動物!row=192
その他の総合対策外来種,総合的に対策が必要な外来種（総合対策外来種）,国外由来の外来種,魚類,,Oreochromis niloticus,ナイルティラピア,*,定着初期／限定分布,Ⅰ,,動物,,moe_ias_list,https://www.env.go.jp/nature/intro/2outline/list/list2.xls#動物!row=193
その他の総合対策外来種,総合的に対策が必要な外来種（総合対策外来種）,国外由来の外来種,魚類,,Tilapia zillii,ジルティラピア,,定着初期／限定分布,Ⅰ,,動物,,moe_ias_list,https://www.env.go.jp/nature/intro/2outline/list/list2.xls#動物!row=194
その他の総合対策外来種,総合的に対策が必要な外来種（総合対策外来種）,国外由来の外来種,魚類,,Danio albolineatus,パ－ルダニオ,,小笠原・南西諸島,"Ⅰ,Ⅳ",,動物,,moe_ias_list,https://www.env.go.jp/nature/intro/2outline/list/list2.xls#動物!row=195
その他の総合対策外来種,総合的に対策が必要な外来種（総合対策外来種）,国外由来の外来種,魚類,,Danio rerio,ゼブラダニオ,,小笠原・南西諸島,"Ⅰ,Ⅳ",,動物,,moe_ias_list,https://www.env.go.jp/nature/intro/2outline/list/list2.xls#動物!row=196
その他の総合対策外来種,総合的に対策が必要な外来種（総合対策外来種）,国外由来の外来種,魚類,,Tanichthys albonubes,アカヒレ,,小笠原・南西諸島,"Ⅰ,Ⅳ",,動物,,moe_ias_list,https://www.env.go.jp/nature/intro/2outline/list/list2.xls#動物!row=197
その他の総合対策外来種,総合的に対策が必要な外来種（総合対策外来種）,国外由来の外来種,魚類,,Pterygoplichthys anisitsi,スノープレコ,,小笠原・南西諸島,"Ⅰ,Ⅳ",,動物,,moe_ias_list,https://www.env.go.jp/nature/intro/2outline/list/list2.xls#動物!row=198
その他の総合対策外来種,総合的に対策が必要な外来種（総合対策外来種）,国外由来の外来種,魚類,,Pterygoplichthys disjunctivus,マダラロリカリア,*,小笠原・南西諸島,Ⅰ,,動物,,moe_ias_list,https://www.env.go.jp/nature/intro/2outline/list/list2.xls#動物!row=199
その他の総合対策外来種,総合的に対策が必要な外来種（総合対策外来種）,国外由来の外来種,魚類,,Pterygoplichthys pardalis,アマゾンセイルフィンキャットフィッシュ,,小笠原・南西諸島,"Ⅰ,Ⅳ",,動物,,moe_ias_list,https://www.env.go.jp/nature/intro/2outline/list/list2.xls#動物!row=200
その他の総合対策外来種,総合的に対策が必要な外来種（総合対策外来種）,国外由来の外来種,魚類,,Clarias batrachus,ウォーキングキャットフィッシュ,*,小笠原・南西諸島,Ⅰ,,動物,,moe_ias_list,https://www.env.go.jp/nature/intro/2outline/list/list2.xls#動物!row=201
その他の総合対策外来種,総合的に対策が必要な外来種（総合対策外来種）,国外由来の外来種,魚類,,Clarias fuscus,ヒレナマズ,,小笠原・南西諸島,"Ⅰ,Ⅳ",,動物,,moe_ias_list,https://www.env.go.jp/nature/intro/2outline/list/list2.xls#動物!row=202
その他の総合対策外来種,総合的に対策が必要な外来種（総合対策外来種）,国外由来の外来種,魚類,,Xiphophorus hellerii,ソ－ドテ－ル,,小笠原・南西諸島,"Ⅰ,Ⅳ",,動物,,moe_ias_list,https://www.env.go.jp/nature/intro/2outline/list/list2.xls#動物!row=203
その他の総合対策外来種,総合的に対策が必要な外来種（総合対策外来種）,国外由来の外来種,魚類,,Poecilia reticulata,グッピ－,*,小笠原・南西諸島,Ⅰ,,動物,,moe_ias_list,https://www.env.go.jp/nature/intro/2outline/list/list2.xls#動物!row=204
その他の総合対策外来種,総合的に対策が必要な外来種（総合対策外来種）,国外由来の外来種,魚類,,Pseudambassis ranga,インディアングラスフィッシュ,,小笠原・南西諸島,Ⅰ,,動物,,moe_ias_list,https://www.env.go.jp/nature/intro/2outline/list/list2.xls#動物!row=205
その他の総合対策外来種,総合的に対策が必要な外来種（総合対策外来種）,国外由来の外来種,魚類,,Cichlasoma nigrofasciatum,コンウ゛ィクトシクリッド,,小笠原・南西諸島,Ⅰ,,動物,,moe_ias_list,https://www.env.go.jp/nature/intro/2outline/list/list2.xls#動物!row=206
その他の総合対策外来種,総合的に対策が必要な外来種（総合対策外来種）,国外由来の外来種,魚類,,Oreochromis aureus,ブルーティラピア,,小笠原・南西諸島,Ⅰ,,動物,,moe_ias_list,https://www.env.go.jp/nature/intro/2outline/list/list2.xls#動物!row=207
その他の総合対策外来種,総合的に対策が必要な外来種（総合対策外来種）,国外由来の外来種,昆虫類,,Protaetia orientalis sakaii,シロテンハナムグリ台湾亜種（サカイシロテンハナムグリ）,*,定着初期／限定分布,Ⅰ,,動物,,moe_ias_list,https://www.env.go.jp/nature/intro/2outline/list/list2.xls#動物!row=208
その他の総合対策外来種,総合的に対策が必要な外来種（総合対策外来種）,国外由来の外来種,昆虫類,,Aromia bungii,クビアカツヤカミキリ（クロジャコウカミキリ）,,定着初期／限定分布,Ⅳ,,動物,,moe_ias_list,https://www.env.go.jp/nature/intro/2outline/list/list2.xls#動物!row=209
その他の総合対策外来種,総合的に対策が必要な外来種（総合対策外来種）,国外由来の外来種,昆虫類,,Sagra femorata,フェモラータオオモモブトハムシ,,定着初期／限定分布,Ⅳ,,動物,,moe_ias_list,https://www.env.go.jp/nature/intro/2outline/list/list2.xls#動物!row=210
その他の総合対策外来種,総合的に対策が必要な外来種（総合対策外来種）,国外由来の外来種,昆虫類,,Delta pyriforme,チャイロネッタイスズバチ,*,小笠原・南西諸島,Ⅳ,,動物,,moe_ias_list,https://www.env.go.jp/nature/intro/2outline/list/list2.xls#動物!row=211
その他の総合対策外来種,総合的に対策が必要な外来種（総合対策外来種）,国外由来の外来種,昆虫類,,Ropalidia marginata,ナンヨウチビアシナガバチ,*,小笠原・南西諸島,Ⅳ,,動物,,moe_ias_list,https://www.env.go.jp/nature/intro/2outline/list/list2.xls#動物!row=212
その他の総合対策外来種,総合的に対策が必要な外来種（総合対策外来種）,国外由来の外来種,陸生節足動物,,Chamberlinius hualienensis,ヤンバルトサカヤスデ,,分布拡大期～まん延期,Ⅳ,,動物,,moe_ias_list,https://www.env.go.jp/nature/intro/2outline/list/list2.xls#動物!row=213
その他の総合対策外来種,総合的に対策が必要な外来種（総合対策外来種）,国外由来の外来種,その他の無脊椎動物,,Bursaphelenchus xylophilus,マツノザイセンチュウ,,分布拡大期～まん延期,"Ⅰ,Ⅲ",,動物,,moe_ias_list,https://www.env.go.jp/nature/intro/2outline/list/list2.xls#動物!row=214
その他の総合対策外来種,総合的に対策が必要な外来種（総合対策外来種）,国外由来の外来種,その他の無脊椎動物,,Crepidula onyx,シマメノウフネガイ,,分布拡大期～まん延期,Ⅳ,,動物,,moe_ias_list,https://www.env.go.jp/nature/intro/2outline/list/list2.xls#動物!row=215
その他の総合対策外来種,総合的に対策が必要な外来種（総合対策外来種）,国外由来の外来種,その他の無脊椎動物,,Potamopyrgus antipodarum,コモチカワツボ,,分布拡大期～まん延期,Ⅳ,,動物,,moe_ias_list,https://www.env.go.jp/nature/intro/2outline/list/list2.xls#動物!row=216
その他の総合対策外来種,総合的に対策が必要な外来種（総合対策外来種）,国外由来の外来種,その他の無脊椎動物,,Nassarius sinarus,カラムシロ,*,定着初期／限定分布,"Ⅰ,Ⅲ",,動物,,moe_ias_list,https://www.env.go.jp/nature/intro/2outline/list/list2.xls#動物!row=217
その他の総合対策外来種,総合的に対策が必要な外来種（総合対策外来種）,国外由来の外来種,その他の無脊椎動物,,Lymnaea columella,ハブタエモノアラガイ,,分布拡大期～まん延期,Ⅳ,,動物,,moe_ias_list,https://www.env.go.jp/nature/intro/2outline/list/list2.xls#動物!row=218
その他の総合対策外来種,総合的に対策が必要な外来種（総合対策外来種）,国外由来の外来種,その他の無脊椎動物,,Rumina decollata,オオクビキレガイ,,分布拡大期～まん延期,Ⅳ,,動物,,moe_ias_list,https://www.env.go.jp/nature/intro/2outline/list/list2.xls#動物!row=219
その他の総合対策外来種,総合的に対策が必要な外来種（総合対策外来種）,国外由来の外来種,その他の無脊椎動物,,Limax maximus,マダラコウラナメクジ,,定着初期／限定分布,Ⅳ,,動物,,moe_ias_list,https://www.env.go.jp/nature/intro/2outline/list/list2.xls#動物!row=220
その他の総合対策外来種,総合的に対策が必要な外来種（総合対策外来種）,国外由来の外来種,その他の無脊椎動物,,Mytilus galloprovincialis,ムラサキイガイ,*,分布拡大期～まん延期,"Ⅰ,Ⅲ",,動物,,moe_ias_list,https://www.env.go.jp/nature/intro/2outline/list/list2.xls#動物!row=221
その他の総合対策外来種,総合的に対策が必要な外来種（総合対策外来種）,国外由来の外来種,その他の無脊椎動物,,Perna viridis,ミドリイガイ,*,分布拡大期～まん延期,"Ⅰ,Ⅲ",,動物,,moe_ias_list,https://www.env.go.jp/nature/intro/2outline/list/list2.xls#動物!row=222
その他の総合対策外来種,総合的に対策が必要な外来種（総合対策外来種）,国外由来の外来種,その他の無脊椎動物,,Xenostrobus securis,コウロエンカワヒバリガイ,*,分布拡大期～まん延期,"Ⅰ,Ⅲ",,動物,,moe_ias_list,https://www.env.go.jp/nature/intro/2outline/list/list2.xls#動物!row=223
その他の総合対策外来種,総合的に対策が必要な外来種（総合対策外来種）,国外由来の外来種,その他の無脊椎動物,,Corbicula fluminea,タイワンシジミ,*,分布拡大期～まん延期,Ⅰ,,動物,,moe_ias_list,https://www.env.go.jp/nature/intro/2outline/list/list2.xls#動物!row=224
その他の総合対策外来種,総合的に対策が必要な外来種（総合対策外来種）,国外由来の外来種,その他の無脊椎動物,,Mytilopsis sallei,イガイダマシ,*,分布拡大期～まん延期,"Ⅰ,Ⅲ",,動物,,moe_ias_list,https://www.env.go.jp/nature/intro/2outline/list/list2.xls#動物!row=225
その他の総合対策外来種,総合的に対策が必要な外来種（総合対策外来種）,国外由来の外来種,その他の無脊椎動物,,Mercenaria mercenaria,ホンビノスガイ,,定着初期／限定分布,Ⅳ,,動物,,moe_ias_list,https://www.env.go.jp/nature/intro/2outline/list/list2.xls#動物!row=226
その他の総合対策外来種,総合的に対策が必要な外来種（総合対策外来種）,国外由来の外来種,その他の無脊椎動物,,Meretrix petechialis,シナハマグリ,*,定着初期／限定分布,"Ⅰ,Ⅲ",,動物,,moe_ias_list,https://www.env.go.jp/nature/intro/2outline/list/list2.xls#動物!row=227
その他の総合対策外来種,総合的に対策が必要な外来種（総合対策外来種）,国外由来の外来種,その他の無脊椎動物,,Ficopomatus enigmaticus,カニヤドリカンザシ,*,分布拡大期～まん延期,"Ⅰ,Ⅲ",,動物,,moe_ias_list,https://www.env.go.jp/nature/intro/2outline/list/list2.xls#動物!row=228
その他の総合対策外来種,総合的に対策が必要な外来種（総合対策外来種）,国外由来の外来種,その他の無脊椎動物,,Hydroides elegans,カサネカンザシ,*,分布拡大期～まん延期,Ⅲ,,動物,,moe_ias_list,https://www.env.go.jp/nature/intro/2outline/list/list2.xls#動物!row=229
その他の総合対策外来種,総合的に対策が必要な外来種（総合対策外来種）,国外由来の外来種,その他の無脊椎動物,,Amphibalanus amphitrite,タテジマフジツボ,*,分布拡大期～まん延期,Ⅲ,,動物,,moe_ias_list,https://www.env.go.jp/nature/intro/2outline/list/list2.xls#動物!row=230
その他の総合対策外来種,総合的に対策が必要な外来種（総合対策外来種）,国外由来の外来種,その他の無脊椎動物,,Amphibalanus eburneus,アメリカフジツボ,,分布拡大期～まん延期,Ⅳ,,動物,,moe_ias_list,https://www.env.go.jp/nature/intro/2outline/list/list2.xls#動物!row=231
その他の総合対策外来種,総合的に対策が必要な外来種（総合対策外来種）,国外由来の外来種,その他の無脊椎動物,,Amphibalanus improvisus,ヨーロッパフジツボ,,分布拡大期～まん延期,Ⅳ,,動物,,moe_ias_list,https://www.env.go.jp/nature/intro/2outline/list/list2.xls#動物!row=232
その他の総合対策外来種,総合的に対策が必要な外来種（総合対策外来種）,国外由来の外来種,その他の無脊椎動物,,Balanus glandula,キタアメリカフジツボ,,分布拡大期～まん延期,Ⅳ,,動物,,moe_ias_list,https://www.env.go.jp/nature/intro/2outline/list/list2.xls#動物!row=233
その他の総合対策外来種,総合的に対策が必要な外来種（総合対策外来種）,国外由来の外来種,その他の無脊椎動物,,Cragonyx floridanus,フロリダマミズヨコエビ,,分布拡大期～まん延期,Ⅳ,,動物,,moe_ias_list,https://www.env.go.jp/nature/intro/2outline/list/list2.xls#動物!row=234
その他の総合対策外来種,総合的に対策が必要な外来種（総合対策外来種）,国外由来の外来種,その他の無脊椎動物,,Carcinus aestuarii,チチュウカイミドリガニ,*,分布拡大期～まん延期,Ⅳ,,動物,,moe_ias_list,https://www.env.go.jp/nature/intro/2outline/list/list2.xls#動物!row=235
適切な管理が必要な産業上重要な外来種（産業管理外来種）,適切な管理が必要な産業上重要な外来種（産業管理外来種）,国外由来の外来種,魚類,,Oncorhynchus mykiss,ニジマス,*,分布拡大期～まん延期,Ⅰ,,動物,,moe_ias_list,https://www.env.go.jp/nature/intro/2outline/list/list2.xls#動物!row=237
適切な管理が必要な産業上重要な外来種（産業管理外来種）,適切な管理が必要な産業上重要な外来種（産業管理外来種）,国外由来の外来種,魚類,,Salmo trutta,ブラウントラウト,*,分布拡大期～まん延期,Ⅰ,,動物,,moe_ias_list,https://www.env.go.jp/nature/intro/2outline/list/list2.xls#動物!row=238
適切な管理が必要な産業上重要な外来種（産業管理外来種）,適切な管理が必要な産業上重要な外来種（産業管理外来種）,国外由来の外来種,魚類,,Salvelinus namaycush,レイクトラウト,,定着初期／限定分布,Ⅰ,,動物,,moe_ias_list,https://www.env.go.jp/nature/intro/2outline/list/list2.xls#動物!row=239
適切な管理が必要な産業上重要な外来種（産業管理外来種）,適切な管理が必要な産業上重要な外来種（産業管理外来種）,国外由来の外来種,昆虫類,,Bombus terrestris,セイヨウオオマルハナバチ,特定外来,定着初期／限定分布,Ⅰ,,動物,,moe_ias_list,https://www.env.go.jp/nature/intro/2outline/list/list2.xls#動物!row=240
緊急対策外来種,総合的に対策が必要な外来種（総合対策外来種）,国内由来の外来種、国内に自然分布域を持つ国外由来の外来種,哺乳類,,Mustela itatsi,伊豆諸島などのニホンイタチ,,国内由来の外来種,"Ⅰ,Ⅲ",,動物,,moe_ias_list,https://www.env.go.jp/nature/intro/2outline/list/list2.xls#動物!row=248
重点対策外来種,総合的に対策が必要な外来種（総合対策外来種）,国内由来の外来種、国内に自然分布域を持つ国外由来の外来種,哺乳類,,Nyctereutes procyonoides,奥尻島・屋久島のタヌキ,,国内由来の外来種,"Ⅰ,Ⅲ",,動物,,moe_ias_list,https://www.env.go.jp/nature/intro/2outline/list/list2.xls#動物!row=250
重点対策外来種,総合的に対策が必要な外来種（総合対策外来種）,国内由来の外来種、国内に自然分布域を持つ国外由来の外来種,哺乳類,,Martes melampus,北海道・佐渡のテン,,国内由来の外来種,Ⅰ,,動物,,moe_ias_list,https://www.env.go.jp/nature/intro/2outline/list/list2.xls#動物!row=251
重点対策外来種,総合的に対策が必要な外来種（総合対策外来種）,国内由来の外来種、国内に自然分布域を持つ国外由来の外来種,哺乳類,,Mustela sibirica,対馬以外のチョウセンイタチ,,国内由来の外来種,Ⅰ,,動物,,moe_ias_list,https://www.env.go.jp/nature/intro/2outline/list/list2.xls#動物!row=252
重点対策外来種,総合的に対策が必要な外来種（総合対策外来種）,国内由来の外来種、国内に自然分布域を持つ国外由来の外来種,哺乳類,,Sus scrofa leucomystax,徳之島などのニホンイノシシ,,国内由来の外来種,"Ⅰ,Ⅲ",,動物,,moe_ias_list,https://www.env.go.jp/nature/intro/2outline/list/list2.xls#動物!row=253
重点対策外来種,総合的に対策が必要な外来種（総合対策外来種）,国内由来の外来種、国内に自然分布域を持つ国外由来の外来種,哺乳類,,Cervus nippon,新島などのニホンジカ,,国内由来の外来種,"Ⅰ,Ⅲ",,動物,,moe_ias_list,https://www.env.go.jp/nature/intro/2outline/list/list2.xls#動物!row=254
重点対策外来種,総合的に対策が必要な外来種（総合対策外来種）,国内由来の外来種、国内に自然分布域を持つ国外由来の外来種,爬虫類,,Cuora flavomarginata evelynae,沖縄諸島のヤエヤマセマルハコガメ,,国内由来の外来種,Ⅰ,,動物,,moe_ias_list,https://www.env.go.jp/nature/intro/2outline/list/list2.xls#動物!row=255
重点対策外来種,総合的に対策が必要な外来種（総合対策外来種）,国内由来の外来種、国内に自然分布域を持つ国外由来の外来種,爬虫類,,Mauremyｓ mutica kami,沖縄諸島及び宮古諸島のヤエヤマイシガメ,,国内由来の外来種,Ⅰ,,動物,,moe_ias_list,https://www.env.go.jp/nature/intro/2outline/list/list2.xls#動物!row=256
重点対策外来種,総合的に対策が必要な外来種（総合対策外来種）,国内由来の外来種、国内に自然分布域を持つ国外由来の外来種,爬虫類,,Pelodiscus sinensis japonicus,琉球列島のニホンスッポン,,国内由来の外来種,Ⅳ,,動物,,moe_ias_list,https://www.env.go.jp/nature/intro/2outline/list/list2.xls#動物!row=257
重点対策外来種,総合的に対策が必要な外来種（総合対策外来種）,国内由来の外来種、国内に自然分布域を持つ国外由来の外来種,爬虫類,,Japalura polygonata polygonata,九州のオキナワキノボリトカゲ,,国内由来の外来種,Ⅳ,,動物,,moe_ias_list,https://www.env.go.jp/nature/intro/2outline/list/list2.xls#動物!row=258
重点対策外来種,総合的に対策が必要な外来種（総合対策外来種）,国内由来の外来種、国内に自然分布域を持つ国外由来の外来種,爬虫類,,Plestiodon japonicus,伊豆諸島のニホントカゲ,,国内由来の外来種,Ⅰ,,動物,,moe_ias_list,https://www.env.go.jp/nature/intro/2outline/list/list2.xls#動物!row=259
重点対策外来種,総合的に対策が必要な外来種（総合対策外来種）,国内由来の外来種、国内に自然分布域を持つ国外由来の外来種,両生類,,Bufo japonicus formosus,伊豆諸島などのアズマヒキガエル,,国内由来の外来種,Ⅰ,,動物,,moe_ias_list,https://www.env.go.jp/nature/intro/2outline/list/list2.xls#動物!row=260
重点対策外来種,総合的に対策が必要な外来種（総合対策外来種）,国内由来の外来種、国内に自然分布域を持つ国外由来の外来種,両生類,,Fejervarya kawamurai,関東以北及び島に侵入したヌマガエル,,国内由来の外来種,Ⅳ,,動物,,moe_ias_list,https://www.env.go.jp/nature/intro/2outline/list/list2.xls#動物!row=261
重点対策外来種,総合的に対策が必要な外来種（総合対策外来種）,国内由来の外来種、国内に自然分布域を持つ国外由来の外来種,その他の無脊椎動物,,Euspira fortunei,自然分布域外のサキグロタマツメタ,,国内に自然分布域を持つ国外由来の外来種,"Ⅰ,Ⅲ",,動物,,moe_ias_list,https://www.env.go.jp/nature/intro/2outline/list/list2.xls#動物!row=262
その他の総合対策外来種,総合的に対策が必要な外来種（総合対策外来種）,国内由来の外来種、国内に自然分布域を持つ国外由来の外来種,魚類,,Opsarichthys uncirostris uncirostris,琵琶湖・淀川以外のハス,,国内由来の外来種,Ⅰ,,動物,,moe_ias_list,https://www.env.go.jp/nature/intro/2outline/list/list2.xls#動物!row=264
その他の総合対策外来種,総合的に対策が必要な外来種（総合対策外来種）,国内由来の外来種、国内に自然分布域を持つ国外由来の外来種,魚類,,Pseudorasbora parva,東北地方などのモツゴ,,国内由来の外来種,"Ⅰ,Ⅱ",,動物,,moe_ias_list,https://www.env.go.jp/nature/intro/2outline/list/list2.xls#動物!row=265
その他の総合対策外来種,総合的に対策が必要な外来種（総合対策外来種）,国内由来の外来種、国内に自然分布域を持つ国外由来の外来種,魚類,,Tachysurus nudiceps,九州北西部及び東海・北陸地方以東のギギ,,国内由来の外来種,Ⅳ,,動物,,moe_ias_list,https://www.env.go.jp/nature/intro/2outline/list/list2.xls#動物!row=266
その他の総合対策外来種,総合的に対策が必要な外来種（総合対策外来種）,国内由来の外来種、国内に自然分布域を持つ国外由来の外来種,魚類,,Coreoperca kawamebari,近畿地方以東のオヤニラミ,,国内由来の外来種,Ⅳ,,動物,,moe_ias_list,https://www.env.go.jp/nature/intro/2outline/list/list2.xls#動物!row=267
その他の総合対策外来種,総合的に対策が必要な外来種（総合対策外来種）,国内由来の外来種、国内に自然分布域を持つ国外由来の外来種,昆虫類,,Protaetia pryeri,伊豆諸島などのリュウキュウツヤハナムグリ,,国内由来の外来種,Ⅳ,,動物,,moe_ias_list,https://www.env.go.jp/nature/intro/2outline/list/list2.xls#動物!row=268
その他の総合対策外来種,総合的に対策が必要な外来種（総合対策外来種）,国内由来の外来種、国内に自然分布域を持つ国外由来の外来種,昆虫類,,Trypoxylus dichotomus septentrionalis,北海道・沖縄のカブトムシ本土亜種,,国内由来の外来種,Ⅰ,,動物,,moe_ias_list,https://www.env.go.jp/nature/intro/2outline/list/list2.xls#動物!row=269
侵入予防外来種,定着を予防する外来種（定着予防外来種）,国外由来の外来種,植物,イネ,Ammophila arenaria,ビーチグラス,,未定着,Ⅳ,海岸砂丘,植物,,moe_ias_list,https://www.env.go.jp/nature/intro/2outline/list/list2.xls#植物!row=24
その他の定着予防外来種,定着を予防する外来種（定着予防外来種）,国外由来の外来種,植物,カバノキ,Alnus glutinosa,ヨーロッパハンノキ（オウシュウクロハンノキ）,,未定着,Ⅳ,湿地,植物,,moe_ias_list,https://www.env.go.jp/nature/intro/2outline/list/list2.xls#植物!row=26
その他の定着予防外来種,定着を予防する外来種（定着予防外来種）,国外由来の外来種,植物,クワ,Ficus rubiginosa,フランスゴムノキ（コバノゴムビワ）,,未定着,Ⅳ,,植物,,moe_ias_list,https://www.env.go.jp/nature/intro/2outline/list/list2.xls#植物!row=27
その他の定着予防外来種,定着を予防する外来種（定着予防外来種）,国外由来の外来種,植物,ベンケイソウ,Tillaea helmsii,クラッスラ・ヘルムシー,,未定着,Ⅳ,湿地,植物,,moe_ias_list,https://www.env.go.jp/nature/intro/2outline/list/list2.xls#植物!row=28
その他の定着予防外来種,定着を予防する外来種（定着予防外来種）,国外由来の外来種,植物,カエデ,Acer platanoides,ノルウェーカエデ（ヨーロッパカエデ）,,未定着,Ⅳ,,植物,,moe_ias_list,https://www.env.go.jp/nature/intro/2outline/list/list2.xls#植物!row=29
その他の定着予防外来種,定着を予防する外来種（定着予防外来種）,国外由来の外来種,植物,カエデ,Acer rubrum,アメリカハナノキ（ベニカエデ）,,未定着,Ⅰ,ハナノキの生育地の周辺,植物,,moe_ias_list,https://www.env.go.jp/nature/intro/2outline/list/list2.xls#植物!row=30
その他の定着予防外来種,定着を予防する外来種（定着予防外来種）,国外由来の外来種,植物,グミ,Elaeagnus angustifolia,ホソグミ（ロシアンオリーブ）,,未定着,Ⅳ,湿地や河原,植物,,moe_ias_list,https://www.env.go.jp/nature/intro/2outline/list/list2.xls#植物!row=31
その他の定着予防外来種,定着を予防する外来種（定着予防外来種）,国外由来の外来種,植物,ギョリュウ,Tamarix × hybrid,タマリクス属雑種（ギョリュウ）,（*）,未定着,Ⅳ,湿地や河原,植物,,moe_ias_list,https://www.env.go.jp/nature/intro/2outline/list/list2.xls#植物!row=32
その他の定着予防外来種,定着を予防する外来種（定着予防外来種）,国外由来の外来種,植物,ヤルマ,Cecropia peltata,ヤツデグワ,*,小笠原・南西諸島／未定着,Ⅳ,,植物,,moe_ias_list,https://www.env.go.jp/nature/intro/2outline/list/list2.xls#植物!row=33
その他の定着予防外来種,定着を予防する外来種（定着予防外来種）,国外由来の外来種,植物,ヤルマ,Cecropia schreberiana,ケクロピア・シュレベリアナ,,小笠原・南西諸島／未定着,Ⅳ,,植物,,moe_ias_list,https://www.env.go.jp/nature/intro/2outline/list/list2.xls#植物!row=34
その他の定着予防外来種,定着を予防する外来種（定着予防外来種）,国外由来の外来種,植物,トベラ,Pittosporum undulatum,シマトベラ（トウソヨゴ）,,小笠原・南西諸島／未定着,Ⅳ,,植物,,moe_ias_list,https://www.env.go.jp/nature/intro/2outline/list/list2.xls#植物!row=35
その他の定着予防外来種,定着を予防する外来種（定着予防外来種）,国外由来の外来種,植物,フトモモ,Eugenia uniflora,タチバナアデク（ピタンガ）,,小笠原・南西諸島／未定着,Ⅳ,,植物,,moe_ias_list,https://www.env.go.jp/nature/intro/2outline/list/list2.xls#植物!row=36
その他の定着予防外来種,定着を予防する外来種（定着予防外来種）,国外由来の外来種,植物,フトモモ,Syzygium cumini,ムラサキフトモモ（ヨウミャクアデク、メシゲラック、ムレザキフトモモ）,,小笠原・南西諸島／未定着,Ⅳ,,植物,,moe_ias_list,https://www.env.go.jp/nature/intro/2outline/list/list2.xls#植物!row=37
その他の定着予防外来種,定着を予防する外来種（定着予防外来種）,国外由来の外来種,植物,ノボタン,Clidemia hirta,アメリカクサノボタン,*,小笠原・南西諸島／未定着,Ⅳ,,植物,,moe_ias_list,https://www.env.go.jp/nature/intro/2outline/list/list2.xls#植物!row=38
その他の定着予防外来種,定着を予防する外来種（定着予防外来種）,国外由来の外来種,植物,ウコギ,Schefflera actinophylla,シェフレラ・アクチノフィラ（ブラッサイア、オクトパスツリー）,,小笠原・南西諸島／未定着,Ⅳ,,植物,,moe_ias_list,https://www.env.go.jp/nature/intro/2outline/list/list2.xls#植物!row=39
その他の定着予防外来種,定着を予防する外来種（定着予防外来種）,国外由来の外来種,植物,ヤブコウジ,Ardisia elliptica,コウトウタチバナ（セイロンマンリョウ）,*,小笠原・南西諸島／未定着,Ⅳ,,植物,,moe_ias_list,https://www.env.go.jp/nature/intro/2outline/list/list2.xls#植物!row=40
その他の定着予防外来種,定着を予防する外来種（定着予防外来種）,国外由来の外来種,植物,ガガイモ,Cryptostegia grandiflora,オオバナアサガオ（インドゴムカズラ）,,小笠原・南西諸島／未定着,Ⅳ,,植物,,moe_ias_list,https://www.env.go.jp/nature/intro/2outline/list/list2.xls#植物!row=41
その他の定着予防外来種,定着を予防する外来種（定着予防外来種）,国外由来の外来種,植物,ノウゼンカズラ,Macfadyena unguis-cati,トラノツメ（ネコノツメ）,,小笠原・南西諸島／未定着,Ⅳ,,植物,,moe_ias_list,https://www.env.go.jp/nature/intro/2outline/list/list2.xls#植物!row=42
その他の定着予防外来種,定着を予防する外来種（定着予防外来種）,国外由来の外来種,植物,キツネノマゴ,Thunbergia grandiflora,ベンガルヤハズカズラ（ウリバローレルカズラ）,,小笠原・南西諸島／未定着,Ⅳ,,植物,,moe_ias_list,https://www.env.go.jp/nature/intro/2outline/list/list2.xls#植物!row=43
その他の定着予防外来種,定着を予防する外来種（定着予防外来種）,国外由来の外来種,植物,リュウゼツラン,Sansevieria trifasciata,アツバチトセラン（サンスベリア）,,小笠原・南西諸島／未定着,Ⅳ,,植物,,moe_ias_list,https://www.env.go.jp/nature/intro/2outline/list/list2.xls#植物!row=44
その他の定着予防外来種,定着を予防する外来種（定着予防外来種）,国外由来の外来種,植物,イネ,Bambusa vulgaris,ダイサンチク（タイサンチク）,,小笠原・南西諸島／未定着,Ⅳ,,植物,,moe_ias_list,https://www.env.go.jp/nature/intro/2outline/list/list2.xls#植物!row=45
その他の定着予防外来種,定着を予防する外来種（定着予防外来種）,国外由来の外来種,植物,ヤシ,Archontophoenix cunninghamiana,シマケンチャヤシ（ユスラヤシモドキ）,,小笠原・南西諸島／未定着,Ⅳ,,植物,,moe_ias_list,https://www.env.go.jp/nature/intro/2outline/list/list2.xls#植物!row=46
緊急対策外来種,総合的に対策が必要な外来種（総合対策外来種）,国外由来の外来種,植物,アカウキクサ,Azolla spp.,外来アゾラ類,特定外来（一部）,分布拡大期～まん延期,Ⅰ、Ⅳ,アカウキクサやオオアカウキクサの生育地周辺,植物,,moe_ias_list,https://www.env.go.jp/nature/intro/2outline/list/list2.xls#植物!row=49
緊急対策外来種,総合的に対策が必要な外来種（総合対策外来種）,国外由来の外来種,植物,ヒユ,Alternanthera philoxeroides,ナガエツルノゲイトウ,特定外来,分布拡大期～まん延期,Ⅱ、Ⅳ、Ⅴ,池沼や湿地,植物,,moe_ias_list,https://www.env.go.jp/nature/intro/2outline/list/list2.xls#植物!row=50
緊急対策外来種,総合的に対策が必要な外来種（総合対策外来種）,国外由来の外来種,植物,ウリ,Sicyos angulatus,アレチウリ,特定外来,分布拡大期～まん延期,Ⅳ、Ⅴ,河原の固有種の生育地,植物,,moe_ias_list,https://www.env.go.jp/nature/intro/2outline/list/list2.xls#植物!row=51
緊急対策外来種,総合的に対策が必要な外来種（総合対策外来種）,国外由来の外来種,植物,アカバナ,Ludwigia grandiflora（L. grandiflora ssp. grandiflora）,オオバナミズキンバイなどを含むルドウィギア・グランディフロラ,特定外来,定着初期／限定分布,Ⅰ、Ⅱ、Ⅳ、Ⅴ,湖沼,植物,,moe_ias_list,https://www.env.go.jp/nature/intro/2outline/list/list2.xls#植物!row=52
緊急対策外来種,総合的に対策が必要な外来種（総合対策外来種）,国外由来の外来種,植物,アリノトウグサ,Myriophyllum aquaticum,オオフサモ,特定外来,分布拡大期～まん延期,Ⅳ,池沼や湿地,植物,,moe_ias_list,https://www.env.go.jp/nature/intro/2outline/list/list2.xls#植物!row=53
緊急対策外来種,総合的に対策が必要な外来種（総合対策外来種）,国外由来の外来種,植物,セリ,Hydrocotyle ranunculoides,ブラジルチドメグサ,特定外来,定着初期／限定分布,Ⅳ,池沼,植物,,moe_ias_list,https://www.env.go.jp/nature/intro/2outline/list/list2.xls#植物!row=54
緊急対策外来種,総合的に対策が必要な外来種（総合対策外来種）,国外由来の外来種,植物,ゴマノハグサ,Veronica anagallis-aquatica,オオカワヂシャ,特定外来,分布拡大期～まん延期,Ⅰ、Ⅳ,カワヂシャが生育する河原や湿地,植物,,moe_ias_list,https://www.env.go.jp/nature/intro/2outline/list/list2.xls#植物!row=55
緊急対策外来種,総合的に対策が必要な外来種（総合対策外来種）,国外由来の外来種,植物,キク,Coreopsis lanceolata,オオキンケイギク,特定外来,分布拡大期～まん延期,Ⅳ,河原の固有種の生育地,植物,,moe_ias_list,https://www.env.go.jp/nature/intro/2outline/list/list2.xls#植物!row=56
緊急対策外来種,総合的に対策が必要な外来種（総合対策外来種）,国外由来の外来種,植物,キク,Gymnocoronis spilanthoides,ミズヒマワリ,特定外来,分布拡大期～まん延期,Ⅱ、Ⅳ,池沼,植物,,moe_ias_list,https://www.env.go.jp/nature/intro/2outline/list/list2.xls#植物!row=57
緊急対策外来種,総合的に対策が必要な外来種（総合対策外来種）,国外由来の外来種,植物,キク,Rudbeckia laciniata,オオハンゴンソウ,特定外来,分布拡大期～まん延期,Ⅱ、Ⅳ,湿原や林床,植物,,moe_ias_list,https://www.env.go.jp/nature/intro/2outline/list/list2.xls#植物!row=58
緊急対策外来種,総合的に対策が必要な外来種（総合対策外来種）,国外由来の外来種,植物,キク,Senecio madagascariensis,ナルトサワギク,特定外来,分布拡大期～まん延期,Ⅳ、Ⅴ,,植物,,moe_ias_list,https://www.env.go.jp/nature/intro/2outline/list/list2.xls#植物!row=59
緊急対策外来種,総合的に対策が必要な外来種（総合対策外来種）,国外由来の外来種,植物,イネ,Spartina spp.,スパルティナ属,特定外来,定着初期／限定分布,Ⅱ、Ⅳ,干潟,植物,,moe_ias_list,https://www.env.go.jp/nature/intro/2outline/list/list2.xls#植物!row=60
緊急対策外来種,総合的に対策が必要な外来種（総合対策外来種）,国外由来の外来種,植物,サトイモ,Pistia stratiotes,ボタンウキクサ,特定外来,分布拡大期～まん延期,Ⅱ、Ⅳ,暖地の池沼や湿地,植物,,moe_ias_list,https://www.env.go.jp/nature/intro/2outline/list/list2.xls#植物!row=61
緊急対策外来種,総合的に対策が必要な外来種（総合対策外来種）,国外由来の外来種,植物,キク,Mikania micrantha,ツルヒヨドリ（ツルギク、ミカニア・ミクランサ）,*,小笠原・南西諸島,Ⅱ、Ⅳ,,植物,,moe_ias_list,https://www.env.go.jp/nature/intro/2outline/list/list2.xls#植物!row=62
緊急対策外来種,総合的に対策が必要な外来種（総合対策外来種）,国外由来の外来種,植物,キク,Sphagneticola trilobata,アメリカハマグルマ（ミツバハマグルマ）,*,小笠原・南西諸島,Ⅱ、Ⅳ,隆起珊瑚礁など海岸砂地や岩場、林縁,植物,,moe_ias_list,https://www.env.go.jp/nature/intro/2outline/list/list2.xls#植物!row=63
重点対策外来種,総合的に対策が必要な外来種（総合対策外来種）,国外由来の外来種,植物,ハマミズナ,Carpobrotus edulis,バクヤギク（エデュリス、莫邪菊）,,定着初期／限定分布,Ⅱ、Ⅳ,海岸砂浜,植物,,moe_ias_list,https://www.env.go.jp/nature/intro/2outline/list/list2.xls#植物!row=65
重点対策外来種,総合的に対策が必要な外来種（総合対策外来種）,国外由来の外来種,植物,サボテン,Opuntia spp.,ウチワサボテン属,(*）,分布拡大期～まん延期,Ⅱ、Ⅳ,海岸砂浜や河原,植物,,moe_ias_list,https://www.env.go.jp/nature/intro/2outline/list/list2.xls#植物!row=66
重点対策外来種,総合的に対策が必要な外来種（総合対策外来種）,国外由来の外来種,植物,スイレン,Cabomba caroliniana,ハゴロモモ（フサジュンサイ、カモンバ）,*,分布拡大期～まん延期,Ⅳ,ため池、湖沼,植物,,moe_ias_list,https://www.env.go.jp/nature/intro/2outline/list/list2.xls#植物!row=67
重点対策外来種,総合的に対策が必要な外来種（総合対策外来種）,国外由来の外来種,植物,スイレン,Nymphaea cv.,園芸スイレン,,分布拡大期～まん延期,Ⅳ,ため池、湖沼,植物,,moe_ias_list,https://www.env.go.jp/nature/intro/2outline/list/list2.xls#植物!row=68
重点対策外来種,総合的に対策が必要な外来種（総合対策外来種）,国外由来の外来種,植物,モウセンゴケ,Drosera intermedia、Drosera spp.,ナガエモウセンゴケ（ナガエノモウセンゴケ、ドロセラ・インターメディア）等の外来モウセンゴケ類,,定着初期／限定分布,Ⅰ、Ⅱ、Ⅳ,湿地,植物,,moe_ias_list,https://www.env.go.jp/nature/intro/2outline/list/list2.xls#植物!row=69
重点対策外来種,総合的に対策が必要な外来種（総合対策外来種）,国外由来の外来種,植物,アブラナ,Nasturtium officinale,オランダガラシ（クレソン）,*,分布拡大期～まん延期,Ⅳ、Ⅴ,池沼や渓流,植物,,moe_ias_list,https://www.env.go.jp/nature/intro/2outline/list/list2.xls#植物!row=70
重点対策外来種,総合的に対策が必要な外来種（総合対策外来種）,国外由来の外来種,植物,マメ,Acacia longifolia,ナガバアカシア,,定着初期／限定分布,Ⅳ,,植物,,moe_ias_list,https://www.env.go.jp/nature/intro/2outline/list/list2.xls#植物!row=71
重点対策外来種,総合的に対策が必要な外来種（総合対策外来種）,国外由来の外来種,植物,マメ,Acacia melanoxylon,メラノキシロンアカシア（ブラックウッドアカシア）,,定着初期／限定分布,Ⅳ,,植物,,moe_ias_list,https://www.env.go.jp/nature/intro/2outline/list/list2.xls#植物!row=72
重点対策外来種,総合的に対策が必要な外来種（総合対策外来種）,国外由来の外来種,植物,マメ,Acacia mearnsii,モリシマアカシア,*,分布拡大期～まん延期,Ⅱ、Ⅳ,蛇紋岩地や草原,植物,,moe_ias_list,https://www.env.go.jp/nature/intro/2outline/list/list2.xls#植物!row=73
重点対策外来種,総合的に対策が必要な外来種（総合対策外来種）,国外由来の外来種,植物,マメ,Amorpha fruticosa,イタチハギ（クロバナエンジュ）,*,分布拡大期～まん延期,Ⅱ、Ⅳ、Ⅴ,河川敷、海岸、亜高山帯、リンゴ園周辺,植物,,moe_ias_list,https://www.env.go.jp/nature/intro/2outline/list/list2.xls#植物!row=74
重点対策外来種,総合的に対策が必要な外来種（総合対策外来種）,国外由来の外来種,植物,マメ,Lupinus polyphyllus,シュッコンルピナス（ルピナス、タヨウハウチワマメ、ノボリフジ）,,定着初期／限定分布,Ⅱ、Ⅳ,自然草原,植物,,moe_ias_list,https://www.env.go.jp/nature/intro/2outline/list/list2.xls#植物!row=75
重点対策外来種,総合的に対策が必要な外来種（総合対策外来種）,国外由来の外来種,植物,ニガキ,Ailanthus altissima,ニワウルシ（シンジュ）,,分布拡大期～まん延期,Ⅳ,河川敷、二次林,植物,,moe_ias_list,https://www.env.go.jp/nature/intro/2outline/list/list2.xls#植物!row=76
重点対策外来種,総合的に対策が必要な外来種（総合対策外来種）,国外由来の外来種,植物,アカバナ,Ludwigia repens,アメリカミズユキノシタ（ルドウィジア・レペンス）,*,定着初期／限定分布,Ⅱ、Ⅳ,池沼や湿地,植物,,moe_ias_list,https://www.env.go.jp/nature/intro/2outline/list/list2.xls#植物!row=77
重点対策外来種,総合的に対策が必要な外来種（総合対策外来種）,国外由来の外来種,植物,アカバナ,Oenothera laciniata,コマツヨイグサ,*,分布拡大期～まん延期,Ⅱ、Ⅳ,海岸砂浜,植物,,moe_ias_list,https://www.env.go.jp/nature/intro/2outline/list/list2.xls#植物!row=78
重点対策外来種,総合的に対策が必要な外来種（総合対策外来種）,国外由来の外来種,植物,セリ,Hydrocotyle verticillata var. triradiata,ウチワゼニクサ（タテバチドメグサ）,,分布拡大期～まん延期,Ⅳ,池沼や湿地,植物,,moe_ias_list,https://www.env.go.jp/nature/intro/2outline/list/list2.xls#植物!row=79
重点対策外来種,総合的に対策が必要な外来種（総合対策外来種）,国外由来の外来種,植物,モクセイ,Ligustrum lucidum,トウネズミモチ,*,分布拡大期～まん延期,Ⅱ、Ⅳ,暖地の河川敷、二次林、湿地,植物,,moe_ias_list,https://www.env.go.jp/nature/intro/2outline/list/list2.xls#植物!row=80
重点対策外来種,総合的に対策が必要な外来種（総合対策外来種）,国外由来の外来種,植物,キョウチクトウ,Vinca major,ツルニチニチソウ,,分布拡大期～まん延期,Ⅳ,二次林林床、草原、海岸砂浜,植物,,moe_ias_list,https://www.env.go.jp/nature/intro/2outline/list/list2.xls#植物!row=81
重点対策外来種,総合的に対策が必要な外来種（総合対策外来種）,国外由来の外来種,植物,ヒルガオ,Ipomoea spp. （Pharbitis spp.）,外来ノアサガオ類,,分布拡大期～まん延期,Ⅳ,海岸や林縁,植物,,moe_ias_list,https://www.env.go.jp/nature/intro/2outline/list/list2.xls#植物!row=82
重点対策外来種,総合的に対策が必要な外来種（総合対策外来種）,国外由来の外来種,植物,クマツヅラ,Lantana camara,シチヘンゲ（ランタナ）,*,分布拡大期～まん延期,Ⅱ、Ⅳ,暖地の海岸,植物,,moe_ias_list,https://www.env.go.jp/nature/intro/2outline/list/list2.xls#植物!row=83
重点対策外来種,総合的に対策が必要な外来種（総合対策外来種）,国外由来の外来種,植物,アワゴケ,Callitriche stagnalis,イケノミズハコベ,,分布拡大期～まん延期,Ⅳ,湧水河川、水路,植物,,moe_ias_list,https://www.env.go.jp/nature/intro/2outline/list/list2.xls#植物!row=84
重点対策外来種,総合的に対策が必要な外来種（総合対策外来種）,国外由来の外来種,植物,ナス,Solanum mauritianum,ダイオウナスビ,,定着初期／限定分布,Ⅳ,二次林,植物,,moe_ias_list,https://www.env.go.jp/nature/intro/2outline/list/list2.xls#植物!row=85
重点対策外来種,総合的に対策が必要な外来種（総合対策外来種）,国外由来の外来種,植物,フジウツギ,Buddleja davidii,フサフジウツギ（ニシキフジウツギ、チチブフジウツギ、ブッドレア）,,分布拡大期～まん延期,Ⅱ、Ⅳ,河原,植物,,moe_ias_list,https://www.env.go.jp/nature/intro/2outline/list/list2.xls#植物!row=86
重点対策外来種,総合的に対策が必要な外来種（総合対策外来種）,国外由来の外来種,植物,ゴマノハグサ,Glossostigma elatinoides,ハビコリハコベ（グロッソスティグマ）,,定着初期／限定分布,Ⅱ、Ⅳ,池沼や湿地,植物,,moe_ias_list,https://www.env.go.jp/nature/intro/2outline/list/list2.xls#植物!row=87
重点対策外来種,総合的に対策が必要な外来種（総合対策外来種）,国外由来の外来種,植物,タヌキモ,Utricularia gibba,オオバナイトタヌキモ（ウトリクラリア・ギッバ）,,定着初期／限定分布,Ⅱ、Ⅳ,湿地,植物,,moe_ias_list,https://www.env.go.jp/nature/intro/2outline/list/list2.xls#植物!row=88
重点対策外来種,総合的に対策が必要な外来種（総合対策外来種）,国外由来の外来種,植物,タヌキモ,Utricularia inflata,エフクレタヌキモ,,定着初期／限定分布,Ⅱ、Ⅳ,湿地,植物,,moe_ias_list,https://www.env.go.jp/nature/intro/2outline/list/list2.xls#植物!row=89
重点対策外来種,総合的に対策が必要な外来種（総合対策外来種）,国外由来の外来種,植物,キク,Ambrosia trifida,オオブタクサ（クワモドキ）,*,分布拡大期～まん延期,Ⅳ,湿地や河原,植物,,moe_ias_list,https://www.env.go.jp/nature/intro/2outline/list/list2.xls#植物!row=90
重点対策外来種,総合的に対策が必要な外来種（総合対策外来種）,国外由来の外来種,植物,キク,Solidago altissima,セイタカアワダチソウ（セイタカアキノキリンソウ）,*,分布拡大期～まん延期,Ⅱ、Ⅳ,湿原・湿地,植物,,moe_ias_list,https://www.env.go.jp/nature/intro/2outline/list/list2.xls#植物!row=91
重点対策外来種,総合的に対策が必要な外来種（総合対策外来種）,国外由来の外来種,植物,キク,Solidago gigantea var leiophylla,オオアワダチソウ,*,分布拡大期～まん延期,Ⅱ、Ⅳ,湿原・湿地,植物,,moe_ias_list,https://www.env.go.jp/nature/intro/2outline/list/list2.xls#植物!row=92
重点対策外来種,総合的に対策が必要な外来種（総合対策外来種）,国外由来の外来種,植物,キク,Taraxacum officinale、T. spp.,外来性タンポポ種群,*,分布拡大期～まん延期,Ⅰ、Ⅱ、Ⅳ,自然草原や高山,植物,,moe_ias_list,https://www.env.go.jp/nature/intro/2outline/list/list2.xls#植物!row=93
重点対策外来種,総合的に対策が必要な外来種（総合対策外来種）,国外由来の外来種,植物,オモダカ,Sagittaria platyphylla,ヒロハオモダカ（ジャイアントサジタリア）,,定着初期／限定分布,Ⅳ,河川や湿地,植物,,moe_ias_list,https://www.env.go.jp/nature/intro/2outline/list/list2.xls#植物!row=94
重点対策外来種,総合的に対策が必要な外来種（総合対策外来種）,国外由来の外来種,植物,オモダカ,Sagittaria weatherbiana,ナガバオモダカ（ジャイアントサジタリア）,*,分布拡大期～まん延期,Ⅱ、Ⅳ,湿地や池沼,植物,,moe_ias_list,https://www.env.go.jp/nature/intro/2outline/list/list2.xls#植物!row=95
重点対策外来種,総合的に対策が必要な外来種（総合対策外来種）,国外由来の外来種,植物,トチカガミ,Egeria densa,オオカナダモ（アナカリス）,*,分布拡大期～まん延期,Ⅱ、Ⅳ,池沼,植物,,moe_ias_list,https://www.env.go.jp/nature/intro/2outline/list/list2.xls#植物!row=96
重点対策外来種,総合的に対策が必要な外来種（総合対策外来種）,国外由来の外来種,植物,トチカガミ,Elodea nuttallii,コカナダモ,*,分布拡大期～まん延期,Ⅱ、Ⅳ,池沼や渓流,植物,,moe_ias_list,https://www.env.go.jp/nature/intro/2outline/list/list2.xls#植物!row=97
重点対策外来種,総合的に対策が必要な外来種（総合対策外来種）,国外由来の外来種,植物,トチカガミ,Lagarosiphon major,クロモモドキ（ラガロシフォン・マヨール）,,定着初期／限定分布,Ⅳ,湖沼や河川,植物,,moe_ias_list,https://www.env.go.jp/nature/intro/2outline/list/list2.xls#植物!row=98
重点対策外来種,総合的に対策が必要な外来種（総合対策外来種）,国外由来の外来種,植物,トチカガミ,Limnobium laevigatum,アマゾントチカガミ（アマゾンフロッグピット、リムノビウム・ラエビガータム）,,定着初期／限定分布,Ⅱ、Ⅳ,温暖地の池沼や湿地,植物,,moe_ias_list,https://www.env.go.jp/nature/intro/2outline/list/list2.xls#植物!row=99
重点対策外来種,総合的に対策が必要な外来種（総合対策外来種）,国外由来の外来種,植物,トチカガミ,Vallisneria gigantea、Vallisneria spp.,外来セキショウモ（オオセキショウモ（ジャイアントバリスネリア）、セイヨウセキショウモに酷似した外来種）,,分布拡大期～まん延期,Ⅱ、Ⅳ,池沼や渓流,植物,,moe_ias_list,https://www.env.go.jp/nature/intro/2outline/list/list2.xls#植物!row=100
重点対策外来種,総合的に対策が必要な外来種（総合対策外来種）,国外由来の外来種,植物,リュウゼツラン,Yucca gloriosa,アツバキミガヨラン,,定着初期／限定分布,Ⅱ、Ⅳ,海岸砂浜,植物,,moe_ias_list,https://www.env.go.jp/nature/intro/2outline/list/list2.xls#植物!row=101
重点対策外来種,総合的に対策が必要な外来種（総合対策外来種）,国外由来の外来種,植物,ミズアオイ,Eichhornia crassipes,ホテイアオイ（ウォーターヒヤシンス）,*,分布拡大期～まん延期,Ⅱ、Ⅳ,池沼や湿地,植物,,moe_ias_list,https://www.env.go.jp/nature/intro/2outline/list/list2.xls#植物!row=102
重点対策外来種,総合的に対策が必要な外来種（総合対策外来種）,国外由来の外来種,植物,アヤメ,Iris pseudacorus,キショウブ,*,分布拡大期～まん延期,Ⅱ、Ⅳ,池沼や湿地,植物,,moe_ias_list,https://www.env.go.jp/nature/intro/2outline/list/list2.xls#植物!row=103
重点対策外来種,総合的に対策が必要な外来種（総合対策外来種）,国外由来の外来種,植物,イグサ,Juncus sp.,コゴメイ,,分布拡大期～まん延期,Ⅳ,イグサなどが生育する河川敷や湿地,植物,,moe_ias_list,https://www.env.go.jp/nature/intro/2outline/list/list2.xls#植物!row=104
重点対策外来種,総合的に対策が必要な外来種（総合対策外来種）,国外由来の外来種,植物,ツユクサ,Tradescantia fluminensis,ノハカタカラクサ（トキワツユクサ、トラデスカンティア・フルミネンシス）,*,分布拡大期～まん延期,Ⅳ,二次林林床,植物,,moe_ias_list,https://www.env.go.jp/nature/intro/2outline/list/list2.xls#植物!row=105
重点対策外来種,総合的に対策が必要な外来種（総合対策外来種）,国外由来の外来種,植物,イネ,Ammophila breviligulata,オオハマガヤ（アメリカハマニンニク、アメリカカイガンソウ）,,分布拡大期～まん延期,Ⅱ、Ⅳ,海岸砂浜,植物,,moe_ias_list,https://www.env.go.jp/nature/intro/2outline/list/list2.xls#植物!row=106
重点対策外来種,総合的に対策が必要な外来種（総合対策外来種）,国外由来の外来種,植物,イネ,Eragrostis curvula,シナダレスズメガヤ（ウイーピングラブグラス、セイタカカゼクサ）,*,分布拡大期～まん延期,Ⅳ,河原、海岸砂浜,植物,,moe_ias_list,https://www.env.go.jp/nature/intro/2outline/list/list2.xls#植物!row=107
重点対策外来種,総合的に対策が必要な外来種（総合対策外来種）,国外由来の外来種,植物,イネ,Paspalum distichum var. indutum,チクゴスズメノヒエ,,分布拡大期～まん延期,Ⅳ、Ⅴ,湿地や池沼,植物,,moe_ias_list,https://www.env.go.jp/nature/intro/2outline/list/list2.xls#植物!row=108
重点対策外来種,総合的に対策が必要な外来種（総合対策外来種）,国外由来の外来種,植物,カヤツリグサ,Carex longii,アサハタヤガミスゲ,,定着初期／限定分布,Ⅳ,湿地,植物,,moe_ias_list,https://www.env.go.jp/nature/intro/2outline/list/list2.xls#植物!row=109
重点対策外来種,総合的に対策が必要な外来種（総合対策外来種）,国外由来の外来種,植物,カヤツリグサ,Cyperus alternifolius,シュロガヤツリ（カラカサガヤツリ）,,分布拡大期～まん延期,Ⅱ、Ⅳ,暖地の池沼や湿地,植物,,moe_ias_list,https://www.env.go.jp/nature/intro/2outline/list/list2.xls#植物!row=110
重点対策外来種,総合的に対策が必要な外来種（総合対策外来種）,国外由来の外来種,植物,カヤツリグサ,Cyperus eragrostis,メリケンガヤツリ,*,分布拡大期～まん延期,Ⅳ,湿地、河川敷,植物,,moe_ias_list,https://www.env.go.jp/nature/intro/2outline/list/list2.xls#植物!row=111
重点対策外来種,総合的に対策が必要な外来種（総合対策外来種）,国外由来の外来種,植物,サンショウモ,Salvinia molesta,オオサンショウモ,*,小笠原・南西諸島,Ⅱ、Ⅳ,暖地の池沼,植物,,moe_ias_list,https://www.env.go.jp/nature/intro/2outline/list/list2.xls#植物!row=112
重点対策外来種,総合的に対策が必要な外来種（総合対策外来種）,国外由来の外来種,植物,モクマオウ,Casuarina equisetifolia,トクサバモクマオウ（トキワギョリュウ）,,小笠原・南西諸島,Ⅱ、Ⅳ,,植物,,moe_ias_list,https://www.env.go.jp/nature/intro/2outline/list/list2.xls#植物!row=113
重点対策外来種,総合的に対策が必要な外来種（総合対策外来種）,国外由来の外来種,植物,クワ,Artocarpus altilis,パンノキ,,小笠原・南西諸島,Ⅱ、Ⅳ,シイ・カシ林,植物,,moe_ias_list,https://www.env.go.jp/nature/intro/2outline/list/list2.xls#植物!row=114
重点対策外来種,総合的に対策が必要な外来種（総合対策外来種）,国外由来の外来種,植物,イラクサ,Pilea microphylla,コゴメミズ（コメバコケミズ、ピレア・ミクロフィラ）,,小笠原・南西諸島,Ⅱ、Ⅳ,陰湿な岩場,植物,,moe_ias_list,https://www.env.go.jp/nature/intro/2outline/list/list2.xls#植物!row=115
重点対策外来種,総合的に対策が必要な外来種（総合対策外来種）,国外由来の外来種,植物,スベリヒユ,Portulaca pilosa,ケツメクサ（ヒメマツバボタン、ケヅメグサ）,,小笠原・南西諸島,Ⅱ、Ⅳ,海岸の隆起サンゴ礁や岩礁,植物,,moe_ias_list,https://www.env.go.jp/nature/intro/2outline/list/list2.xls#植物!row=116
重点対策外来種,総合的に対策が必要な外来種（総合対策外来種）,国外由来の外来種,植物,ベンケイソウ,Bryophyllum pinnatum,セイロンベンケイ（トウロウソウ、セイロンベンケイソウ、ハカラメ）,,小笠原・南西諸島,Ⅱ、Ⅳ,海岸岩場や石灰岩地,植物,,moe_ias_list,https://www.env.go.jp/nature/intro/2outline/list/list2.xls#植物!row=117
重点対策外来種,総合的に対策が必要な外来種（総合対策外来種）,国外由来の外来種,植物,マメ,Acacia confusa,ソウシジュ（タイワンアカシア）,,小笠原・南西諸島,Ⅱ、Ⅳ,,植物,,moe_ias_list,https://www.env.go.jp/nature/intro/2outline/list/list2.xls#植物!row=118
重点対策外来種,総合的に対策が必要な外来種（総合対策外来種）,国外由来の外来種,植物,マメ,Leucaena leucocephala,ギンネム（ギンゴウカン、タマザキセンナ）,*,小笠原・南西諸島,Ⅱ、Ⅳ,,植物,,moe_ias_list,https://www.env.go.jp/nature/intro/2outline/list/list2.xls#植物!row=119
重点対策外来種,総合的に対策が必要な外来種（総合対策外来種）,国外由来の外来種,植物,ツリフネソウ,Impatiens walleriana,アフリカホウセンカ,,小笠原・南西諸島,Ⅱ、Ⅳ,林床,植物,,moe_ias_list,https://www.env.go.jp/nature/intro/2outline/list/list2.xls#植物!row=120
重点対策外来種,総合的に対策が必要な外来種（総合対策外来種）,国外由来の外来種,植物,フトモモ,Psidium cattleianum,テリハバンジロウ（キバンジロウ、キバンザクロ、シマフトモモ）,*,小笠原・南西諸島,Ⅱ、Ⅳ,森林,植物,,moe_ias_list,https://www.env.go.jp/nature/intro/2outline/list/list2.xls#植物!row=121
重点対策外来種,総合的に対策が必要な外来種（総合対策外来種）,国外由来の外来種,植物,ヒルガオ,Ipomoea cairica,モミジバヒルガオ（タイワンアサガオ、モミジヒルガオ）,,小笠原・南西諸島,Ⅱ、Ⅳ,,植物,,moe_ias_list,https://www.env.go.jp/nature/intro/2outline/list/list2.xls#植物!row=122
重点対策外来種,総合的に対策が必要な外来種（総合対策外来種）,国外由来の外来種,植物,クマツヅラ,Phyla canescens,ヒメイワダレソウ（ヒメイワダレ）,,小笠原・南西諸島,Ⅰ、Ⅱ、Ⅳ,河原や草原,植物,,moe_ias_list,https://www.env.go.jp/nature/intro/2outline/list/list2.xls#植物!row=123
重点対策外来種,総合的に対策が必要な外来種（総合対策外来種）,国外由来の外来種,植物,リュウゼツラン,Agave americana,アオノリュウゼツラン（リュウゼツラン）,,小笠原・南西諸島,Ⅱ、Ⅳ,海岸岩場,植物,,moe_ias_list,https://www.env.go.jp/nature/intro/2outline/list/list2.xls#植物!row=124
重点対策外来種,総合的に対策が必要な外来種（総合対策外来種）,国外由来の外来種,植物,イネ,Bothriochloa bladhii,モンツキガヤ（アイダガヤ、ナンゴクヒメアブラススキ）,,小笠原・南西諸島,Ⅱ、Ⅳ,海岸草原,植物,,moe_ias_list,https://www.env.go.jp/nature/intro/2outline/list/list2.xls#植物!row=125
重点対策外来種,総合的に対策が必要な外来種（総合対策外来種）,国外由来の外来種,植物,イネ,Saccharum arundinaceum,ヨシススキ（サッカラム パープルピープルグリーター）,,小笠原・南西諸島,Ⅱ、Ⅳ,,植物,,moe_ias_list,https://www.env.go.jp/nature/intro/2outline/list/list2.xls#植物!row=126
その他の総合対策外来種,総合的に対策が必要な外来種（総合対策外来種）,国外由来の外来種,植物,ミカヅキゼニゴケ,Lunularia cruciata,ミカヅキゼニゴケ,,分布拡大期～まん延期,Ⅳ,,植物,,moe_ias_list,https://www.env.go.jp/nature/intro/2outline/list/list2.xls#植物!row=128
その他の総合対策外来種,総合的に対策が必要な外来種（総合対策外来種）,国外由来の外来種,植物,ウキゴケ,Riccia lamellosa,ウロコハタケゴケ,,分布拡大期～まん延期,Ⅳ,,植物,,moe_ias_list,https://www.env.go.jp/nature/intro/2outline/list/list2.xls#植物!row=129
その他の総合対策外来種,総合的に対策が必要な外来種（総合対策外来種）,国外由来の外来種,植物,ウキゴケ,Riccia nigrella,サビイロハタケゴケ,,分布拡大期～まん延期,Ⅳ,,植物,,moe_ias_list,https://www.env.go.jp/nature/intro/2outline/list/list2.xls#植物!row=130
その他の総合対策外来種,総合的に対策が必要な外来種（総合対策外来種）,国外由来の外来種,植物,イワヒバ,Selaginella uncinata,コンテリクラマゴケ（レインボーファーン）,,分布拡大期～まん延期,Ⅳ,温暖地の林床,植物,,moe_ias_list,https://www.env.go.jp/nature/intro/2outline/list/list2.xls#植物!row=131
その他の総合対策外来種,総合的に対策が必要な外来種（総合対策外来種）,国外由来の外来種,植物,タデ,Fagopyrum dibotrys,シャクチリソバ（シュッコンソバ、ヒマラヤソバ）,,分布拡大期～まん延期,Ⅳ,河川敷,植物,,moe_ias_list,https://www.env.go.jp/nature/intro/2outline/list/list2.xls#植物!row=132
その他の総合対策外来種,総合的に対策が必要な外来種（総合対策外来種）,国外由来の外来種,植物,タデ,Fallopia forbesii,カライタドリ,,定着初期／限定分布,Ⅰ、Ⅳ,イタドリやオオイタドリの生育地周辺,植物,,moe_ias_list,https://www.env.go.jp/nature/intro/2outline/list/list2.xls#植物!row=133
その他の総合対策外来種,総合的に対策が必要な外来種（総合対策外来種）,国外由来の外来種,植物,タデ,Persicaria capitata,ヒメツルソバ（カンイタドリ）,,分布拡大期～まん延期,Ⅳ,海岸岩場,植物,,moe_ias_list,https://www.env.go.jp/nature/intro/2outline/list/list2.xls#植物!row=134
その他の総合対策外来種,総合的に対策が必要な外来種（総合対策外来種）,国外由来の外来種,植物,タデ,Rumex acetosella,ヒメスイバ,,分布拡大期～まん延期,Ⅳ、Ⅴ,海岸砂浜、山地草原,植物,,moe_ias_list,https://www.env.go.jp/nature/intro/2outline/list/list2.xls#植物!row=135
その他の総合対策外来種,総合的に対策が必要な外来種（総合対策外来種）,国外由来の外来種,植物,タデ,Rumex crispus,ナガバギシギシ(チジミスイバ),,分布拡大期～まん延期,Ⅰ,ノダイオウなどの在来のギシギシ類の生育地周辺,植物,,moe_ias_list,https://www.env.go.jp/nature/intro/2outline/list/list2.xls#植物!row=136
その他の総合対策外来種,総合的に対策が必要な外来種（総合対策外来種）,国外由来の外来種,植物,タデ,Rumex obtusifolius var. agrestis,エゾノギシギシ（ヒロハギシギシ）,*,分布拡大期～まん延期,Ⅰ、Ⅱ、Ⅳ,亜高山帯の自然草原や湿地、ノダイオウなどの在来のギシギシ類の生育地周辺,植物,,moe_ias_list,https://www.env.go.jp/nature/intro/2outline/list/list2.xls#植物!row=137
その他の総合対策外来種,総合的に対策が必要な外来種（総合対策外来種）,国外由来の外来種,植物,ナデシコ,Silene armeria,ムシトリナデシコ（ハエトリナデシコ、コマチソウ）,,分布拡大期～まん延期,Ⅳ,河原,植物,,moe_ias_list,https://www.env.go.jp/nature/intro/2outline/list/list2.xls#植物!row=138
その他の総合対策外来種,総合的に対策が必要な外来種（総合対策外来種）,国外由来の外来種,植物,ナデシコ,Silene gallica var. quinquevulnera,マンテマ（マンテマン）,,分布拡大期～まん延期,Ⅳ,海岸砂地、河原、湖岸の砂地,植物,,moe_ias_list,https://www.env.go.jp/nature/intro/2outline/list/list2.xls#植物!row=139
その他の総合対策外来種,総合的に対策が必要な外来種（総合対策外来種）,国外由来の外来種,植物,アカザ,Atriplex prostrata,ホコガタアカザ,,分布拡大期～まん延期,Ⅳ,塩湿地,植物,,moe_ias_list,https://www.env.go.jp/nature/intro/2outline/list/list2.xls#植物!row=140
その他の総合対策外来種,総合的に対策が必要な外来種（総合対策外来種）,国外由来の外来種,植物,メギ,Berberis japonica,ヒイラギナンテン,,分布拡大期～まん延期,Ⅳ,都市近郊の森林林床,植物,,moe_ias_list,https://www.env.go.jp/nature/intro/2outline/list/list2.xls#植物!row=141
その他の総合対策外来種,総合的に対策が必要な外来種（総合対策外来種）,国外由来の外来種,植物,ケシ,Papaver bracteatum,ハカマオニゲシ（ボタンゲシ）,,定着初期／限定分布,Ⅴ,,植物,,moe_ias_list,https://www.env.go.jp/nature/intro/2outline/list/list2.xls#植物!row=142
その他の総合対策外来種,総合的に対策が必要な外来種（総合対策外来種）,国外由来の外来種,植物,ケシ,Papaver somniferum ssp. setigerum,アツミゲシ,,分布拡大期～まん延期,Ⅴ,,植物,,moe_ias_list,https://www.env.go.jp/nature/intro/2outline/list/list2.xls#植物!row=143
その他の総合対策外来種,総合的に対策が必要な外来種（総合対策外来種）,国外由来の外来種,植物,アブラナ,Barbarea vulgaris,ハルザキヤマガラシ（セイヨウヤマガラシ）,*,分布拡大期～まん延期,Ⅱ、Ⅳ,亜高山帯、河川敷,植物,,moe_ias_list,https://www.env.go.jp/nature/intro/2outline/list/list2.xls#植物!row=144
その他の総合対策外来種,総合的に対策が必要な外来種（総合対策外来種）,国外由来の外来種,植物,アブラナ,Brassica juncea,セイヨウカラシナ（カラシナ）,,分布拡大期～まん延期,Ⅳ,河原,植物,,moe_ias_list,https://www.env.go.jp/nature/intro/2outline/list/list2.xls#植物!row=145
その他の総合対策外来種,総合的に対策が必要な外来種（総合対策外来種）,国外由来の外来種,植物,アブラナ,Cakile edentula,オニハマダイコン,,分布拡大期～まん延期,Ⅳ,海岸砂浜,植物,,moe_ias_list,https://www.env.go.jp/nature/intro/2outline/list/list2.xls#植物!row=146
その他の総合対策外来種,総合的に対策が必要な外来種（総合対策外来種）,国外由来の外来種,植物,バラ,Pyracantha spp.,ピラカンサ類,,分布拡大期～まん延期,Ⅳ,河原の固有種の生育地,植物,,moe_ias_list,https://www.env.go.jp/nature/intro/2outline/list/list2.xls#植物!row=147
その他の総合対策外来種,総合的に対策が必要な外来種（総合対策外来種）,国外由来の外来種,植物,マメ,Cytisus scoparius,エニシダ（エニスダ）,,分布拡大期～まん延期,Ⅳ,河川敷、海岸,植物,,moe_ias_list,https://www.env.go.jp/nature/intro/2outline/list/list2.xls#植物!row=148
その他の総合対策外来種,総合的に対策が必要な外来種（総合対策外来種）,国外由来の外来種,植物,マメ,Desmodium paniculatum,アレチヌスビトハギ,,分布拡大期～まん延期,Ⅳ,河原、里草地,植物,,moe_ias_list,https://www.env.go.jp/nature/intro/2outline/list/list2.xls#植物!row=149
その他の総合対策外来種,総合的に対策が必要な外来種（総合対策外来種）,国外由来の外来種,植物,カタバミ,Oxalis pes-caprae,オオキバナカタバミ（キイロハナカタバミ）,,分布拡大期～まん延期,Ⅳ,落葉樹の林床,植物,,moe_ias_list,https://www.env.go.jp/nature/intro/2outline/list/list2.xls#植物!row=150
その他の総合対策外来種,総合的に対策が必要な外来種（総合対策外来種）,国外由来の外来種,植物,トウダイグサ,Triadica sebifera,ナンキンハゼ,,分布拡大期～まん延期,Ⅳ,照葉樹林,植物,,moe_ias_list,https://www.env.go.jp/nature/intro/2outline/list/list2.xls#植物!row=151
その他の総合対策外来種,総合的に対策が必要な外来種（総合対策外来種）,国外由来の外来種,植物,ツリフネソウ,Impatiens capensis,アカボシツリフネ（アカボシツリフネソウ、ケープツリフネ、ケープツリフネソウ）,,定着初期／限定分布,Ⅳ,湿地,植物,,moe_ias_list,https://www.env.go.jp/nature/intro/2outline/list/list2.xls#植物!row=152
その他の総合対策外来種,総合的に対策が必要な外来種（総合対策外来種）,国外由来の外来種,植物,ウコギ,Tetrapanax papyrifer,カミヤツデ（ツウソウ（通草）、ツウダツボク（通脱木））,,分布拡大期～まん延期,Ⅳ,河川敷や林縁,植物,,moe_ias_list,https://www.env.go.jp/nature/intro/2outline/list/list2.xls#植物!row=153
その他の総合対策外来種,総合的に対策が必要な外来種（総合対策外来種）,国外由来の外来種,植物,セリ,Conium maculatum,ドクニンジン,*,分布拡大期～まん延期,Ⅳ、Ⅴ,,植物,,moe_ias_list,https://www.env.go.jp/nature/intro/2outline/list/list2.xls#植物!row=154
その他の総合対策外来種,総合的に対策が必要な外来種（総合対策外来種）,国外由来の外来種,植物,アカネ,Diodia teres,オオフタバムグラ,*,分布拡大期～まん延期,Ⅱ、Ⅳ,海岸砂浜、河川敷,植物,,moe_ias_list,https://www.env.go.jp/nature/intro/2outline/list/list2.xls#植物!row=155
その他の総合対策外来種,総合的に対策が必要な外来種（総合対策外来種）,国外由来の外来種,植物,ヒルガオ,Cuscuta pentagona,アメリカネナシカズラ,*,分布拡大期～まん延期,Ⅳ,海浜植物の生育地,植物,,moe_ias_list,https://www.env.go.jp/nature/intro/2outline/list/list2.xls#植物!row=156
その他の総合対策外来種,総合的に対策が必要な外来種（総合対策外来種）,国外由来の外来種,植物,ヒルガオ,Ipomoea triloba,ホシアサガオ,,分布拡大期～まん延期,Ⅳ、Ⅴ,,植物,,moe_ias_list,https://www.env.go.jp/nature/intro/2outline/list/list2.xls#植物!row=157
その他の総合対策外来種,総合的に対策が必要な外来種（総合対策外来種）,国外由来の外来種,植物,クマツヅラ,"Verbena spp.（V. brasiliensis, V. incompta, V. bonariensis, V. litoralis）",アレチハナガサ類（アレチハナガサ、ダキバアレチハナガサ、ヤナギハナガサ（サンジャクバーベナ）、ヒメクマツヅラ（ハマクマツヅラ）,,分布拡大期～まん延期,Ⅳ,河川敷の湿地や草原,植物,,moe_ias_list,https://www.env.go.jp/nature/intro/2outline/list/list2.xls#植物!row=158
その他の総合対策外来種,総合的に対策が必要な外来種（総合対策外来種）,国外由来の外来種,植物,ナス,Datura spp.（Brugmansia spp.）,チョウセンアサガオ属,*,分布拡大期～まん延期,Ⅴ,,植物,,moe_ias_list,https://www.env.go.jp/nature/intro/2outline/list/list2.xls#植物!row=159
その他の総合対策外来種,総合的に対策が必要な外来種（総合対策外来種）,国外由来の外来種,植物,ゴマノハグサ,Bacopa rotundifolia,ウキアゼナ（バコパ・ロトンディフォリア、カラカワクサ）,,分布拡大期～まん延期,Ⅳ,池沼や湿地,植物,,moe_ias_list,https://www.env.go.jp/nature/intro/2outline/list/list2.xls#植物!row=160
その他の総合対策外来種,総合的に対策が必要な外来種（総合対策外来種）,国外由来の外来種,植物,キク,Arctotheca calendula、A. prostrata,ワタゲハナグルマ、ワタゲツルハナグルマ（アークトセカ・カレンジュラ）,,定着初期／限定分布,Ⅳ,海岸砂浜,植物,,moe_ias_list,https://www.env.go.jp/nature/intro/2outline/list/list2.xls#植物!row=161
その他の総合対策外来種,総合的に対策が必要な外来種（総合対策外来種）,国外由来の外来種,植物,キク,Aster novae-angliae,ネバリノギク,*,分布拡大期～まん延期,Ⅳ,半自然草地,植物,,moe_ias_list,https://www.env.go.jp/nature/intro/2outline/list/list2.xls#植物!row=162
その他の総合対策外来種,総合的に対策が必要な外来種（総合対策外来種）,国外由来の外来種,植物,キク,Aster novi-belgii,ユウゼンギク,,分布拡大期～まん延期,Ⅳ,半自然草地,植物,,moe_ias_list,https://www.env.go.jp/nature/intro/2outline/list/list2.xls#植物!row=163
その他の総合対策外来種,総合的に対策が必要な外来種（総合対策外来種）,国外由来の外来種,植物,キク,Bidens frondosa,アメリカセンダングサ,*,分布拡大期～まん延期,Ⅳ、Ⅴ,湿地,植物,,moe_ias_list,https://www.env.go.jp/nature/intro/2outline/list/list2.xls#植物!row=164
その他の総合対策外来種,総合的に対策が必要な外来種（総合対策外来種）,国外由来の外来種,植物,キク,Chrysanthemum（Dendranthema） cv.,栽培キク属,,定着初期／限定分布,Ⅰ,絶滅危惧種を含むキク属の生育地周辺,植物,,moe_ias_list,https://www.env.go.jp/nature/intro/2outline/list/list2.xls#植物!row=165
その他の総合対策外来種,総合的に対策が必要な外来種（総合対策外来種）,国外由来の外来種,植物,キク,Cirsium vulgare,アメリカオニアザミ,*,分布拡大期～まん延期,Ⅳ,自然草原,植物,,moe_ias_list,https://www.env.go.jp/nature/intro/2outline/list/list2.xls#植物!row=166
その他の総合対策外来種,総合的に対策が必要な外来種（総合対策外来種）,国外由来の外来種,植物,キク,Conyza parva,ケナシヒメムカシヨモギ（ケナシムカシヨモギ）,,分布拡大期～まん延期,Ⅳ,海浜,植物,,moe_ias_list,https://www.env.go.jp/nature/intro/2outline/list/list2.xls#植物!row=167
その他の総合対策外来種,総合的に対策が必要な外来種（総合対策外来種）,国外由来の外来種,植物,キク,Coreopsis tinctoria,ハルシャギク,,分布拡大期～まん延期,Ⅳ,湿地、河原,植物,,moe_ias_list,https://www.env.go.jp/nature/intro/2outline/list/list2.xls#植物!row=168
その他の総合対策外来種,総合的に対策が必要な外来種（総合対策外来種）,国外由来の外来種,植物,キク,Erigeron annuus,ヒメジョオン,*,分布拡大期～まん延期,Ⅱ、Ⅳ,山地や亜高山帯の草原,植物,,moe_ias_list,https://www.env.go.jp/nature/intro/2outline/list/list2.xls#植物!row=169
その他の総合対策外来種,総合的に対策が必要な外来種（総合対策外来種）,国外由来の外来種,植物,キク,Erigeron karvinskianus,ペラペラヨメナ(ペラペラヒメジョオン、メキシコヒナギク、エリゲロン・カルビンスキアヌス、源平小菊、ゲンペイコギク),,分布拡大期～まん延期,Ⅳ,海岸や川岸の岩場,植物,,moe_ias_list,https://www.env.go.jp/nature/intro/2outline/list/list2.xls#植物!row=170
その他の総合対策外来種,総合的に対策が必要な外来種（総合対策外来種）,国外由来の外来種,植物,キク,Eupatorium rugosum,マルバフジバカマ（ユーパトリウム・チョコレート）,,分布拡大期～まん延期,Ⅳ,二次林やスギ林の林床,植物,,moe_ias_list,https://www.env.go.jp/nature/intro/2outline/list/list2.xls#植物!row=171
その他の総合対策外来種,総合的に対策が必要な外来種（総合対策外来種）,国外由来の外来種,植物,キク,Hieracium aurantiacum,コウリンタンポポ（エフデタンポポ）,,分布拡大期～まん延期,Ⅱ、Ⅳ,寒冷地や亜高山帯の自然草原,植物,,moe_ias_list,https://www.env.go.jp/nature/intro/2outline/list/list2.xls#植物!row=172
その他の総合対策外来種,総合的に対策が必要な外来種（総合対策外来種）,国外由来の外来種,植物,キク,Hieracium caespitosum,キバナコウリンタンポポ（ノハラタンポポ、キバナノコリンタンポポ）,,定着初期／限定分布,Ⅱ、Ⅳ,寒冷地や亜高山帯の自然草原,植物,,moe_ias_list,https://www.env.go.jp/nature/intro/2outline/list/list2.xls#植物!row=173
その他の総合対策外来種,総合的に対策が必要な外来種（総合対策外来種）,国外由来の外来種,植物,キク,Leucanthemum vulgare,フランスギク,,分布拡大期～まん延期,Ⅱ、Ⅳ,亜高山帯,植物,,moe_ias_list,https://www.env.go.jp/nature/intro/2outline/list/list2.xls#植物!row=174
その他の総合対策外来種,総合的に対策が必要な外来種（総合対策外来種）,国外由来の外来種,植物,キク,Rudbeckia hirta var. pulcherrima,アラゲハンゴンソウ（キヌガサギク、ルドベキア・ヒルタ、グロリオサ・デージー）,,分布拡大期～まん延期,Ⅱ、Ⅳ,湿原、自然草原,植物,,moe_ias_list,https://www.env.go.jp/nature/intro/2outline/list/list2.xls#植物!row=175
その他の総合対策外来種,総合的に対策が必要な外来種（総合対策外来種）,国外由来の外来種,植物,キク,Xanthium canadense,オオオナモミ,*,分布拡大期～まん延期,Ⅰ、Ⅳ、Ⅴ,オナモミの生育地や河川敷,植物,,moe_ias_list,https://www.env.go.jp/nature/intro/2outline/list/list2.xls#植物!row=176
その他の総合対策外来種,総合的に対策が必要な外来種（総合対策外来種）,国外由来の外来種,植物,ユリ,Lilium × formologi,シンテッポウユリ（新鉄砲ユリ、タカサゴユリ）,,分布拡大期～まん延期,Ⅰ,絶滅危惧種のウケユリなど、交雑のおそれのあるユリ属の生育地周辺,植物,,moe_ias_list,https://www.env.go.jp/nature/intro/2outline/list/list2.xls#植物!row=177
その他の総合対策外来種,総合的に対策が必要な外来種（総合対策外来種）,国外由来の外来種,植物,ユリ,Ipheion uniflorum,ハナニラ（セイヨウアマナ）,,分布拡大期～まん延期,Ⅳ,里草地,植物,,moe_ias_list,https://www.env.go.jp/nature/intro/2outline/list/list2.xls#植物!row=178
その他の総合対策外来種,総合的に対策が必要な外来種（総合対策外来種）,国外由来の外来種,植物,アヤメ,Crocosmia x crocosmiiflora,ヒメヒオウギズイセン（ヒメヒオオギズイセン、モントブレチア）,,分布拡大期～まん延期,Ⅳ,河川敷、海岸や山地の草原、二次林林床,植物,,moe_ias_list,https://www.env.go.jp/nature/intro/2outline/list/list2.xls#植物!row=179
その他の総合対策外来種,総合的に対策が必要な外来種（総合対策外来種）,国外由来の外来種,植物,イネ,Andropogon virginicus,メリケンカルカヤ,*,分布拡大期～まん延期,Ⅳ,雑木林、草地、河川敷,植物,,moe_ias_list,https://www.env.go.jp/nature/intro/2outline/list/list2.xls#植物!row=180
その他の総合対策外来種,総合的に対策が必要な外来種（総合対策外来種）,国外由来の外来種,植物,イネ,Anthoxanthum odoratum,ハルガヤ（スイートバーナルグラス）,,分布拡大期～まん延期,Ⅳ,里草地や山地草原,植物,,moe_ias_list,https://www.env.go.jp/nature/intro/2outline/list/list2.xls#植物!row=181
その他の総合対策外来種,総合的に対策が必要な外来種（総合対策外来種）,国外由来の外来種,植物,イネ,Cortaderia selloana,シロガネヨシ（パンパスグラス）,,分布拡大期～まん延期,Ⅳ,,植物,,moe_ias_list,https://www.env.go.jp/nature/intro/2outline/list/list2.xls#植物!row=182
その他の総合対策外来種,総合的に対策が必要な外来種（総合対策外来種）,国外由来の外来種,植物,イネ,Panicum dichotomiflorum,オオクサキビ,,分布拡大期～まん延期,Ⅳ,湿地や河川敷,植物,,moe_ias_list,https://www.env.go.jp/nature/intro/2outline/list/list2.xls#植物!row=183
その他の総合対策外来種,総合的に対策が必要な外来種（総合対策外来種）,国外由来の外来種,植物,イネ,Paspalum distichum var. distichum,キシュウスズメノヒエ（カリマタスズメノヒエ）,*,分布拡大期～まん延期,Ⅳ、Ⅴ,湿地や池沼,植物,,moe_ias_list,https://www.env.go.jp/nature/intro/2outline/list/list2.xls#植物!row=184
その他の総合対策外来種,総合的に対策が必要な外来種（総合対策外来種）,国外由来の外来種,植物,イネ,Sorghum halepense,セイバンモロコシ（ジョンソングラス）,,分布拡大期～まん延期,Ⅳ,河川敷、草原,植物,,moe_ias_list,https://www.env.go.jp/nature/intro/2outline/list/list2.xls#植物!row=185
その他の総合対策外来種,総合的に対策が必要な外来種（総合対策外来種）,国外由来の外来種,植物,カヤツリグサ,Carex scoparia,アメリカヤガミスゲ,,分布拡大期～まん延期,Ⅳ,湿地,植物,,moe_ias_list,https://www.env.go.jp/nature/intro/2outline/list/list2.xls#植物!row=186
その他の総合対策外来種,総合的に対策が必要な外来種（総合対策外来種）,国外由来の外来種,植物,タデ,Fallopia multiflora,ツルドクダミ（カシュウ、何首烏）,,小笠原・南西諸島,Ⅱ、Ⅳ,,植物,,moe_ias_list,https://www.env.go.jp/nature/intro/2outline/list/list2.xls#植物!row=187
その他の総合対策外来種,総合的に対策が必要な外来種（総合対策外来種）,国外由来の外来種,植物,ヤマゴボウ,Rivina humilis,ジュズサンゴ,,小笠原・南西諸島,Ⅱ、Ⅳ,林床,植物,,moe_ias_list,https://www.env.go.jp/nature/intro/2outline/list/list2.xls#植物!row=188
その他の総合対策外来種,総合的に対策が必要な外来種（総合対策外来種）,国外由来の外来種,植物,ツルムラサキ,Basella rubra,ツルムラサキ,,小笠原・南西諸島,Ⅱ、Ⅳ,,植物,,moe_ias_list,https://www.env.go.jp/nature/intro/2outline/list/list2.xls#植物!row=189
その他の総合対策外来種,総合的に対策が必要な外来種（総合対策外来種）,国外由来の外来種,植物,ムクロジ,Cardiospermum halicacabum var. microcarpum,コフウセンカズラ,,小笠原・南西諸島,Ⅱ、Ⅳ,,植物,,moe_ias_list,https://www.env.go.jp/nature/intro/2outline/list/list2.xls#植物!row=190
その他の総合対策外来種,総合的に対策が必要な外来種（総合対策外来種）,国外由来の外来種,植物,アオイ,Hibiscus mutabilis,フヨウ,,小笠原・南西諸島,Ⅰ,サキシマフヨウの生育地周辺,植物,,moe_ias_list,https://www.env.go.jp/nature/intro/2outline/list/list2.xls#植物!row=191
その他の総合対策外来種,総合的に対策が必要な外来種（総合対策外来種）,国外由来の外来種,植物,トケイソウ,Passiflora foetida,クサトケイソウ（パッシフローラ・フォエティダ、ワイルドパッションフルーツ）,,小笠原・南西諸島,Ⅱ、Ⅳ,,植物,,moe_ias_list,https://www.env.go.jp/nature/intro/2outline/list/list2.xls#植物!row=192
その他の総合対策外来種,総合的に対策が必要な外来種（総合対策外来種）,国外由来の外来種,植物,フトモモ,Syzygium jambos,フトモモ,,小笠原・南西諸島,Ⅳ,山地の渓流沿い,植物,,moe_ias_list,https://www.env.go.jp/nature/intro/2outline/list/list2.xls#植物!row=193
その他の総合対策外来種,総合的に対策が必要な外来種（総合対策外来種）,国外由来の外来種,植物,クマツヅラ,Stachytarpheta spp.,ナガボソウ属,,小笠原・南西諸島,Ⅳ,,植物,,moe_ias_list,https://www.env.go.jp/nature/intro/2outline/list/list2.xls#植物!row=194
その他の総合対策外来種,総合的に対策が必要な外来種（総合対策外来種）,国外由来の外来種,植物,キツネノマゴ,Ruellia brittoniana,ヤナギバルイラソウ（ムラサキイセハナビ、ルエリア・ブリトリアナ、リュエリア、メキシコペチュニア）,,小笠原・南西諸島,Ⅳ,湿地や河原,植物,,moe_ias_list,https://www.env.go.jp/nature/intro/2outline/list/list2.xls#植物!row=195
その他の総合対策外来種,総合的に対策が必要な外来種（総合対策外来種）,国外由来の外来種,植物,キク,Ageratum conyzoides、A. houstinianum,カッコウアザミ、ムラサキカッコウアザミ（オオカッコウアザミ）、アゲラタム（総称名）,,小笠原・南西諸島,Ⅳ,,植物,,moe_ias_list,https://www.env.go.jp/nature/intro/2outline/list/list2.xls#植物!row=196
その他の総合対策外来種,総合的に対策が必要な外来種（総合対策外来種）,国外由来の外来種,植物,キク,Bidens pilosa var. radiata,タチアワユキセンダングサ（オオバナセンダングサ）,*,小笠原・南西諸島,Ⅳ,,植物,,moe_ias_list,https://www.env.go.jp/nature/intro/2outline/list/list2.xls#植物!row=197
その他の総合対策外来種,総合的に対策が必要な外来種（総合対策外来種）,国外由来の外来種,植物,キク,Chromolaena odorata,ヒマワリヒヨドリ,*,小笠原・南西諸島,Ⅳ,,植物,,moe_ias_list,https://www.env.go.jp/nature/intro/2outline/list/list2.xls#植物!row=198
その他の総合対策外来種,総合的に対策が必要な外来種（総合対策外来種）,国外由来の外来種,植物,キク,Pluchea odorata,タワダギク,,小笠原・南西諸島,Ⅳ,,植物,,moe_ias_list,https://www.env.go.jp/nature/intro/2outline/list/list2.xls#植物!row=199
その他の総合対策外来種,総合的に対策が必要な外来種（総合対策外来種）,国外由来の外来種,植物,イネ,Paspalum dilatatum,シマスズメノヒエ（ダリスグラス）,,小笠原・南西諸島,Ⅳ,里草地,植物,,moe_ias_list,https://www.env.go.jp/nature/intro/2outline/list/list2.xls#植物!row=200
その他の総合対策外来種,総合的に対策が必要な外来種（総合対策外来種）,国外由来の外来種,植物,イネ,Paspalum urvillei,タチスズメノヒエ（ベイジーグラス）,,小笠原・南西諸島,Ⅳ、Ⅴ,,植物,,moe_ias_list,https://www.env.go.jp/nature/intro/2outline/list/list2.xls#植物!row=201
その他の総合対策外来種,総合的に対策が必要な外来種（総合対策外来種）,国外由来の外来種,植物,イネ,Saccharum formosanum var. pollinioides,ムラサキタカオススキ,,小笠原・南西諸島,Ⅳ,,植物,,moe_ias_list,https://www.env.go.jp/nature/intro/2outline/list/list2.xls#植物!row=202
その他の総合対策外来種,総合的に対策が必要な外来種（総合対策外来種）,国外由来の外来種,植物,ヤシ,Calamus sp.,トウ属の一種（カラムス）,,小笠原・南西諸島,Ⅳ,自然林,植物,,moe_ias_list,https://www.env.go.jp/nature/intro/2outline/list/list2.xls#植物!row=203
その他の総合対策外来種,総合的に対策が必要な外来種（総合対策外来種）,国外由来の外来種,植物,ショウガ,Hedychium coronarium,ハナシュクシャ（シュクシャ、バタフライジンジャー）,,小笠原・南西諸島,Ⅱ、Ⅳ,,植物,,moe_ias_list,https://www.env.go.jp/nature/intro/2outline/list/list2.xls#植物!row=204
適切な管理が必要な産業上重要な外来種（産業管理外来種）,適切な管理が必要な産業上重要な外来種（産業管理外来種）,国外由来の外来種,植物,マタタビ,Actinidia chinensis var. deliciosa,キウイフルーツ（シナサルナシ）,,分布拡大期～まん延期,Ⅳ,森林,植物,,moe_ias_list,https://www.env.go.jp/nature/intro/2outline/list/list2.xls#植物!row=206
適切な管理が必要な産業上重要な外来種（産業管理外来種）,適切な管理が必要な産業上重要な外来種（産業管理外来種）,国外由来の外来種,植物,バラ,Eriobotrya japonica,ビワ（ヒワ）,,分布拡大期～まん延期,Ⅳ,石灰岩質の岩崖地,植物,,moe_ias_list,https://www.env.go.jp/nature/intro/2outline/list/list2.xls#植物!row=207
適切な管理が必要な産業上重要な外来種（産業管理外来種）,適切な管理が必要な産業上重要な外来種（産業管理外来種）,国外由来の外来種,植物,マメ,Robinia pseudoacacia,ハリエンジュ（ニセアカシア）,*,分布拡大期～まん延期,Ⅱ、Ⅳ,河原、海岸林、リンゴ園の周辺,植物,,moe_ias_list,https://www.env.go.jp/nature/intro/2outline/list/list2.xls#植物!row=208
適切な管理が必要な産業上重要な外来種（産業管理外来種）,適切な管理が必要な産業上重要な外来種（産業管理外来種）,国外由来の外来種,植物,マメ,Vicia villosa ssp. vaillosa、V. villosa ssp. varia,外来クサフジ類（ビロードクサフジ（ヘアリーベッチ、シラゲクサフジ）、ナヨクサフジ（スムーズベッチ））,,分布拡大期～まん延期,Ⅳ,河川敷や山地草原,植物,,moe_ias_list,https://www.env.go.jp/nature/intro/2outline/list/list2.xls#植物!row=209
適切な管理が必要な産業上重要な外来種（産業管理外来種）,適切な管理が必要な産業上重要な外来種（産業管理外来種）,国外由来の外来種,植物,イネ,Agrostis gigantea、Agrostis nigra,コヌカグサ（レッドトップ）、クロコヌカグサ,,分布拡大期～まん延期,Ⅰ、Ⅳ,河川敷、絶滅危惧種のヌカボ属の生育地周辺,植物,,moe_ias_list,https://www.env.go.jp/nature/intro/2outline/list/list2.xls#植物!row=210
適切な管理が必要な産業上重要な外来種（産業管理外来種）,適切な管理が必要な産業上重要な外来種（産業管理外来種）,国外由来の外来種,植物,イネ,Dactylis glomerata,カモガヤ（オーチャードグラス）,*,分布拡大期～まん延期,Ⅱ、Ⅳ,山地草原,植物,,moe_ias_list,https://www.env.go.jp/nature/intro/2outline/list/list2.xls#植物!row=211
適切な管理が必要な産業上重要な外来種（産業管理外来種）,適切な管理が必要な産業上重要な外来種（産業管理外来種）,国外由来の外来種,植物,イネ,Festuca arundinacea,オニウシノケグサ（トールフェスク、ケンタッキー31フェスク）,*,分布拡大期～まん延期,Ⅱ、Ⅳ,里草地、河川堤防などの半自然草地、亜高山帯の草地,植物,,moe_ias_list,https://www.env.go.jp/nature/intro/2outline/list/list2.xls#植物!row=212
適切な管理が必要な産業上重要な外来種（産業管理外来種）,適切な管理が必要な産業上重要な外来種（産業管理外来種）,国外由来の外来種,植物,イネ,Lolium spp.,ドクムギ属（イタリアンライグラス、ペレニアルライグラス等）,*,分布拡大期～まん延期,Ⅳ,河原や自然草原、ボウムギは海岸砂地,植物,,moe_ias_list,https://www.env.go.jp/nature/intro/2outline/list/list2.xls#植物!row=213
適切な管理が必要な産業上重要な外来種（産業管理外来種）,適切な管理が必要な産業上重要な外来種（産業管理外来種）,国外由来の外来種,植物,イネ,Phleum pratense,オオアワガエリ（チモシー）,*,分布拡大期～まん延期,Ⅱ、Ⅳ,亜高山帯や山地の草原,植物,,moe_ias_list,https://www.env.go.jp/nature/intro/2outline/list/list2.xls#植物!row=214
適切な管理が必要な産業上重要な外来種（産業管理外来種）,適切な管理が必要な産業上重要な外来種（産業管理外来種）,国外由来の外来種,植物,イネ,Phyllostachys edulis、Phyllostachys spp.,モウソウチクなどの竹類,,分布拡大期～まん延期,Ⅱ、Ⅳ、Ⅴ,二次林、自然林,植物,,moe_ias_list,https://www.env.go.jp/nature/intro/2outline/list/list2.xls#植物!row=215
適切な管理が必要な産業上重要な外来種（産業管理外来種）,適切な管理が必要な産業上重要な外来種（産業管理外来種）,国外由来の外来種,植物,イネ,Vulpia myuros,ナギナタガヤ（ネズミノシッポ）,,分布拡大期～まん延期,Ⅳ,海岸砂地、草原,植物,,moe_ias_list,https://www.env.go.jp/nature/intro/2outline/list/list2.xls#植物!row=216
適切な管理が必要な産業上重要な外来種（産業管理外来種）,適切な管理が必要な産業上重要な外来種（産業管理外来種）,国外由来の外来種,植物,イネ,Panicum maximum,ギネアキビ（ギニアグラス、ギニアキビ、イヌキビ）,,小笠原・南西諸島,Ⅱ、Ⅳ,,植物,,moe_ias_list,https://www.env.go.jp/nature/intro/2outline/list/list2.xls#植物!row=217
適切な管理が必要な産業上重要な外来種（産業管理外来種）,適切な管理が必要な産業上重要な外来種（産業管理外来種）,国外由来の外来種,植物,イネ,Paspalum notatum,アメリカスズメノヒエ（バヒアグラス、オニスズメノヒエ）,,小笠原・南西諸島,Ⅱ、Ⅳ,,植物,,moe_ias_list,https://www.env.go.jp/nature/intro/2outline/list/list2.xls#植物!row=218
適切な管理が必要な産業上重要な外来種（産業管理外来種）,適切な管理が必要な産業上重要な外来種（産業管理外来種）,国外由来の外来種,植物,イネ,Pennisetum purpureum,ナピアグラス（ネピアグラス、エレファントグラス、ペルーグラス）,,小笠原・南西諸島,Ⅱ、Ⅳ,,植物,,moe_ias_list,https://www.env.go.jp/nature/intro/2outline/list/list2.xls#植物!row=219
侵入予防外来種,定着を予防する外来種（定着予防外来種）,国内由来の外来種・国内に自然分布域を持つ国外由来の外来種,植物,イワヅタ,Caulerpa taxifolia,変異種のイチイヅタ（キラー海藻）,,国内由来の外来種,Ⅳ,,植物,,moe_ias_list,https://www.env.go.jp/nature/intro/2outline/list/list2.xls#植物!row=227
緊急対策外来種,総合的に対策が必要な外来種（総合対策外来種）,国内由来の外来種・国内に自然分布域を持つ国外由来の外来種,植物,トウダイグサ,Bischofia javanica,小笠原諸島・奄美諸島などのアカギ,,国内由来の外来種,Ⅱ、Ⅳ,小笠原諸島や奄美諸島,植物,,moe_ias_list,https://www.env.go.jp/nature/intro/2outline/list/list2.xls#植物!row=230
重点対策外来種,総合的に対策が必要な外来種（総合対策外来種）,国内由来の外来種・国内に自然分布域を持つ国外由来の外来種,植物,マツ,Pinus luchuensis,小笠原諸島などのリュウキュウマツ（オキナワマツ）,,国内由来の外来種,Ⅱ、Ⅳ,小笠原諸島,植物,,moe_ias_list,https://www.env.go.jp/nature/intro/2outline/list/list2.xls#植物!row=232
重点対策外来種,総合的に対策が必要な外来種（総合対策外来種）,国内由来の外来種・国内に自然分布域を持つ国外由来の外来種,植物,クワ,Ficus microcarpa,小笠原諸島などのガジュマル,,国内由来の外来種,Ⅱ、Ⅳ,小笠原諸島の父島,植物,,moe_ias_list,https://www.env.go.jp/nature/intro/2outline/list/list2.xls#植物!row=233
重点対策外来種,総合的に対策が必要な外来種（総合対策外来種）,国内由来の外来種・国内に自然分布域を持つ国外由来の外来種,植物,クワ,Morus australis,小笠原諸島などのシマグワ,,国内由来の外来種,Ⅰ、Ⅱ、Ⅳ,小笠原諸島のオガサワラグワの生育地,植物,,moe_ias_list,https://www.env.go.jp/nature/intro/2outline/list/list2.xls#植物!row=234
重点対策外来種,総合的に対策が必要な外来種（総合対策外来種）,国内由来の外来種・国内に自然分布域を持つ国外由来の外来種,植物,ケシ,Dicentra peregrina,白山などの高山帯のコマクサ,,国内由来の外来種,Ⅰ、Ⅱ、Ⅳ,白山、北海道の樽前山・羊蹄山・前天塩岳、白山、日光白根山,植物,,moe_ias_list,https://www.env.go.jp/nature/intro/2outline/list/list2.xls#植物!row=235
重点対策外来種,総合的に対策が必要な外来種（総合対策外来種）,国内由来の外来種・国内に自然分布域を持つ国外由来の外来種,植物,トウダイグサ,Vernicia cordata,屋久島などのアブラギリ（ドクエ）,,国内由来の外来種,Ⅰ、Ⅱ、Ⅳ,屋久島,植物,,moe_ias_list,https://www.env.go.jp/nature/intro/2outline/list/list2.xls#植物!row=236
重点対策外来種,総合的に対策が必要な外来種（総合対策外来種）,国内由来の外来種・国内に自然分布域を持つ国外由来の外来種,植物,オオバコ,Plantago asiatica,高山帯のオオバコ,,国内由来の外来種,Ⅰ、Ⅱ、Ⅳ,ハクサンオオバコが生育する白山や立山,植物,,moe_ias_list,https://www.env.go.jp/nature/intro/2outline/list/list2.xls#植物!row=237
その他の総合対策外来種,総合的に対策が必要な外来種（総合対策外来種）,国内由来の外来種・国内に自然分布域を持つ国外由来の外来種,植物,タデ,Rumex japonicus,山地のギシギシ,,国内由来の外来種,Ⅰ、Ⅱ、Ⅳ,北海道、早池峰、立山など、希少種のギシギシ属の生育場所,植物,,moe_ias_list,https://www.env.go.jp/nature/intro/2outline/list/list2.xls#植物!row=239
その他の総合対策外来種,総合的に対策が必要な外来種（総合対策外来種）,国内由来の外来種・国内に自然分布域を持つ国外由来の外来種,植物,ヤシ,Trachycarpus spp.,九州北部以北の森林内などのシュロ類,,国内由来の外来種,Ⅰ、Ⅳ,温暖な地域の森林,植物,,moe_ias_list,https://www.env.go.jp/nature/intro/2outline/list/list2.xls#植物!row=240
