source_id,source_ref,data_year,watershed_id,water_system_code_old,water_system_name_ja_estimated,landuse_code_raw,landuse_name_ja,n_cells,area_km2
nlni_l03b_landuse_by_watershed_amami,https://nlftp.mlit.go.jp/ksj/gml/datalist/KsjTmplt-L03-b.html#L03-b-16,2016,89599-0001,89599,,0200,その他の農用地,52,0.58778
nlni_l03b_landuse_by_watershed_amami,https://nlftp.mlit.go.jp/ksj/gml/datalist/KsjTmplt-L03-b.html#L03-b-16,2016,89599-0001,89599,,0500,森林,516,5.833134
nlni_l03b_landuse_by_watershed_amami,https://nlftp.mlit.go.jp/ksj/gml/datalist/KsjTmplt-L03-b.html#L03-b-16,2016,89599-0001,89599,,0700,建物用地,6,0.067816
nlni_l03b_landuse_by_watershed_amami,https://nlftp.mlit.go.jp/ksj/gml/datalist/KsjTmplt-L03-b.html#L03-b-16,2016,89599-0001,89599,,1000,その他の用地,2,0.022605
nlni_l03b_landuse_by_watershed_amami,https://nlftp.mlit.go.jp/ksj/gml/datalist/KsjTmplt-L03-b.html#L03-b-16,2016,89599-0001,89599,,1100,河川地及び湖沼,9,0.101729
nlni_l03b_landuse_by_watershed_amami,https://nlftp.mlit.go.jp/ksj/gml/datalist/KsjTmplt-L03-b.html#L03-b-16,2016,89599-0002,89599,前田川,0200,その他の農用地,37,0.418396
nlni_l03b_landuse_by_watershed_amami,https://nlftp.mlit.go.jp/ksj/gml/datalist/KsjTmplt-L03-b.html#L03-b-16,2016,89599-0002,89599,前田川,0500,森林,338,3.822141
nlni_l03b_landuse_by_watershed_amami,https://nlftp.mlit.go.jp/ksj/gml/datalist/KsjTmplt-L03-b.html#L03-b-16,2016,89599-0002,89599,前田川,0600,荒地,7,0.079162
nlni_l03b_landuse_by_watershed_amami,https://nlftp.mlit.go.jp/ksj/gml/datalist/KsjTmplt-L03-b.html#L03-b-16,2016,89599-0002,89599,前田川,0700,建物用地,38,0.429688
nlni_l03b_landuse_by_watershed_amami,https://nlftp.mlit.go.jp/ksj/gml/datalist/KsjTmplt-L03-b.html#L03-b-16,2016,89599-0002,89599,前田川,1000,その他の用地,8,0.090465
nlni_l03b_landuse_by_watershed_amami,https://nlftp.mlit.go.jp/ksj/gml/datalist/KsjTmplt-L03-b.html#L03-b-16,2016,89599-0002,89599,前田川,1100,河川地及び湖沼,5,0.056538
nlni_l03b_landuse_by_watershed_amami,https://nlftp.mlit.go.jp/ksj/gml/datalist/KsjTmplt-L03-b.html#L03-b-16,2016,89599-0003,89599,秋名川,0100,田,39,0.44104
nlni_l03b_landuse_by_watershed_amami,https://nlftp.mlit.go.jp/ksj/gml/datalist/KsjTmplt-L03-b.html#L03-b-16,2016,89599-0003,89599,秋名川,0200,その他の農用地,33,0.373272
nlni_l03b_landuse_by_watershed_amami,https://nlftp.mlit.go.jp/ksj/gml/datalist/KsjTmplt-L03-b.html#L03-b-16,2016,89599-0003,89599,秋名川,0500,森林,925,10.462727
nlni_l03b_landuse_by_watershed_amami,https://nlftp.mlit.go.jp/ksj/gml/datalist/KsjTmplt-L03-b.html#L03-b-16,2016,89599-0003,89599,秋名川,0600,荒地,3,0.033927
nlni_l03b_landuse_by_watershed_amami,https://nlftp.mlit.go.jp/ksj/gml/datalist/KsjTmplt-L03-b.html#L03-b-16,2016,89599-0003,89599,秋名川,0700,建物用地,12,0.135699
nlni_l03b_landuse_by_watershed_amami,https://nlftp.mlit.go.jp/ksj/gml/datalist/KsjTmplt-L03-b.html#L03-b-16,2016,89599-0003,89599,秋名川,1000,その他の用地,6,0.06787
nlni_l03b_landuse_by_watershed_amami,https://nlftp.mlit.go.jp/ksj/gml/datalist/KsjTmplt-L03-b.html#L03-b-16,2016,89599-0003,89599,秋名川,1100,河川地及び湖沼,6,0.067851
nlni_l03b_landuse_by_watershed_amami,https://nlftp.mlit.go.jp/ksj/gml/datalist/KsjTmplt-L03-b.html#L03-b-16,2016,89599-0004,89599,芦花部川,0100,田,12,0.1357
nlni_l03b_landuse_by_watershed_amami,https://nlftp.mlit.go.jp/ksj/gml/datalist/KsjTmplt-L03-b.html#L03-b-16,2016,89599-0004,89599,芦花部川,0500,森林,465,5.259308
nlni_l03b_landuse_by_watershed_amami,https://nlftp.mlit.go.jp/ksj/gml/datalist/KsjTmplt-L03-b.html#L03-b-16,2016,89599-0004,89599,芦花部川,0600,荒地,4,0.045232
nlni_l03b_landuse_by_watershed_amami,https://nlftp.mlit.go.jp/ksj/gml/datalist/KsjTmplt-L03-b.html#L03-b-16,2016,89599-0004,89599,芦花部川,0700,建物用地,5,0.056543
nlni_l03b_landuse_by_watershed_amami,https://nlftp.mlit.go.jp/ksj/gml/datalist/KsjTmplt-L03-b.html#L03-b-16,2016,89599-0004,89599,芦花部川,1000,その他の用地,2,0.022618
nlni_l03b_landuse_by_watershed_amami,https://nlftp.mlit.go.jp/ksj/gml/datalist/KsjTmplt-L03-b.html#L03-b-16,2016,89599-0004,89599,芦花部川,1100,河川地及び湖沼,6,0.067851
nlni_l03b_landuse_by_watershed_amami,https://nlftp.mlit.go.jp/ksj/gml/datalist/KsjTmplt-L03-b.html#L03-b-16,2016,89599-0004,89599,芦花部川,1400,海浜,1,0.011308
nlni_l03b_landuse_by_watershed_amami,https://nlftp.mlit.go.jp/ksj/gml/datalist/KsjTmplt-L03-b.html#L03-b-16,2016,89599-0005,89599,浦上川,0200,その他の農用地,14,0.158398
nlni_l03b_landuse_by_watershed_amami,https://nlftp.mlit.go.jp/ksj/gml/datalist/KsjTmplt-L03-b.html#L03-b-16,2016,89599-0005,89599,浦上川,0500,森林,524,5.928703
nlni_l03b_landuse_by_watershed_amami,https://nlftp.mlit.go.jp/ksj/gml/datalist/KsjTmplt-L03-b.html#L03-b-16,2016,89599-0005,89599,浦上川,0600,荒地,5,0.056577
nlni_l03b_landuse_by_watershed_amami,https://nlftp.mlit.go.jp/ksj/gml/datalist/KsjTmplt-L03-b.html#L03-b-16,2016,89599-0005,89599,浦上川,0700,建物用地,43,0.486491
nlni_l03b_landuse_by_watershed_amami,https://nlftp.mlit.go.jp/ksj/gml/datalist/KsjTmplt-L03-b.html#L03-b-16,2016,89599-0005,89599,浦上川,1000,その他の用地,16,0.181021
nlni_l03b_landuse_by_watershed_amami,https://nlftp.mlit.go.jp/ksj/gml/datalist/KsjTmplt-L03-b.html#L03-b-16,2016,89599-0005,89599,浦上川,1100,河川地及び湖沼,8,0.090511
nlni_l03b_landuse_by_watershed_amami,https://nlftp.mlit.go.jp/ksj/gml/datalist/KsjTmplt-L03-b.html#L03-b-16,2016,89599-0006,89599,浦上川,0200,その他の農用地,3,0.033945
nlni_l03b_landuse_by_watershed_amami,https://nlftp.mlit.go.jp/ksj/gml/datalist/KsjTmplt-L03-b.html#L03-b-16,2016,89599-0006,89599,浦上川,0500,森林,607,6.868546
nlni_l03b_landuse_by_watershed_amami,https://nlftp.mlit.go.jp/ksj/gml/datalist/KsjTmplt-L03-b.html#L03-b-16,2016,89599-0006,89599,浦上川,0600,荒地,3,0.03395
nlni_l03b_landuse_by_watershed_amami,https://nlftp.mlit.go.jp/ksj/gml/datalist/KsjTmplt-L03-b.html#L03-b-16,2016,89599-0006,89599,浦上川,0700,建物用地,52,0.588344
nlni_l03b_landuse_by_watershed_amami,https://nlftp.mlit.go.jp/ksj/gml/datalist/KsjTmplt-L03-b.html#L03-b-16,2016,89599-0006,89599,浦上川,1000,その他の用地,1,0.011318
nlni_l03b_landuse_by_watershed_amami,https://nlftp.mlit.go.jp/ksj/gml/datalist/KsjTmplt-L03-b.html#L03-b-16,2016,89599-0006,89599,浦上川,1100,河川地及び湖沼,3,0.033943
nlni_l03b_landuse_by_watershed_amami,https://nlftp.mlit.go.jp/ksj/gml/datalist/KsjTmplt-L03-b.html#L03-b-16,2016,89599-0007,89599,新川,0500,森林,655,7.412835
nlni_l03b_landuse_by_watershed_amami,https://nlftp.mlit.go.jp/ksj/gml/datalist/KsjTmplt-L03-b.html#L03-b-16,2016,89599-0007,89599,新川,0600,荒地,3,0.033952
nlni_l03b_landuse_by_watershed_amami,https://nlftp.mlit.go.jp/ksj/gml/datalist/KsjTmplt-L03-b.html#L03-b-16,2016,89599-0007,89599,新川,0700,建物用地,93,1.052415
nlni_l03b_landuse_by_watershed_amami,https://nlftp.mlit.go.jp/ksj/gml/datalist/KsjTmplt-L03-b.html#L03-b-16,2016,89599-0007,89599,新川,1000,その他の用地,12,0.135801
nlni_l03b_landuse_by_watershed_amami,https://nlftp.mlit.go.jp/ksj/gml/datalist/KsjTmplt-L03-b.html#L03-b-16,2016,89599-0007,89599,新川,1100,河川地及び湖沼,1,0.011315
nlni_l03b_landuse_by_watershed_amami,https://nlftp.mlit.go.jp/ksj/gml/datalist/KsjTmplt-L03-b.html#L03-b-16,2016,89599-0008,89599,知名瀬川,0200,その他の農用地,33,0.373431
nlni_l03b_landuse_by_watershed_amami,https://nlftp.mlit.go.jp/ksj/gml/datalist/KsjTmplt-L03-b.html#L03-b-16,2016,89599-0008,89599,知名瀬川,0500,森林,821,9.291594
nlni_l03b_landuse_by_watershed_amami,https://nlftp.mlit.go.jp/ksj/gml/datalist/KsjTmplt-L03-b.html#L03-b-16,2016,89599-0008,89599,知名瀬川,0700,建物用地,6,0.067892
nlni_l03b_landuse_by_watershed_amami,https://nlftp.mlit.go.jp/ksj/gml/datalist/KsjTmplt-L03-b.html#L03-b-16,2016,89599-0008,89599,知名瀬川,1100,河川地及び湖沼,4,0.045261
nlni_l03b_landuse_by_watershed_amami,https://nlftp.mlit.go.jp/ksj/gml/datalist/KsjTmplt-L03-b.html#L03-b-16,2016,89599-0009,89599,大和川,0200,その他の農用地,29,0.328229
nlni_l03b_landuse_by_watershed_amami,https://nlftp.mlit.go.jp/ksj/gml/datalist/KsjTmplt-L03-b.html#L03-b-16,2016,89599-0009,89599,大和川,0500,森林,827,9.360953
nlni_l03b_landuse_by_watershed_amami,https://nlftp.mlit.go.jp/ksj/gml/datalist/KsjTmplt-L03-b.html#L03-b-16,2016,89599-0009,89599,大和川,0600,荒地,6,0.067906
nlni_l03b_landuse_by_watershed_amami,https://nlftp.mlit.go.jp/ksj/gml/datalist/KsjTmplt-L03-b.html#L03-b-16,2016,89599-0009,89599,大和川,0700,建物用地,5,0.056588
nlni_l03b_landuse_by_watershed_amami,https://nlftp.mlit.go.jp/ksj/gml/datalist/KsjTmplt-L03-b.html#L03-b-16,2016,89599-0009,89599,大和川,1000,その他の用地,1,0.011318
nlni_l03b_landuse_by_watershed_amami,https://nlftp.mlit.go.jp/ksj/gml/datalist/KsjTmplt-L03-b.html#L03-b-16,2016,89599-0009,89599,大和川,1100,河川地及び湖沼,10,0.113184
nlni_l03b_landuse_by_watershed_amami,https://nlftp.mlit.go.jp/ksj/gml/datalist/KsjTmplt-L03-b.html#L03-b-16,2016,89599-0010,89599,名音川,0200,その他の農用地,2,0.02264
nlni_l03b_landuse_by_watershed_amami,https://nlftp.mlit.go.jp/ksj/gml/datalist/KsjTmplt-L03-b.html#L03-b-16,2016,89599-0010,89599,名音川,0500,森林,951,10.766989
nlni_l03b_landuse_by_watershed_amami,https://nlftp.mlit.go.jp/ksj/gml/datalist/KsjTmplt-L03-b.html#L03-b-16,2016,89599-0010,89599,名音川,0700,建物用地,2,0.02264
nlni_l03b_landuse_by_watershed_amami,https://nlftp.mlit.go.jp/ksj/gml/datalist/KsjTmplt-L03-b.html#L03-b-16,2016,89599-0010,89599,名音川,1000,その他の用地,4,0.045285
nlni_l03b_landuse_by_watershed_amami,https://nlftp.mlit.go.jp/ksj/gml/datalist/KsjTmplt-L03-b.html#L03-b-16,2016,89599-0011,89599,大良川,0200,その他の農用地,26,0.294397
nlni_l03b_landuse_by_watershed_amami,https://nlftp.mlit.go.jp/ksj/gml/datalist/KsjTmplt-L03-b.html#L03-b-16,2016,89599-0011,89599,大良川,0500,森林,710,8.03948
nlni_l03b_landuse_by_watershed_amami,https://nlftp.mlit.go.jp/ksj/gml/datalist/KsjTmplt-L03-b.html#L03-b-16,2016,89599-0011,89599,大良川,0600,荒地,4,0.045292
nlni_l03b_landuse_by_watershed_amami,https://nlftp.mlit.go.jp/ksj/gml/datalist/KsjTmplt-L03-b.html#L03-b-16,2016,89599-0011,89599,大良川,1100,河川地及び湖沼,4,0.045297
nlni_l03b_landuse_by_watershed_amami,https://nlftp.mlit.go.jp/ksj/gml/datalist/KsjTmplt-L03-b.html#L03-b-16,2016,89599-0012,89599,,0200,その他の農用地,87,0.985415
nlni_l03b_landuse_by_watershed_amami,https://nlftp.mlit.go.jp/ksj/gml/datalist/KsjTmplt-L03-b.html#L03-b-16,2016,89599-0012,89599,,0500,森林,3672,41.593609
nlni_l03b_landuse_by_watershed_amami,https://nlftp.mlit.go.jp/ksj/gml/datalist/KsjTmplt-L03-b.html#L03-b-16,2016,89599-0012,89599,,0600,荒地,33,0.373852
nlni_l03b_landuse_by_watershed_amami,https://nlftp.mlit.go.jp/ksj/gml/datalist/KsjTmplt-L03-b.html#L03-b-16,2016,89599-0012,89599,,0700,建物用地,26,0.294479
nlni_l03b_landuse_by_watershed_amami,https://nlftp.mlit.go.jp/ksj/gml/datalist/KsjTmplt-L03-b.html#L03-b-16,2016,89599-0012,89599,,1000,その他の用地,9,0.101935
nlni_l03b_landuse_by_watershed_amami,https://nlftp.mlit.go.jp/ksj/gml/datalist/KsjTmplt-L03-b.html#L03-b-16,2016,89599-0012,89599,,1100,河川地及び湖沼,26,0.294495
nlni_l03b_landuse_by_watershed_amami,https://nlftp.mlit.go.jp/ksj/gml/datalist/KsjTmplt-L03-b.html#L03-b-16,2016,89599-0013,89599,阿木名川,0200,その他の農用地,39,0.44213
nlni_l03b_landuse_by_watershed_amami,https://nlftp.mlit.go.jp/ksj/gml/datalist/KsjTmplt-L03-b.html#L03-b-16,2016,89599-0013,89599,阿木名川,0500,森林,997,11.30161
nlni_l03b_landuse_by_watershed_amami,https://nlftp.mlit.go.jp/ksj/gml/datalist/KsjTmplt-L03-b.html#L03-b-16,2016,89599-0013,89599,阿木名川,0600,荒地,21,0.238083
nlni_l03b_landuse_by_watershed_amami,https://nlftp.mlit.go.jp/ksj/gml/datalist/KsjTmplt-L03-b.html#L03-b-16,2016,89599-0013,89599,阿木名川,0700,建物用地,16,0.181394
nlni_l03b_landuse_by_watershed_amami,https://nlftp.mlit.go.jp/ksj/gml/datalist/KsjTmplt-L03-b.html#L03-b-16,2016,89599-0013,89599,阿木名川,1000,その他の用地,1,0.011337
nlni_l03b_landuse_by_watershed_amami,https://nlftp.mlit.go.jp/ksj/gml/datalist/KsjTmplt-L03-b.html#L03-b-16,2016,89599-0013,89599,阿木名川,1100,河川地及び湖沼,3,0.034011
nlni_l03b_landuse_by_watershed_amami,https://nlftp.mlit.go.jp/ksj/gml/datalist/KsjTmplt-L03-b.html#L03-b-16,2016,89599-0013,89599,阿木名川,1400,海浜,1,0.011337
nlni_l03b_landuse_by_watershed_amami,https://nlftp.mlit.go.jp/ksj/gml/datalist/KsjTmplt-L03-b.html#L03-b-16,2016,89599-0013,89599,阿木名川,1600,ゴルフ場,1,0.011337
nlni_l03b_landuse_by_watershed_amami,https://nlftp.mlit.go.jp/ksj/gml/datalist/KsjTmplt-L03-b.html#L03-b-16,2016,89599-0014,89599,嘉徳川,0200,その他の農用地,2,0.022669
nlni_l03b_landuse_by_watershed_amami,https://nlftp.mlit.go.jp/ksj/gml/datalist/KsjTmplt-L03-b.html#L03-b-16,2016,89599-0014,89599,嘉徳川,0500,森林,987,11.186744
nlni_l03b_landuse_by_watershed_amami,https://nlftp.mlit.go.jp/ksj/gml/datalist/KsjTmplt-L03-b.html#L03-b-16,2016,89599-0014,89599,嘉徳川,0600,荒地,16,0.181366
nlni_l03b_landuse_by_watershed_amami,https://nlftp.mlit.go.jp/ksj/gml/datalist/KsjTmplt-L03-b.html#L03-b-16,2016,89599-0014,89599,嘉徳川,1100,河川地及び湖沼,4,0.045339
nlni_l03b_landuse_by_watershed_amami,https://nlftp.mlit.go.jp/ksj/gml/datalist/KsjTmplt-L03-b.html#L03-b-16,2016,89599-0014,89599,嘉徳川,1400,海浜,1,0.011335
nlni_l03b_landuse_by_watershed_amami,https://nlftp.mlit.go.jp/ksj/gml/datalist/KsjTmplt-L03-b.html#L03-b-16,2016,89599-0015,89599,役勝川,0200,その他の農用地,52,0.589089
nlni_l03b_landuse_by_watershed_amami,https://nlftp.mlit.go.jp/ksj/gml/datalist/KsjTmplt-L03-b.html#L03-b-16,2016,89599-0015,89599,役勝川,0500,森林,3864,43.783382
nlni_l03b_landuse_by_watershed_amami,https://nlftp.mlit.go.jp/ksj/gml/datalist/KsjTmplt-L03-b.html#L03-b-16,2016,89599-0015,89599,役勝川,0600,荒地,15,0.169923
nlni_l03b_landuse_by_watershed_amami,https://nlftp.mlit.go.jp/ksj/gml/datalist/KsjTmplt-L03-b.html#L03-b-16,2016,89599-0015,89599,役勝川,0700,建物用地,8,0.090631
nlni_l03b_landuse_by_watershed_amami,https://nlftp.mlit.go.jp/ksj/gml/datalist/KsjTmplt-L03-b.html#L03-b-16,2016,89599-0015,89599,役勝川,1000,その他の用地,2,0.022656
nlni_l03b_landuse_by_watershed_amami,https://nlftp.mlit.go.jp/ksj/gml/datalist/KsjTmplt-L03-b.html#L03-b-16,2016,89599-0015,89599,役勝川,1100,河川地及び湖沼,23,0.260567
nlni_l03b_landuse_by_watershed_amami,https://nlftp.mlit.go.jp/ksj/gml/datalist/KsjTmplt-L03-b.html#L03-b-16,2016,89599-0016,89599,,0200,その他の農用地,47,0.532311
nlni_l03b_landuse_by_watershed_amami,https://nlftp.mlit.go.jp/ksj/gml/datalist/KsjTmplt-L03-b.html#L03-b-16,2016,89599-0016,89599,,0500,森林,4057,45.940402
nlni_l03b_landuse_by_watershed_amami,https://nlftp.mlit.go.jp/ksj/gml/datalist/KsjTmplt-L03-b.html#L03-b-16,2016,89599-0016,89599,,0600,荒地,36,0.407687
nlni_l03b_landuse_by_watershed_amami,https://nlftp.mlit.go.jp/ksj/gml/datalist/KsjTmplt-L03-b.html#L03-b-16,2016,89599-0016,89599,,0700,建物用地,8,0.090616
nlni_l03b_landuse_by_watershed_amami,https://nlftp.mlit.go.jp/ksj/gml/datalist/KsjTmplt-L03-b.html#L03-b-16,2016,89599-0016,89599,,1000,その他の用地,11,0.124569
nlni_l03b_landuse_by_watershed_amami,https://nlftp.mlit.go.jp/ksj/gml/datalist/KsjTmplt-L03-b.html#L03-b-16,2016,89599-0016,89599,,1100,河川地及び湖沼,36,0.407757
nlni_l03b_landuse_by_watershed_amami,https://nlftp.mlit.go.jp/ksj/gml/datalist/KsjTmplt-L03-b.html#L03-b-16,2016,89599-0017,89599,,0100,田,5,0.056615
nlni_l03b_landuse_by_watershed_amami,https://nlftp.mlit.go.jp/ksj/gml/datalist/KsjTmplt-L03-b.html#L03-b-16,2016,89599-0017,89599,,0200,その他の農用地,79,0.894572
nlni_l03b_landuse_by_watershed_amami,https://nlftp.mlit.go.jp/ksj/gml/datalist/KsjTmplt-L03-b.html#L03-b-16,2016,89599-0017,89599,,0500,森林,2375,26.888991
nlni_l03b_landuse_by_watershed_amami,https://nlftp.mlit.go.jp/ksj/gml/datalist/KsjTmplt-L03-b.html#L03-b-16,2016,89599-0017,89599,,0600,荒地,3,0.033969
nlni_l03b_landuse_by_watershed_amami,https://nlftp.mlit.go.jp/ksj/gml/datalist/KsjTmplt-L03-b.html#L03-b-16,2016,89599-0017,89599,,0700,建物用地,5,0.056617
nlni_l03b_landuse_by_watershed_amami,https://nlftp.mlit.go.jp/ksj/gml/datalist/KsjTmplt-L03-b.html#L03-b-16,2016,89599-0017,89599,,1000,その他の用地,2,0.022649
nlni_l03b_landuse_by_watershed_amami,https://nlftp.mlit.go.jp/ksj/gml/datalist/KsjTmplt-L03-b.html#L03-b-16,2016,89599-0017,89599,,1100,河川地及び湖沼,23,0.260431
nlni_l03b_landuse_by_watershed_amami,https://nlftp.mlit.go.jp/ksj/gml/datalist/KsjTmplt-L03-b.html#L03-b-16,2016,89599-0018,89599,金久田川,0200,その他の農用地,10,0.113236
nlni_l03b_landuse_by_watershed_amami,https://nlftp.mlit.go.jp/ksj/gml/datalist/KsjTmplt-L03-b.html#L03-b-16,2016,89599-0018,89599,金久田川,0500,森林,724,8.19697
nlni_l03b_landuse_by_watershed_amami,https://nlftp.mlit.go.jp/ksj/gml/datalist/KsjTmplt-L03-b.html#L03-b-16,2016,89599-0018,89599,金久田川,0600,荒地,4,0.045293
nlni_l03b_landuse_by_watershed_amami,https://nlftp.mlit.go.jp/ksj/gml/datalist/KsjTmplt-L03-b.html#L03-b-16,2016,89599-0018,89599,金久田川,1100,河川地及び湖沼,3,0.033971
nlni_l03b_landuse_by_watershed_amami,https://nlftp.mlit.go.jp/ksj/gml/datalist/KsjTmplt-L03-b.html#L03-b-16,2016,89599-0019,89599,大川,0100,田,55,0.622653
nlni_l03b_landuse_by_watershed_amami,https://nlftp.mlit.go.jp/ksj/gml/datalist/KsjTmplt-L03-b.html#L03-b-16,2016,89599-0019,89599,大川,0200,その他の農用地,91,1.030198
nlni_l03b_landuse_by_watershed_amami,https://nlftp.mlit.go.jp/ksj/gml/datalist/KsjTmplt-L03-b.html#L03-b-16,2016,89599-0019,89599,大川,0500,森林,2661,30.122103
nlni_l03b_landuse_by_watershed_amami,https://nlftp.mlit.go.jp/ksj/gml/datalist/KsjTmplt-L03-b.html#L03-b-16,2016,89599-0019,89599,大川,0600,荒地,15,0.169794
nlni_l03b_landuse_by_watershed_amami,https://nlftp.mlit.go.jp/ksj/gml/datalist/KsjTmplt-L03-b.html#L03-b-16,2016,89599-0019,89599,大川,0700,建物用地,21,0.237733
nlni_l03b_landuse_by_watershed_amami,https://nlftp.mlit.go.jp/ksj/gml/datalist/KsjTmplt-L03-b.html#L03-b-16,2016,89599-0019,89599,大川,1000,その他の用地,4,0.045275
nlni_l03b_landuse_by_watershed_amami,https://nlftp.mlit.go.jp/ksj/gml/datalist/KsjTmplt-L03-b.html#L03-b-16,2016,89599-0019,89599,大川,1100,河川地及び湖沼,36,0.407518
nlni_l03b_landuse_by_watershed_amami,https://nlftp.mlit.go.jp/ksj/gml/datalist/KsjTmplt-L03-b.html#L03-b-16,2016,89599-0020,89599,大美川,0200,その他の農用地,22,0.248947
nlni_l03b_landuse_by_watershed_amami,https://nlftp.mlit.go.jp/ksj/gml/datalist/KsjTmplt-L03-b.html#L03-b-16,2016,89599-0020,89599,大美川,0500,森林,134,1.516274
nlni_l03b_landuse_by_watershed_amami,https://nlftp.mlit.go.jp/ksj/gml/datalist/KsjTmplt-L03-b.html#L03-b-16,2016,89599-0020,89599,大美川,0600,荒地,3,0.033947
nlni_l03b_landuse_by_watershed_amami,https://nlftp.mlit.go.jp/ksj/gml/datalist/KsjTmplt-L03-b.html#L03-b-16,2016,89599-0020,89599,大美川,0700,建物用地,5,0.056581
nlni_l03b_landuse_by_watershed_amami,https://nlftp.mlit.go.jp/ksj/gml/datalist/KsjTmplt-L03-b.html#L03-b-16,2016,89599-0020,89599,大美川,1000,その他の用地,3,0.033948
nlni_l03b_landuse_by_watershed_amami,https://nlftp.mlit.go.jp/ksj/gml/datalist/KsjTmplt-L03-b.html#L03-b-16,2016,89599-0020,89599,大美川,1100,河川地及び湖沼,8,0.090527
nlni_l03b_landuse_by_watershed_amami,https://nlftp.mlit.go.jp/ksj/gml/datalist/KsjTmplt-L03-b.html#L03-b-16,2016,89599-0021,89599,大美川,0200,その他の農用地,9,0.10185
nlni_l03b_landuse_by_watershed_amami,https://nlftp.mlit.go.jp/ksj/gml/datalist/KsjTmplt-L03-b.html#L03-b-16,2016,89599-0021,89599,大美川,0500,森林,119,1.346678
nlni_l03b_landuse_by_watershed_amami,https://nlftp.mlit.go.jp/ksj/gml/datalist/KsjTmplt-L03-b.html#L03-b-16,2016,89599-0021,89599,大美川,0600,荒地,2,0.022634
nlni_l03b_landuse_by_watershed_amami,https://nlftp.mlit.go.jp/ksj/gml/datalist/KsjTmplt-L03-b.html#L03-b-16,2016,89599-0021,89599,大美川,0700,建物用地,9,0.101849
nlni_l03b_landuse_by_watershed_amami,https://nlftp.mlit.go.jp/ksj/gml/datalist/KsjTmplt-L03-b.html#L03-b-16,2016,89599-0021,89599,大美川,1100,河川地及び湖沼,4,0.045267
nlni_l03b_landuse_by_watershed_amami,https://nlftp.mlit.go.jp/ksj/gml/datalist/KsjTmplt-L03-b.html#L03-b-16,2016,89599-0022,89599,大美川,0200,その他の農用地,1,0.011319
nlni_l03b_landuse_by_watershed_amami,https://nlftp.mlit.go.jp/ksj/gml/datalist/KsjTmplt-L03-b.html#L03-b-16,2016,89599-0022,89599,大美川,0500,森林,380,4.300914
nlni_l03b_landuse_by_watershed_amami,https://nlftp.mlit.go.jp/ksj/gml/datalist/KsjTmplt-L03-b.html#L03-b-16,2016,89599-0022,89599,大美川,0600,荒地,6,0.067908
nlni_l03b_landuse_by_watershed_amami,https://nlftp.mlit.go.jp/ksj/gml/datalist/KsjTmplt-L03-b.html#L03-b-16,2016,89599-0023,89599,大美川,0500,森林,323,3.655543
nlni_l03b_landuse_by_watershed_amami,https://nlftp.mlit.go.jp/ksj/gml/datalist/KsjTmplt-L03-b.html#L03-b-16,2016,89599-0023,89599,大美川,0600,荒地,2,0.022634
nlni_l03b_landuse_by_watershed_amami,https://nlftp.mlit.go.jp/ksj/gml/datalist/KsjTmplt-L03-b.html#L03-b-16,2016,89599-0024,89599,大美川,0200,その他の農用地,28,0.316825
nlni_l03b_landuse_by_watershed_amami,https://nlftp.mlit.go.jp/ksj/gml/datalist/KsjTmplt-L03-b.html#L03-b-16,2016,89599-0024,89599,大美川,0500,森林,708,8.011694
nlni_l03b_landuse_by_watershed_amami,https://nlftp.mlit.go.jp/ksj/gml/datalist/KsjTmplt-L03-b.html#L03-b-16,2016,89599-0024,89599,大美川,0600,荒地,21,0.237629
nlni_l03b_landuse_by_watershed_amami,https://nlftp.mlit.go.jp/ksj/gml/datalist/KsjTmplt-L03-b.html#L03-b-16,2016,89599-0024,89599,大美川,0700,建物用地,18,0.20367
nlni_l03b_landuse_by_watershed_amami,https://nlftp.mlit.go.jp/ksj/gml/datalist/KsjTmplt-L03-b.html#L03-b-16,2016,89599-0024,89599,大美川,1000,その他の用地,17,0.19236
nlni_l03b_landuse_by_watershed_amami,https://nlftp.mlit.go.jp/ksj/gml/datalist/KsjTmplt-L03-b.html#L03-b-16,2016,89599-0025,89599,大美川,0100,田,3,0.033941
nlni_l03b_landuse_by_watershed_amami,https://nlftp.mlit.go.jp/ksj/gml/datalist/KsjTmplt-L03-b.html#L03-b-16,2016,89599-0025,89599,大美川,0200,その他の農用地,82,0.927742
nlni_l03b_landuse_by_watershed_amami,https://nlftp.mlit.go.jp/ksj/gml/datalist/KsjTmplt-L03-b.html#L03-b-16,2016,89599-0025,89599,大美川,0500,森林,574,6.494173
nlni_l03b_landuse_by_watershed_amami,https://nlftp.mlit.go.jp/ksj/gml/datalist/KsjTmplt-L03-b.html#L03-b-16,2016,89599-0025,89599,大美川,0600,荒地,1,0.011315
nlni_l03b_landuse_by_watershed_amami,https://nlftp.mlit.go.jp/ksj/gml/datalist/KsjTmplt-L03-b.html#L03-b-16,2016,89599-0025,89599,大美川,0700,建物用地,28,0.316781
nlni_l03b_landuse_by_watershed_amami,https://nlftp.mlit.go.jp/ksj/gml/datalist/KsjTmplt-L03-b.html#L03-b-16,2016,89599-0025,89599,大美川,1000,その他の用地,11,0.124455
nlni_l03b_landuse_by_watershed_amami,https://nlftp.mlit.go.jp/ksj/gml/datalist/KsjTmplt-L03-b.html#L03-b-06,2006,89599-0001,89599,,2,その他の農用地,66,0.746027
nlni_l03b_landuse_by_watershed_amami,https://nlftp.mlit.go.jp/ksj/gml/datalist/KsjTmplt-L03-b.html#L03-b-06,2006,89599-0001,89599,,5,森林,501,5.663575
nlni_l03b_landuse_by_watershed_amami,https://nlftp.mlit.go.jp/ksj/gml/datalist/KsjTmplt-L03-b.html#L03-b-06,2006,89599-0001,89599,,6,荒地,9,0.101736
nlni_l03b_landuse_by_watershed_amami,https://nlftp.mlit.go.jp/ksj/gml/datalist/KsjTmplt-L03-b.html#L03-b-06,2006,89599-0001,89599,,7,建物用地,6,0.067816
nlni_l03b_landuse_by_watershed_amami,https://nlftp.mlit.go.jp/ksj/gml/datalist/KsjTmplt-L03-b.html#L03-b-06,2006,89599-0001,89599,,9,幹線交通用地,1,0.011305
nlni_l03b_landuse_by_watershed_amami,https://nlftp.mlit.go.jp/ksj/gml/datalist/KsjTmplt-L03-b.html#L03-b-06,2006,89599-0001,89599,,A,その他の用地,1,0.011303
nlni_l03b_landuse_by_watershed_amami,https://nlftp.mlit.go.jp/ksj/gml/datalist/KsjTmplt-L03-b.html#L03-b-06,2006,89599-0002,89599,前田川,2,その他の農用地,49,0.554088
nlni_l03b_landuse_by_watershed_amami,https://nlftp.mlit.go.jp/ksj/gml/datalist/KsjTmplt-L03-b.html#L03-b-06,2006,89599-0002,89599,前田川,5,森林,314,3.550751
nlni_l03b_landuse_by_watershed_amami,https://nlftp.mlit.go.jp/ksj/gml/datalist/KsjTmplt-L03-b.html#L03-b-06,2006,89599-0002,89599,前田川,6,荒地,24,0.271396
nlni_l03b_landuse_by_watershed_amami,https://nlftp.mlit.go.jp/ksj/gml/datalist/KsjTmplt-L03-b.html#L03-b-06,2006,89599-0002,89599,前田川,7,建物用地,28,0.316611
nlni_l03b_landuse_by_watershed_amami,https://nlftp.mlit.go.jp/ksj/gml/datalist/KsjTmplt-L03-b.html#L03-b-06,2006,89599-0002,89599,前田川,9,幹線交通用地,1,0.011308
nlni_l03b_landuse_by_watershed_amami,https://nlftp.mlit.go.jp/ksj/gml/datalist/KsjTmplt-L03-b.html#L03-b-06,2006,89599-0002,89599,前田川,A,その他の用地,13,0.147004
nlni_l03b_landuse_by_watershed_amami,https://nlftp.mlit.go.jp/ksj/gml/datalist/KsjTmplt-L03-b.html#L03-b-06,2006,89599-0002,89599,前田川,B,河川地及び湖沼,4,0.045231
nlni_l03b_landuse_by_watershed_amami,https://nlftp.mlit.go.jp/ksj/gml/datalist/KsjTmplt-L03-b.html#L03-b-06,2006,89599-0003,89599,秋名川,1,田,37,0.418423
nlni_l03b_landuse_by_watershed_amami,https://nlftp.mlit.go.jp/ksj/gml/datalist/KsjTmplt-L03-b.html#L03-b-06,2006,89599-0003,89599,秋名川,2,その他の農用地,27,0.305375
nlni_l03b_landuse_by_watershed_amami,https://nlftp.mlit.go.jp/ksj/gml/datalist/KsjTmplt-L03-b.html#L03-b-06,2006,89599-0003,89599,秋名川,5,森林,906,10.247832
nlni_l03b_landuse_by_watershed_amami,https://nlftp.mlit.go.jp/ksj/gml/datalist/KsjTmplt-L03-b.html#L03-b-06,2006,89599-0003,89599,秋名川,6,荒地,30,0.339357
nlni_l03b_landuse_by_watershed_amami,https://nlftp.mlit.go.jp/ksj/gml/datalist/KsjTmplt-L03-b.html#L03-b-06,2006,89599-0003,89599,秋名川,7,建物用地,12,0.1357
nlni_l03b_landuse_by_watershed_amami,https://nlftp.mlit.go.jp/ksj/gml/datalist/KsjTmplt-L03-b.html#L03-b-06,2006,89599-0003,89599,秋名川,A,その他の用地,4,0.045233
nlni_l03b_landuse_by_watershed_amami,https://nlftp.mlit.go.jp/ksj/gml/datalist/KsjTmplt-L03-b.html#L03-b-06,2006,89599-0003,89599,秋名川,B,河川地及び湖沼,8,0.090468
nlni_l03b_landuse_by_watershed_amami,https://nlftp.mlit.go.jp/ksj/gml/datalist/KsjTmplt-L03-b.html#L03-b-06,2006,89599-0004,89599,芦花部川,1,田,21,0.237475
nlni_l03b_landuse_by_watershed_amami,https://nlftp.mlit.go.jp/ksj/gml/datalist/KsjTmplt-L03-b.html#L03-b-06,2006,89599-0004,89599,芦花部川,2,その他の農用地,15,0.169645
nlni_l03b_landuse_by_watershed_amami,https://nlftp.mlit.go.jp/ksj/gml/datalist/KsjTmplt-L03-b.html#L03-b-06,2006,89599-0004,89599,芦花部川,5,森林,404,4.569382
nlni_l03b_landuse_by_watershed_amami,https://nlftp.mlit.go.jp/ksj/gml/datalist/KsjTmplt-L03-b.html#L03-b-06,2006,89599-0004,89599,芦花部川,6,荒地,46,0.52028
nlni_l03b_landuse_by_watershed_amami,https://nlftp.mlit.go.jp/ksj/gml/datalist/KsjTmplt-L03-b.html#L03-b-06,2006,89599-0004,89599,芦花部川,7,建物用地,4,0.045234
nlni_l03b_landuse_by_watershed_amami,https://nlftp.mlit.go.jp/ksj/gml/datalist/KsjTmplt-L03-b.html#L03-b-06,2006,89599-0004,89599,芦花部川,A,その他の用地,4,0.045235
nlni_l03b_landuse_by_watershed_amami,https://nlftp.mlit.go.jp/ksj/gml/datalist/KsjTmplt-L03-b.html#L03-b-06,2006,89599-0004,89599,芦花部川,E,海浜,1,0.011308
nlni_l03b_landuse_by_watershed_amami,https://nlftp.mlit.go.jp/ksj/gml/datalist/KsjTmplt-L03-b.html#L03-b-06,2006,89599-0005,89599,浦上川,2,その他の農用地,43,0.486582
nlni_l03b_landuse_by_watershed_amami,https://nlftp.mlit.go.jp/ksj/gml/datalist/KsjTmplt-L03-b.html#L03-b-06,2006,89599-0005,89599,浦上川,5,森林,469,5.306402
nlni_l03b_landuse_by_watershed_amami,https://nlftp.mlit.go.jp/ksj/gml/datalist/KsjTmplt-L03-b.html#L03-b-06,2006,89599-0005,89599,浦上川,6,荒地,39,0.441209
nlni_l03b_landuse_by_watershed_amami,https://nlftp.mlit.go.jp/ksj/gml/datalist/KsjTmplt-L03-b.html#L03-b-06,2006,89599-0005,89599,浦上川,7,建物用地,33,0.373351
nlni_l03b_landuse_by_watershed_amami,https://nlftp.mlit.go.jp/ksj/gml/datalist/KsjTmplt-L03-b.html#L03-b-06,2006,89599-0005,89599,浦上川,9,幹線交通用地,6,0.067884
nlni_l03b_landuse_by_watershed_amami,https://nlftp.mlit.go.jp/ksj/gml/datalist/KsjTmplt-L03-b.html#L03-b-06,2006,89599-0005,89599,浦上川,A,その他の用地,20,0.226273
nlni_l03b_landuse_by_watershed_amami,https://nlftp.mlit.go.jp/ksj/gml/datalist/KsjTmplt-L03-b.html#L03-b-06,2006,89599-0006,89599,浦上川,2,その他の農用地,7,0.079204
nlni_l03b_landuse_by_watershed_amami,https://nlftp.mlit.go.jp/ksj/gml/datalist/KsjTmplt-L03-b.html#L03-b-06,2006,89599-0006,89599,浦上川,5,森林,589,6.664847
nlni_l03b_landuse_by_watershed_amami,https://nlftp.mlit.go.jp/ksj/gml/datalist/KsjTmplt-L03-b.html#L03-b-06,2006,89599-0006,89599,浦上川,6,荒地,17,0.192374
nlni_l03b_landuse_by_watershed_amami,https://nlftp.mlit.go.jp/ksj/gml/datalist/KsjTmplt-L03-b.html#L03-b-06,2006,89599-0006,89599,浦上川,7,建物用地,33,0.373369
nlni_l03b_landuse_by_watershed_amami,https://nlftp.mlit.go.jp/ksj/gml/datalist/KsjTmplt-L03-b.html#L03-b-06,2006,89599-0006,89599,浦上川,A,その他の用地,23,0.26025
nlni_l03b_landuse_by_watershed_amami,https://nlftp.mlit.go.jp/ksj/gml/datalist/KsjTmplt-L03-b.html#L03-b-06,2006,89599-0007,89599,新川,2,その他の農用地,3,0.033955
nlni_l03b_landuse_by_watershed_amami,https://nlftp.mlit.go.jp/ksj/gml/datalist/KsjTmplt-L03-b.html#L03-b-06,2006,89599-0007,89599,新川,5,森林,650,7.35625
nlni_l03b_landuse_by_watershed_amami,https://nlftp.mlit.go.jp/ksj/gml/datalist/KsjTmplt-L03-b.html#L03-b-06,2006,89599-0007,89599,新川,6,荒地,3,0.033953
nlni_l03b_landuse_by_watershed_amami,https://nlftp.mlit.go.jp/ksj/gml/datalist/KsjTmplt-L03-b.html#L03-b-06,2006,89599-0007,89599,新川,7,建物用地,95,1.075039
nlni_l03b_landuse_by_watershed_amami,https://nlftp.mlit.go.jp/ksj/gml/datalist/KsjTmplt-L03-b.html#L03-b-06,2006,89599-0007,89599,新川,9,幹線交通用地,6,0.067903
nlni_l03b_landuse_by_watershed_amami,https://nlftp.mlit.go.jp/ksj/gml/datalist/KsjTmplt-L03-b.html#L03-b-06,2006,89599-0007,89599,新川,A,その他の用地,7,0.079218
nlni_l03b_landuse_by_watershed_amami,https://nlftp.mlit.go.jp/ksj/gml/datalist/KsjTmplt-L03-b.html#L03-b-06,2006,89599-0008,89599,知名瀬川,2,その他の農用地,31,0.350792
nlni_l03b_landuse_by_watershed_amami,https://nlftp.mlit.go.jp/ksj/gml/datalist/KsjTmplt-L03-b.html#L03-b-06,2006,89599-0008,89599,知名瀬川,5,森林,803,9.087897
nlni_l03b_landuse_by_watershed_amami,https://nlftp.mlit.go.jp/ksj/gml/datalist/KsjTmplt-L03-b.html#L03-b-06,2006,89599-0008,89599,知名瀬川,6,荒地,22,0.248967
nlni_l03b_landuse_by_watershed_amami,https://nlftp.mlit.go.jp/ksj/gml/datalist/KsjTmplt-L03-b.html#L03-b-06,2006,89599-0008,89599,知名瀬川,7,建物用地,5,0.056576
nlni_l03b_landuse_by_watershed_amami,https://nlftp.mlit.go.jp/ksj/gml/datalist/KsjTmplt-L03-b.html#L03-b-06,2006,89599-0008,89599,知名瀬川,A,その他の用地,1,0.011315
nlni_l03b_landuse_by_watershed_amami,https://nlftp.mlit.go.jp/ksj/gml/datalist/KsjTmplt-L03-b.html#L03-b-06,2006,89599-0008,89599,知名瀬川,B,河川地及び湖沼,2,0.022631
nlni_l03b_landuse_by_watershed_amami,https://nlftp.mlit.go.jp/ksj/gml/datalist/KsjTmplt-L03-b.html#L03-b-06,2006,89599-0009,89599,大和川,2,その他の農用地,22,0.249003
nlni_l03b_landuse_by_watershed_amami,https://nlftp.mlit.go.jp/ksj/gml/datalist/KsjTmplt-L03-b.html#L03-b-06,2006,89599-0009,89599,大和川,5,森林,821,9.293045
nlni_l03b_landuse_by_watershed_amami,https://nlftp.mlit.go.jp/ksj/gml/datalist/KsjTmplt-L03-b.html#L03-b-06,2006,89599-0009,89599,大和川,6,荒地,21,0.237682
nlni_l03b_landuse_by_watershed_amami,https://nlftp.mlit.go.jp/ksj/gml/datalist/KsjTmplt-L03-b.html#L03-b-06,2006,89599-0009,89599,大和川,7,建物用地,3,0.033953
nlni_l03b_landuse_by_watershed_amami,https://nlftp.mlit.go.jp/ksj/gml/datalist/KsjTmplt-L03-b.html#L03-b-06,2006,89599-0009,89599,大和川,9,幹線交通用地,2,0.022636
nlni_l03b_landuse_by_watershed_amami,https://nlftp.mlit.go.jp/ksj/gml/datalist/KsjTmplt-L03-b.html#L03-b-06,2006,89599-0009,89599,大和川,A,その他の用地,2,0.022635
nlni_l03b_landuse_by_watershed_amami,https://nlftp.mlit.go.jp/ksj/gml/datalist/KsjTmplt-L03-b.html#L03-b-06,2006,89599-0009,89599,大和川,B,河川地及び湖沼,7,0.079224
nlni_l03b_landuse_by_watershed_amami,https://nlftp.mlit.go.jp/ksj/gml/datalist/KsjTmplt-L03-b.html#L03-b-06,2006,89599-0010,89599,名音川,5,森林,882,9.985814
nlni_l03b_landuse_by_watershed_amami,https://nlftp.mlit.go.jp/ksj/gml/datalist/KsjTmplt-L03-b.html#L03-b-06,2006,89599-0010,89599,名音川,6,荒地,70,0.792493
nlni_l03b_landuse_by_watershed_amami,https://nlftp.mlit.go.jp/ksj/gml/datalist/KsjTmplt-L03-b.html#L03-b-06,2006,89599-0010,89599,名音川,7,建物用地,3,0.03396
nlni_l03b_landuse_by_watershed_amami,https://nlftp.mlit.go.jp/ksj/gml/datalist/KsjTmplt-L03-b.html#L03-b-06,2006,89599-0010,89599,名音川,A,その他の用地,5,0.056607
nlni_l03b_landuse_by_watershed_amami,https://nlftp.mlit.go.jp/ksj/gml/datalist/KsjTmplt-L03-b.html#L03-b-06,2006,89599-0011,89599,大良川,2,その他の農用地,25,0.283077
nlni_l03b_landuse_by_watershed_amami,https://nlftp.mlit.go.jp/ksj/gml/datalist/KsjTmplt-L03-b.html#L03-b-06,2006,89599-0011,89599,大良川,5,森林,617,6.986504
nlni_l03b_landuse_by_watershed_amami,https://nlftp.mlit.go.jp/ksj/gml/datalist/KsjTmplt-L03-b.html#L03-b-06,2006,89599-0011,89599,大良川,6,荒地,99,1.120915
nlni_l03b_landuse_by_watershed_amami,https://nlftp.mlit.go.jp/ksj/gml/datalist/KsjTmplt-L03-b.html#L03-b-06,2006,89599-0011,89599,大良川,9,幹線交通用地,3,0.033969
nlni_l03b_landuse_by_watershed_amami,https://nlftp.mlit.go.jp/ksj/gml/datalist/KsjTmplt-L03-b.html#L03-b-06,2006,89599-0012,89599,,2,その他の農用地,66,0.74755
nlni_l03b_landuse_by_watershed_amami,https://nlftp.mlit.go.jp/ksj/gml/datalist/KsjTmplt-L03-b.html#L03-b-06,2006,89599-0012,89599,,5,森林,3683,41.718287
nlni_l03b_landuse_by_watershed_amami,https://nlftp.mlit.go.jp/ksj/gml/datalist/KsjTmplt-L03-b.html#L03-b-06,2006,89599-0012,89599,,6,荒地,58,0.656943
nlni_l03b_landuse_by_watershed_amami,https://nlftp.mlit.go.jp/ksj/gml/datalist/KsjTmplt-L03-b.html#L03-b-06,2006,89599-0012,89599,,7,建物用地,5,0.056632
nlni_l03b_landuse_by_watershed_amami,https://nlftp.mlit.go.jp/ksj/gml/datalist/KsjTmplt-L03-b.html#L03-b-06,2006,89599-0012,89599,,9,幹線交通用地,9,0.101936
nlni_l03b_landuse_by_watershed_amami,https://nlftp.mlit.go.jp/ksj/gml/datalist/KsjTmplt-L03-b.html#L03-b-06,2006,89599-0012,89599,,A,その他の用地,20,0.226522
nlni_l03b_landuse_by_watershed_amami,https://nlftp.mlit.go.jp/ksj/gml/datalist/KsjTmplt-L03-b.html#L03-b-06,2006,89599-0012,89599,,B,河川地及び湖沼,11,0.12459
nlni_l03b_landuse_by_watershed_amami,https://nlftp.mlit.go.jp/ksj/gml/datalist/KsjTmplt-L03-b.html#L03-b-06,2006,89599-0013,89599,阿木名川,2,その他の農用地,42,0.476147
nlni_l03b_landuse_by_watershed_amami,https://nlftp.mlit.go.jp/ksj/gml/datalist/KsjTmplt-L03-b.html#L03-b-06,2006,89599-0013,89599,阿木名川,5,森林,1001,11.34696
nlni_l03b_landuse_by_watershed_amami,https://nlftp.mlit.go.jp/ksj/gml/datalist/KsjTmplt-L03-b.html#L03-b-06,2006,89599-0013,89599,阿木名川,6,荒地,19,0.215401
nlni_l03b_landuse_by_watershed_amami,https://nlftp.mlit.go.jp/ksj/gml/datalist/KsjTmplt-L03-b.html#L03-b-06,2006,89599-0013,89599,阿木名川,7,建物用地,14,0.15872
nlni_l03b_landuse_by_watershed_amami,https://nlftp.mlit.go.jp/ksj/gml/datalist/KsjTmplt-L03-b.html#L03-b-06,2006,89599-0013,89599,阿木名川,G,ゴルフ場,1,0.011337
nlni_l03b_landuse_by_watershed_amami,https://nlftp.mlit.go.jp/ksj/gml/datalist/KsjTmplt-L03-b.html#L03-b-06,2006,89599-0014,89599,嘉徳川,2,その他の農用地,4,0.045339
nlni_l03b_landuse_by_watershed_amami,https://nlftp.mlit.go.jp/ksj/gml/datalist/KsjTmplt-L03-b.html#L03-b-06,2006,89599-0014,89599,嘉徳川,5,森林,989,11.209427
nlni_l03b_landuse_by_watershed_amami,https://nlftp.mlit.go.jp/ksj/gml/datalist/KsjTmplt-L03-b.html#L03-b-06,2006,89599-0014,89599,嘉徳川,6,荒地,14,0.158682
nlni_l03b_landuse_by_watershed_amami,https://nlftp.mlit.go.jp/ksj/gml/datalist/KsjTmplt-L03-b.html#L03-b-06,2006,89599-0014,89599,嘉徳川,7,建物用地,1,0.011336
nlni_l03b_landuse_by_watershed_amami,https://nlftp.mlit.go.jp/ksj/gml/datalist/KsjTmplt-L03-b.html#L03-b-06,2006,89599-0014,89599,嘉徳川,E,海浜,2,0.02267
nlni_l03b_landuse_by_watershed_amami,https://nlftp.mlit.go.jp/ksj/gml/datalist/KsjTmplt-L03-b.html#L03-b-06,2006,89599-0015,89599,役勝川,2,その他の農用地,46,0.521112
nlni_l03b_landuse_by_watershed_amami,https://nlftp.mlit.go.jp/ksj/gml/datalist/KsjTmplt-L03-b.html#L03-b-06,2006,89599-0015,89599,役勝川,5,森林,3874,43.896667
nlni_l03b_landuse_by_watershed_amami,https://nlftp.mlit.go.jp/ksj/gml/datalist/KsjTmplt-L03-b.html#L03-b-06,2006,89599-0015,89599,役勝川,6,荒地,20,0.226568
nlni_l03b_landuse_by_watershed_amami,https://nlftp.mlit.go.jp/ksj/gml/datalist/KsjTmplt-L03-b.html#L03-b-06,2006,89599-0015,89599,役勝川,7,建物用地,6,0.067974
nlni_l03b_landuse_by_watershed_amami,https://nlftp.mlit.go.jp/ksj/gml/datalist/KsjTmplt-L03-b.html#L03-b-06,2006,89599-0015,89599,役勝川,9,幹線交通用地,6,0.067987
nlni_l03b_landuse_by_watershed_amami,https://nlftp.mlit.go.jp/ksj/gml/datalist/KsjTmplt-L03-b.html#L03-b-06,2006,89599-0015,89599,役勝川,A,その他の用地,3,0.033985
nlni_l03b_landuse_by_watershed_amami,https://nlftp.mlit.go.jp/ksj/gml/datalist/KsjTmplt-L03-b.html#L03-b-06,2006,89599-0015,89599,役勝川,B,河川地及び湖沼,9,0.101955
nlni_l03b_landuse_by_watershed_amami,https://nlftp.mlit.go.jp/ksj/gml/datalist/KsjTmplt-L03-b.html#L03-b-06,2006,89599-0016,89599,,2,その他の農用地,54,0.6116
nlni_l03b_landuse_by_watershed_amami,https://nlftp.mlit.go.jp/ksj/gml/datalist/KsjTmplt-L03-b.html#L03-b-06,2006,89599-0016,89599,,5,森林,3908,44.253582
nlni_l03b_landuse_by_watershed_amami,https://nlftp.mlit.go.jp/ksj/gml/datalist/KsjTmplt-L03-b.html#L03-b-06,2006,89599-0016,89599,,6,荒地,184,2.083211
nlni_l03b_landuse_by_watershed_amami,https://nlftp.mlit.go.jp/ksj/gml/datalist/KsjTmplt-L03-b.html#L03-b-06,2006,89599-0016,89599,,7,建物用地,8,0.090616
nlni_l03b_landuse_by_watershed_amami,https://nlftp.mlit.go.jp/ksj/gml/datalist/KsjTmplt-L03-b.html#L03-b-06,2006,89599-0016,89599,,9,幹線交通用地,11,0.124574
nlni_l03b_landuse_by_watershed_amami,https://nlftp.mlit.go.jp/ksj/gml/datalist/KsjTmplt-L03-b.html#L03-b-06,2006,89599-0016,89599,,A,その他の用地,18,0.203832
nlni_l03b_landuse_by_watershed_amami,https://nlftp.mlit.go.jp/ksj/gml/datalist/KsjTmplt-L03-b.html#L03-b-06,2006,89599-0016,89599,,B,河川地及び湖沼,12,0.135926
nlni_l03b_landuse_by_watershed_amami,https://nlftp.mlit.go.jp/ksj/gml/datalist/KsjTmplt-L03-b.html#L03-b-06,2006,89599-0017,89599,,1,田,5,0.056615
nlni_l03b_landuse_by_watershed_amami,https://nlftp.mlit.go.jp/ksj/gml/datalist/KsjTmplt-L03-b.html#L03-b-06,2006,89599-0017,89599,,2,その他の農用地,82,0.928544
nlni_l03b_landuse_by_watershed_amami,https://nlftp.mlit.go.jp/ksj/gml/datalist/KsjTmplt-L03-b.html#L03-b-06,2006,89599-0017,89599,,5,森林,2375,26.888976
nlni_l03b_landuse_by_watershed_amami,https://nlftp.mlit.go.jp/ksj/gml/datalist/KsjTmplt-L03-b.html#L03-b-06,2006,89599-0017,89599,,6,荒地,1,0.011323
nlni_l03b_landuse_by_watershed_amami,https://nlftp.mlit.go.jp/ksj/gml/datalist/KsjTmplt-L03-b.html#L03-b-06,2006,89599-0017,89599,,7,建物用地,7,0.079263
nlni_l03b_landuse_by_watershed_amami,https://nlftp.mlit.go.jp/ksj/gml/datalist/KsjTmplt-L03-b.html#L03-b-06,2006,89599-0017,89599,,9,幹線交通用地,1,0.011325
nlni_l03b_landuse_by_watershed_amami,https://nlftp.mlit.go.jp/ksj/gml/datalist/KsjTmplt-L03-b.html#L03-b-06,2006,89599-0017,89599,,A,その他の用地,4,0.045296
nlni_l03b_landuse_by_watershed_amami,https://nlftp.mlit.go.jp/ksj/gml/datalist/KsjTmplt-L03-b.html#L03-b-06,2006,89599-0017,89599,,B,河川地及び湖沼,16,0.181179
nlni_l03b_landuse_by_watershed_amami,https://nlftp.mlit.go.jp/ksj/gml/datalist/KsjTmplt-L03-b.html#L03-b-06,2006,89599-0018,89599,金久田川,1,田,3,0.033971
nlni_l03b_landuse_by_watershed_amami,https://nlftp.mlit.go.jp/ksj/gml/datalist/KsjTmplt-L03-b.html#L03-b-06,2006,89599-0018,89599,金久田川,2,その他の農用地,14,0.158529
nlni_l03b_landuse_by_watershed_amami,https://nlftp.mlit.go.jp/ksj/gml/datalist/KsjTmplt-L03-b.html#L03-b-06,2006,89599-0018,89599,金久田川,5,森林,723,8.185646
nlni_l03b_landuse_by_watershed_amami,https://nlftp.mlit.go.jp/ksj/gml/datalist/KsjTmplt-L03-b.html#L03-b-06,2006,89599-0018,89599,金久田川,7,建物用地,1,0.011324
nlni_l03b_landuse_by_watershed_amami,https://nlftp.mlit.go.jp/ksj/gml/datalist/KsjTmplt-L03-b.html#L03-b-06,2006,89599-0019,89599,大川,1,田,64,0.72454
nlni_l03b_landuse_by_watershed_amami,https://nlftp.mlit.go.jp/ksj/gml/datalist/KsjTmplt-L03-b.html#L03-b-06,2006,89599-0019,89599,大川,2,その他の農用地,97,1.098097
nlni_l03b_landuse_by_watershed_amami,https://nlftp.mlit.go.jp/ksj/gml/datalist/KsjTmplt-L03-b.html#L03-b-06,2006,89599-0019,89599,大川,5,森林,2616,29.612715
nlni_l03b_landuse_by_watershed_amami,https://nlftp.mlit.go.jp/ksj/gml/datalist/KsjTmplt-L03-b.html#L03-b-06,2006,89599-0019,89599,大川,6,荒地,47,0.532025
nlni_l03b_landuse_by_watershed_amami,https://nlftp.mlit.go.jp/ksj/gml/datalist/KsjTmplt-L03-b.html#L03-b-06,2006,89599-0019,89599,大川,7,建物用地,25,0.283016
nlni_l03b_landuse_by_watershed_amami,https://nlftp.mlit.go.jp/ksj/gml/datalist/KsjTmplt-L03-b.html#L03-b-06,2006,89599-0019,89599,大川,9,幹線交通用地,12,0.135845
nlni_l03b_landuse_by_watershed_amami,https://nlftp.mlit.go.jp/ksj/gml/datalist/KsjTmplt-L03-b.html#L03-b-06,2006,89599-0019,89599,大川,A,その他の用地,3,0.033961
nlni_l03b_landuse_by_watershed_amami,https://nlftp.mlit.go.jp/ksj/gml/datalist/KsjTmplt-L03-b.html#L03-b-06,2006,89599-0019,89599,大川,B,河川地及び湖沼,19,0.215075
nlni_l03b_landuse_by_watershed_amami,https://nlftp.mlit.go.jp/ksj/gml/datalist/KsjTmplt-L03-b.html#L03-b-06,2006,89599-0020,89599,大美川,2,その他の農用地,35,0.396047
nlni_l03b_landuse_by_watershed_amami,https://nlftp.mlit.go.jp/ksj/gml/datalist/KsjTmplt-L03-b.html#L03-b-06,2006,89599-0020,89599,大美川,5,森林,123,1.391808
nlni_l03b_landuse_by_watershed_amami,https://nlftp.mlit.go.jp/ksj/gml/datalist/KsjTmplt-L03-b.html#L03-b-06,2006,89599-0020,89599,大美川,6,荒地,2,0.022631
nlni_l03b_landuse_by_watershed_amami,https://nlftp.mlit.go.jp/ksj/gml/datalist/KsjTmplt-L03-b.html#L03-b-06,2006,89599-0020,89599,大美川,7,建物用地,4,0.045264
nlni_l03b_landuse_by_watershed_amami,https://nlftp.mlit.go.jp/ksj/gml/datalist/KsjTmplt-L03-b.html#L03-b-06,2006,89599-0020,89599,大美川,9,幹線交通用地,1,0.011315
nlni_l03b_landuse_by_watershed_amami,https://nlftp.mlit.go.jp/ksj/gml/datalist/KsjTmplt-L03-b.html#L03-b-06,2006,89599-0020,89599,大美川,B,河川地及び湖沼,9,0.101842
nlni_l03b_landuse_by_watershed_amami,https://nlftp.mlit.go.jp/ksj/gml/datalist/KsjTmplt-L03-b.html#L03-b-06,2006,89599-0021,89599,大美川,2,その他の農用地,11,0.124483
nlni_l03b_landuse_by_watershed_amami,https://nlftp.mlit.go.jp/ksj/gml/datalist/KsjTmplt-L03-b.html#L03-b-06,2006,89599-0021,89599,大美川,5,森林,116,1.312728
nlni_l03b_landuse_by_watershed_amami,https://nlftp.mlit.go.jp/ksj/gml/datalist/KsjTmplt-L03-b.html#L03-b-06,2006,89599-0021,89599,大美川,6,荒地,5,0.056584
nlni_l03b_landuse_by_watershed_amami,https://nlftp.mlit.go.jp/ksj/gml/datalist/KsjTmplt-L03-b.html#L03-b-06,2006,89599-0021,89599,大美川,7,建物用地,10,0.113165
nlni_l03b_landuse_by_watershed_amami,https://nlftp.mlit.go.jp/ksj/gml/datalist/KsjTmplt-L03-b.html#L03-b-06,2006,89599-0021,89599,大美川,A,その他の用地,1,0.011316
nlni_l03b_landuse_by_watershed_amami,https://nlftp.mlit.go.jp/ksj/gml/datalist/KsjTmplt-L03-b.html#L03-b-06,2006,89599-0022,89599,大美川,2,その他の農用地,9,0.101862
nlni_l03b_landuse_by_watershed_amami,https://nlftp.mlit.go.jp/ksj/gml/datalist/KsjTmplt-L03-b.html#L03-b-06,2006,89599-0022,89599,大美川,5,森林,372,4.210369
nlni_l03b_landuse_by_watershed_amami,https://nlftp.mlit.go.jp/ksj/gml/datalist/KsjTmplt-L03-b.html#L03-b-06,2006,89599-0022,89599,大美川,6,荒地,6,0.067911
nlni_l03b_landuse_by_watershed_amami,https://nlftp.mlit.go.jp/ksj/gml/datalist/KsjTmplt-L03-b.html#L03-b-06,2006,89599-0023,89599,大美川,5,森林,306,3.463148
nlni_l03b_landuse_by_watershed_amami,https://nlftp.mlit.go.jp/ksj/gml/datalist/KsjTmplt-L03-b.html#L03-b-06,2006,89599-0023,89599,大美川,6,荒地,18,0.203711
nlni_l03b_landuse_by_watershed_amami,https://nlftp.mlit.go.jp/ksj/gml/datalist/KsjTmplt-L03-b.html#L03-b-06,2006,89599-0023,89599,大美川,A,その他の用地,1,0.011317
nlni_l03b_landuse_by_watershed_amami,https://nlftp.mlit.go.jp/ksj/gml/datalist/KsjTmplt-L03-b.html#L03-b-06,2006,89599-0024,89599,大美川,2,その他の農用地,51,0.577082
nlni_l03b_landuse_by_watershed_amami,https://nlftp.mlit.go.jp/ksj/gml/datalist/KsjTmplt-L03-b.html#L03-b-06,2006,89599-0024,89599,大美川,5,森林,630,7.129078
nlni_l03b_landuse_by_watershed_amami,https://nlftp.mlit.go.jp/ksj/gml/datalist/KsjTmplt-L03-b.html#L03-b-06,2006,89599-0024,89599,大美川,6,荒地,92,1.041033
nlni_l03b_landuse_by_watershed_amami,https://nlftp.mlit.go.jp/ksj/gml/datalist/KsjTmplt-L03-b.html#L03-b-06,2006,89599-0024,89599,大美川,7,建物用地,7,0.079203
nlni_l03b_landuse_by_watershed_amami,https://nlftp.mlit.go.jp/ksj/gml/datalist/KsjTmplt-L03-b.html#L03-b-06,2006,89599-0024,89599,大美川,9,幹線交通用地,1,0.011316
nlni_l03b_landuse_by_watershed_amami,https://nlftp.mlit.go.jp/ksj/gml/datalist/KsjTmplt-L03-b.html#L03-b-06,2006,89599-0024,89599,大美川,A,その他の用地,7,0.079208
nlni_l03b_landuse_by_watershed_amami,https://nlftp.mlit.go.jp/ksj/gml/datalist/KsjTmplt-L03-b.html#L03-b-06,2006,89599-0024,89599,大美川,B,河川地及び湖沼,4,0.045259
nlni_l03b_landuse_by_watershed_amami,https://nlftp.mlit.go.jp/ksj/gml/datalist/KsjTmplt-L03-b.html#L03-b-06,2006,89599-0025,89599,大美川,1,田,6,0.067881
nlni_l03b_landuse_by_watershed_amami,https://nlftp.mlit.go.jp/ksj/gml/datalist/KsjTmplt-L03-b.html#L03-b-06,2006,89599-0025,89599,大美川,2,その他の農用地,107,1.210586
nlni_l03b_landuse_by_watershed_amami,https://nlftp.mlit.go.jp/ksj/gml/datalist/KsjTmplt-L03-b.html#L03-b-06,2006,89599-0025,89599,大美川,5,森林,496,5.61169
nlni_l03b_landuse_by_watershed_amami,https://nlftp.mlit.go.jp/ksj/gml/datalist/KsjTmplt-L03-b.html#L03-b-06,2006,89599-0025,89599,大美川,6,荒地,68,0.769347
nlni_l03b_landuse_by_watershed_amami,https://nlftp.mlit.go.jp/ksj/gml/datalist/KsjTmplt-L03-b.html#L03-b-06,2006,89599-0025,89599,大美川,7,建物用地,15,0.169706
nlni_l03b_landuse_by_watershed_amami,https://nlftp.mlit.go.jp/ksj/gml/datalist/KsjTmplt-L03-b.html#L03-b-06,2006,89599-0025,89599,大美川,A,その他の用地,5,0.056569
nlni_l03b_landuse_by_watershed_amami,https://nlftp.mlit.go.jp/ksj/gml/datalist/KsjTmplt-L03-b.html#L03-b-06,2006,89599-0025,89599,大美川,B,河川地及び湖沼,2,0.022629
