lat,lon,region_id,summit_m,elevation_m,relief_wide_m,relief_near_m,floor_min_m,coast_dist_m,params_digest
28.143333,129.315000,jp-46,694.00,0.08,188.41,14.70,0.00,0.0,133bfa3b51f6
28.342500,129.484167,jp-46,694.00,48.47,311.23,159.09,9.82,4427.1,133bfa3b51f6
28.379722,129.498333,jp-46,694.00,7.83,250.91,97.25,0.00,239.9,133bfa3b51f6
28.379722,129.498889,jp-46,694.00,11.42,251.39,117.21,0.00,255.5,133bfa3b51f6
28.381667,129.494444,jp-46,694.00,0.50,171.21,30.44,0.00,3.1,133bfa3b51f6
28.385000,129.493333,jp-46,694.00,4.99,212.47,88.65,0.00,36.6,133bfa3b51f6
28.397778,129.524722,jp-46,694.00,9.50,221.75,137.54,0.00,298.2,133bfa3b51f6
28.399167,129.525278,jp-46,694.00,8.05,232.62,101.75,0.00,256.8,133bfa3b51f6
28.430000,129.711667,jp-46,694.00,3.46,27.45,3.87,0.00,196.6,133bfa3b51f6
35.141389,139.110278,jp-14,1673.00,8.79,184.20,108.51,0.01,143.4,133bfa3b51f6
35.141667,139.110833,jp-14,1673.00,6.53,173.45,84.54,0.01,102.1,133bfa3b51f6
35.146667,139.116111,jp-14,1673.00,1.67,108.50,34.43,0.01,17.9,133bfa3b51f6
35.147222,139.116111,jp-14,1673.00,6.01,121.68,39.25,0.01,70.7,133bfa3b51f6
35.178333,139.630000,jp-14,1673.00,32.17,67.11,22.61,0.00,972.1,133bfa3b51f6
35.198889,139.009722,jp-14,1673.00,724.50,165.97,0.00,724.50,11251.7,133bfa3b51f6
35.201667,139.019444,jp-14,1673.00,724.50,146.47,0.00,724.50,10689.3,133bfa3b51f6
35.210833,139.003333,jp-14,1673.00,724.50,166.64,0.00,724.50,12318.8,133bfa3b51f6
35.211389,139.002500,jp-14,1673.00,724.50,170.65,0.00,724.50,12400.6,133bfa3b51f6
35.220000,139.000000,jp-14,1673.00,724.50,264.90,69.62,724.50,12762.2,133bfa3b51f6
35.220000,139.630000,jp-14,1673.00,4.98,47.50,22.92,0.00,463.0,133bfa3b51f6
35.220000,139.660000,jp-14,1673.00,163.03,175.81,122.34,9.31,2528.3,133bfa3b51f6
35.220833,139.624167,jp-14,1673.00,2.10,56.11,11.80,0.00,233.2,133bfa3b51f6
35.221667,139.041667,jp-14,1673.00,856.00,464.62,141.45,427.46,9105.3,133bfa3b51f6
35.231389,139.705556,jp-14,1673.00,6.57,79.35,8.51,0.00,1013.8,133bfa3b51f6
35.232778,139.097222,jp-14,1673.00,119.48,456.54,162.89,60.36,4146.2,133bfa3b51f6
35.232778,139.098056,jp-14,1673.00,115.71,459.13,153.03,59.43,4071.9,133bfa3b51f6
35.234722,138.990000,jp-14,1673.00,724.50,234.55,0.00,680.49,13842.8,133bfa3b51f6
35.242500,139.147500,jp-14,1673.00,8.46,109.04,12.20,0.00,192.0,133bfa3b51f6
35.242806,139.147361,jp-14,1673.00,9.01,109.66,13.91,0.00,227.3,133bfa3b51f6
35.255833,139.170278,jp-14,1673.00,5.63,10.13,6.71,0.00,223.8,133bfa3b51f6
35.256111,139.170278,jp-14,1673.00,5.90,10.20,6.19,0.00,249.3,133bfa3b51f6
35.261111,139.580556,jp-14,1673.00,8.41,145.88,18.23,0.00,301.7,133bfa3b51f6
35.261389,139.580278,jp-14,1673.00,6.39,145.88,16.01,0.00,294.7,133bfa3b51f6
35.263333,139.181389,jp-14,1673.00,6.22,10.50,3.17,0.00,436.2,133bfa3b51f6
35.268333,139.157222,jp-14,1673.00,12.74,40.24,4.79,1.98,2038.8,133bfa3b51f6
35.273056,139.168056,jp-14,1673.00,10.11,26.72,5.78,3.01,2015.1,133bfa3b51f6
35.273611,139.572222,jp-14,1673.00,4.10,145.88,15.80,0.00,121.3,133bfa3b51f6
35.273722,139.166889,jp-14,1673.00,9.80,26.72,4.80,5.00,2130.9,133bfa3b51f6
35.276667,139.155000,jp-14,1673.00,14.87,58.93,29.03,5.04,2911.4,133bfa3b51f6
35.278333,139.205000,jp-14,1673.00,8.13,87.34,12.23,0.00,243.4,133bfa3b51f6
35.278472,139.205222,jp-14,1673.00,8.16,87.34,12.69,0.00,247.4,133bfa3b51f6
35.279611,139.155306,jp-14,1673.00,11.76,56.39,4.28,5.04,3179.6,133bfa3b51f6
35.279722,139.155833,jp-14,1673.00,12.63,55.23,4.50,5.04,3168.2,133bfa3b51f6
35.285861,139.180889,jp-14,1673.00,15.70,10.66,3.90,5.24,2374.8,133bfa3b51f6
35.286389,139.181111,jp-14,1673.00,15.65,16.12,3.63,6.26,2404.7,133bfa3b51f6
35.287778,139.574167,jp-14,1673.00,1.74,122.81,42.77,0.00,52.9,133bfa3b51f6
35.290000,139.237222,jp-14,1673.00,9.74,87.10,22.76,0.10,253.3,133bfa3b51f6
35.298333,139.480000,jp-14,1673.00,53.96,60.28,60.28,0.00,68.0,133bfa3b51f6
35.302222,139.289722,jp-14,1673.00,11.65,75.45,29.19,0.02,100.9,133bfa3b51f6
35.302778,139.286667,jp-14,1673.00,9.03,75.45,15.89,0.02,220.1,133bfa3b51f6
35.308333,139.492778,jp-14,1673.00,4.64,55.84,30.16,0.00,142.2,133bfa3b51f6
35.308333,139.493056,jp-14,1673.00,4.78,55.84,30.62,0.00,153.9,133bfa3b51f6
35.308611,139.546111,jp-14,1673.00,3.96,61.47,8.07,0.00,102.7,133bfa3b51f6
35.309167,139.545833,jp-14,1673.00,5.63,61.81,8.85,0.00,137.9,133bfa3b51f6
35.310000,139.220000,jp-14,1673.00,48.20,140.09,49.69,9.87,2912.1,133bfa3b51f6
35.310000,139.580000,jp-14,1673.00,56.08,99.99,50.98,0.87,2028.4,133bfa3b51f6
35.310000,139.610000,jp-14,1673.00,61.43,122.17,83.53,2.03,2212.9,133bfa3b51f6
35.312222,139.149722,jp-14,1673.00,26.51,10.18,3.70,18.31,6433.9,133bfa3b51f6
35.312250,139.149667,jp-14,1673.00,26.51,10.23,3.70,18.31,6439.7,133bfa3b51f6
35.320000,139.450000,jp-14,1673.00,5.18,15.97,7.55,0.00,195.0,133bfa3b51f6
35.322222,139.631667,jp-14,1673.00,1.18,55.72,7.54,0.00,824.9,133bfa3b51f6
35.322500,139.486389,jp-14,1673.00,6.25,61.36,22.68,0.00,1505.4,133bfa3b51f6
35.323611,139.329167,jp-14,1673.00,5.38,161.18,4.57,0.00,1249.5,133bfa3b51f6
35.323611,139.329444,jp-14,1673.00,5.23,161.25,4.01,0.00,1245.1,133bfa3b51f6
35.323611,139.375833,jp-14,1673.00,3.13,7.25,3.40,0.00,821.2,133bfa3b51f6
35.325000,139.486389,jp-14,1673.00,9.74,61.36,6.66,0.00,1721.2,133bfa3b51f6
35.325764,139.377708,jp-14,1673.00,1.76,4.71,3.25,0.00,1101.0,133bfa3b51f6
35.326111,139.628889,jp-14,1673.00,0.97,55.27,10.15,0.00,675.7,133bfa3b51f6
35.329722,139.626667,jp-14,1673.00,,,,,661.0,133bfa3b51f6
35.330000,139.530000,jp-14,1673.00,53.35,102.51,44.58,5.54,2395.1,133bfa3b51f6
35.332222,139.368056,jp-14,1673.00,3.20,3.73,1.24,0.03,1781.2,133bfa3b51f6
35.332500,139.623611,jp-14,1673.00,4.15,64.31,19.89,0.00,918.9,133bfa3b51f6
35.334444,139.468889,jp-14,1673.00,4.05,13.33,8.59,3.26,2085.9,133bfa3b51f6
35.336667,139.496667,jp-14,1673.00,10.58,58.34,11.46,4.92,3251.0,133bfa3b51f6
35.337222,139.493333,jp-14,1673.00,10.66,60.80,8.81,4.91,3190.8,133bfa3b51f6
35.340000,139.137500,jp-14,1673.00,48.32,44.75,12.37,31.10,9400.1,133bfa3b51f6
35.340000,139.590000,jp-14,1673.00,89.76,146.02,92.70,5.08,4024.0,133bfa3b51f6
35.341667,139.141944,jp-14,1673.00,59.83,115.44,9.91,31.71,9281.2,133bfa3b51f6
35.342222,139.132222,jp-14,1673.00,48.30,86.87,6.71,32.24,9903.3,133bfa3b51f6
35.342715,139.388180,jp-14,1673.00,3.56,3.05,0.90,1.84,2889.7,133bfa3b51f6
35.343056,139.323889,jp-14,1673.00,8.22,11.22,2.48,3.46,3451.3,133bfa3b51f6
35.343333,139.132778,jp-14,1673.00,48.52,141.38,10.90,32.49,9960.4,133bfa3b51f6
35.343889,139.322778,jp-14,1673.00,7.65,11.22,2.66,3.46,3563.2,133bfa3b51f6
35.344028,139.323389,jp-14,1673.00,7.74,11.22,2.88,3.46,3565.9,133bfa3b51f6
35.344917,139.323028,jp-14,1673.00,6.95,11.22,2.39,3.46,3668.9,133bfa3b51f6
35.345000,139.305000,jp-14,1673.00,9.80,67.19,18.98,3.71,4157.7,133bfa3b51f6
35.358816,139.388351,jp-14,1673.00,5.00,9.07,1.19,2.29,4662.5,133bfa3b51f6
35.359167,139.013056,jp-14,1673.00,209.70,299.20,90.22,163.30,17915.6,133bfa3b51f6
35.360000,139.220000,jp-14,1673.00,171.54,104.82,53.44,67.99,7899.2,133bfa3b51f6
35.360000,139.460000,jp-14,1673.00,44.19,43.75,35.59,5.00,4698.4,133bfa3b51f6
35.360000,139.580000,jp-14,1673.00,73.02,110.16,70.07,18.85,5159.8,133bfa3b51f6
35.360000,139.590000,jp-14,1673.00,66.13,129.27,95.60,8.84,4408.3,133bfa3b51f6
35.360556,139.528611,jp-14,1673.00,11.61,71.25,25.41,9.43,5733.1,133bfa3b51f6
35.363056,139.246111,jp-14,1673.00,59.54,198.95,33.82,28.63,7557.9,133bfa3b51f6
35.364722,139.534167,jp-14,1673.00,13.08,53.07,28.87,9.80,6134.4,133bfa3b51f6
35.366111,139.374444,jp-14,1673.00,6.00,7.92,1.20,2.29,5486.9,133bfa3b51f6
35.366389,139.373889,jp-14,1673.00,6.11,7.95,1.73,2.29,5516.8,133bfa3b51f6
35.370556,139.031944,jp-14,1673.00,167.24,320.66,89.72,131.39,17789.6,133bfa3b51f6
35.371389,139.031667,jp-14,1673.00,176.53,327.82,91.86,134.98,17878.7,133bfa3b51f6
35.371944,139.454444,jp-14,1673.00,9.40,39.87,21.04,5.21,5938.3,133bfa3b51f6
35.376667,139.370556,jp-14,1673.00,9.59,5.96,4.88,2.29,6655.1,133bfa3b51f6
35.378833,139.385948,jp-14,1673.00,9.58,20.06,6.32,3.77,6884.9,133bfa3b51f6
35.380000,139.220000,jp-14,1673.00,131.99,80.63,36.47,72.80,9980.0,133bfa3b51f6
35.380000,139.550000,jp-14,1673.00,63.62,79.43,55.11,11.20,6767.4,133bfa3b51f6
35.380833,139.458333,jp-14,1673.00,13.66,31.29,13.47,5.21,6958.0,133bfa3b51f6
35.397222,139.377500,jp-14,1673.00,10.33,10.39,2.69,5.12,8933.2,133bfa3b51f6
35.399722,139.375833,jp-14,1673.00,10.50,9.87,1.72,5.12,9204.2,133bfa3b51f6
35.400278,139.535833,jp-14,1673.00,15.70,48.98,0.90,11.12,7854.3,133bfa3b51f6
35.400556,139.535556,jp-14,1673.00,15.80,48.98,1.00,11.12,7881.6,133bfa3b51f6
35.407222,139.454722,jp-14,1673.00,25.97,18.56,12.92,20.57,9815.5,133bfa3b51f6
35.407222,139.455000,jp-14,1673.00,24.50,18.56,12.76,20.55,9818.3,133bfa3b51f6
35.410000,139.043333,jp-14,1673.00,290.26,401.29,112.03,189.46,20798.6,133bfa3b51f6
35.410278,139.041667,jp-14,1673.00,339.25,452.32,96.73,189.46,20908.9,133bfa3b51f6
35.410278,139.365000,jp-14,1673.00,15.02,7.50,5.94,9.04,10390.9,133bfa3b51f6
35.410361,139.364500,jp-14,1673.00,12.29,7.50,5.53,9.24,10403.0,133bfa3b51f6
35.411944,139.004722,jp-14,1673.00,356.28,471.70,129.56,325.00,22952.0,133bfa3b51f6
35.412500,139.045833,jp-14,1673.00,325.00,338.29,29.02,196.38,20903.5,133bfa3b51f6
35.412778,139.058333,jp-14,1673.00,325.00,359.54,102.31,206.45,20189.8,133bfa3b51f6
35.413056,139.033889,jp-14,1673.00,325.00,567.04,104.04,197.84,21564.3,133bfa3b51f6
35.413056,139.448889,jp-14,1673.00,27.53,17.93,14.99,22.04,10414.7,133bfa3b51f6
35.415000,139.038889,jp-14,1673.00,325.53,430.78,164.75,204.31,21482.5,133bfa3b51f6
35.416944,139.477500,jp-14,1673.00,26.90,18.60,7.24,21.08,11163.6,133bfa3b51f6
35.416944,139.478056,jp-14,1673.00,28.10,18.73,9.26,21.08,11172.3,133bfa3b51f6
35.417222,139.045556,jp-14,1673.00,325.00,406.31,78.15,207.40,21334.5,133bfa3b51f6
35.424444,139.069444,jp-14,1673.00,355.50,549.13,165.03,325.00,20547.3,133bfa3b51f6
35.426111,139.460556,jp-14,1673.00,29.33,21.37,13.93,25.05,11950.1,133bfa3b51f6
35.430000,139.350000,jp-14,1673.00,33.09,52.49,31.77,11.05,12711.3,133bfa3b51f6
35.433333,139.386667,jp-14,1673.00,16.92,33.02,2.63,9.90,12842.1,133bfa3b51f6
35.433611,139.611111,jp-14,1673.00,7.33,53.11,4.10,2.50,2798.1,133bfa3b51f6
35.434167,139.611111,jp-14,1673.00,7.73,53.11,10.30,2.50,2810.7,133bfa3b51f6
35.434444,139.045556,jp-14,1673.00,335.19,417.49,146.82,325.00,22762.6,133bfa3b51f6
35.438333,139.445278,jp-14,1673.00,38.58,23.92,13.14,26.56,13194.8,133bfa3b51f6
35.438333,139.651667,jp-14,1673.00,21.89,42.49,34.20,0.00,564.8,133bfa3b51f6
35.443889,139.371667,jp-14,1673.00,15.84,11.51,9.67,9.90,14083.1,133bfa3b51f6
35.444444,139.370833,jp-14,1673.00,15.41,11.27,9.67,10.08,14145.2,133bfa3b51f6
35.450000,139.400000,jp-14,1673.00,52.02,46.83,33.08,15.23,14592.7,133bfa3b51f6
35.450556,139.365833,jp-14,1673.00,19.94,10.90,3.31,12.80,14833.2,133bfa3b51f6
35.451139,139.365750,jp-14,1673.00,19.76,10.88,2.62,12.99,14897.9,133bfa3b51f6
35.452500,139.366944,jp-14,1673.00,19.21,11.43,4.10,13.36,15044.0,133bfa3b51f6
35.452778,139.607500,jp-14,1673.00,4.49,51.79,3.34,1.26,2211.0,133bfa3b51f6
35.452917,139.367250,jp-14,1673.00,19.50,11.81,4.97,13.48,15089.1,133bfa3b51f6
35.453611,139.607222,jp-14,1673.00,4.40,50.28,2.02,1.26,2236.7,133bfa3b51f6
35.454444,139.456389,jp-14,1673.00,45.55,22.98,12.80,35.08,15026.3,133bfa3b51f6
35.455000,139.475278,jp-14,1673.00,44.33,24.17,14.88,36.77,14221.3,133bfa3b51f6
35.457594,139.391270,jp-14,1673.00,23.10,38.72,6.71,15.32,15470.8,133bfa3b51f6
35.457778,139.383056,jp-14,1673.00,21.16,14.03,3.40,14.99,15564.0,133bfa3b51f6
35.458056,139.457500,jp-14,1673.00,46.58,21.64,12.36,37.73,15432.7,133bfa3b51f6
35.459722,139.436389,jp-14,1673.00,50.93,33.29,13.37,38.30,15546.3,133bfa3b51f6
35.460000,139.210000,jp-14,1673.00,484.13,434.80,170.80,368.71,18737.4,133bfa3b51f6
35.470000,138.990000,jp-14,1673.00,1080.15,516.18,185.18,700.94,29007.3,133bfa3b51f6
35.470000,139.080000,jp-14,1673.00,903.05,853.41,304.58,467.57,24278.3,133bfa3b51f6
35.470000,139.100000,jp-14,1673.00,1270.16,620.62,225.90,772.95,23450.4,133bfa3b51f6
35.472778,139.394167,jp-14,1673.00,25.03,58.88,16.33,18.18,17129.3,133bfa3b51f6
35.473253,139.394188,jp-14,1673.00,25.32,58.69,16.02,18.26,17181.7,133bfa3b51f6
35.475278,139.630000,jp-14,1673.00,5.31,45.26,5.16,0.00,484.8,133bfa3b51f6
35.485000,139.649722,jp-14,1673.00,4.66,37.79,8.39,0.00,98.2,133bfa3b51f6
35.485833,139.648889,jp-14,1673.00,4.42,38.19,7.57,0.00,213.1,133bfa3b51f6
35.490000,139.400000,jp-14,1673.00,72.63,65.87,35.09,25.00,19013.2,133bfa3b51f6
35.490000,139.410000,jp-14,1673.00,71.03,44.64,16.20,26.27,18983.5,133bfa3b51f6
35.493056,139.391667,jp-14,1673.00,39.85,63.07,24.25,22.64,19380.0,133bfa3b51f6
35.500556,139.466944,jp-14,1673.00,60.34,21.01,11.85,52.87,15529.9,133bfa3b51f6
35.501667,139.677778,jp-14,1673.00,3.58,39.65,2.56,0.00,1172.2,133bfa3b51f6
35.503333,139.607222,jp-14,1673.00,13.73,40.81,5.44,5.01,3989.4,133bfa3b51f6
35.510000,139.510000,jp-14,1673.00,54.32,63.51,26.23,16.84,12034.8,133bfa3b51f6
35.512500,139.383056,jp-14,1673.00,46.83,79.58,19.85,25.03,21580.7,133bfa3b51f6
35.514722,139.608056,jp-14,1673.00,5.29,29.85,27.13,4.89,4852.2,133bfa3b51f6
35.517500,139.543611,jp-14,1673.00,12.90,35.69,15.49,8.11,9603.6,133bfa3b51f6
35.517500,139.602500,jp-14,1673.00,5.82,32.29,9.41,4.90,5413.1,133bfa3b51f6
35.518056,139.543611,jp-14,1673.00,13.17,35.69,18.88,8.11,9634.5,133bfa3b51f6
35.518611,139.551111,jp-14,1673.00,10.89,42.17,4.62,8.11,9086.9,133bfa3b51f6
35.518889,139.550833,jp-14,1673.00,11.00,43.02,5.26,8.11,9124.8,133bfa3b51f6
35.519233,139.396763,jp-14,1673.00,90.10,46.03,5.57,32.63,22198.8,133bfa3b51f6
35.519444,139.616667,jp-14,1673.00,5.22,30.05,1.31,4.89,4826.9,133bfa3b51f6
35.519667,139.366472,jp-14,1673.00,36.87,57.23,8.30,25.77,22466.6,133bfa3b51f6
35.520000,139.320000,jp-14,1673.00,98.95,179.07,134.65,48.24,22864.1,133bfa3b51f6
35.520000,139.520000,jp-14,1673.00,36.53,56.71,33.88,12.79,11627.5,133bfa3b51f6
35.523889,139.460556,jp-14,1673.00,78.93,26.79,11.41,42.95,16780.2,133bfa3b51f6
35.524444,139.367778,jp-14,1673.00,41.13,46.80,7.27,31.47,22991.8,133bfa3b51f6
35.530000,139.210000,jp-14,1673.00,388.14,210.41,168.49,273.08,26258.4,133bfa3b51f6
35.530833,139.230556,jp-14,1673.00,285.00,202.25,0.00,244.80,25770.5,133bfa3b51f6
35.533611,139.666389,jp-14,1673.00,5.20,44.49,6.40,2.23,4668.1,133bfa3b51f6
35.533889,139.634722,jp-14,1673.00,6.33,34.64,1.25,4.01,5670.7,133bfa3b51f6
35.536389,139.708056,jp-14,1673.00,4.31,4.06,2.96,-0.10,4868.3,133bfa3b51f6
35.538333,139.769722,jp-14,1673.00,3.30,5.85,1.20,0.00,2539.6,133bfa3b51f6
35.539444,139.113056,jp-14,1673.00,345.19,417.26,96.60,310.85,29956.5,133bfa3b51f6
35.540000,139.130000,jp-14,1673.00,467.04,509.87,147.09,260.38,29408.9,133bfa3b51f6
35.540000,139.490000,jp-14,1673.00,41.88,54.40,23.82,23.17,15066.3,133bfa3b51f6
35.540000,139.760000,jp-14,1673.00,2.50,7.41,1.59,0.00,2965.5,133bfa3b51f6
35.541944,139.654167,jp-14,1673.00,5.76,33.88,1.19,3.02,6004.2,133bfa3b51f6
35.542222,139.249333,jp-14,1673.00,247.67,413.47,192.88,117.46,26452.7,133bfa3b51f6
35.542222,139.625833,jp-14,1673.00,8.32,39.96,5.05,4.01,6785.2,133bfa3b51f6
35.542778,139.247222,jp-14,1673.00,285.00,407.24,154.77,119.28,26563.8,133bfa3b51f6
35.543056,139.741111,jp-14,1673.00,3.17,3.00,1.71,0.00,4087.7,133bfa3b51f6
35.543611,139.625556,jp-14,1673.00,7.57,39.99,5.70,4.01,6938.6,133bfa3b51f6
35.545357,139.371014,jp-14,1673.00,85.00,43.55,10.11,47.17,25242.4,133bfa3b51f6
35.545556,139.655556,jp-14,1673.00,6.18,33.88,1.69,3.90,6289.7,133bfa3b51f6
35.551667,139.650000,jp-14,1673.00,32.26,33.58,25.32,4.00,7124.3,133bfa3b51f6
35.553056,139.708333,jp-14,1673.00,4.80,2.50,0.70,2.00,6624.6,133bfa3b51f6
35.555556,139.656667,jp-14,1673.00,7.08,33.18,22.32,4.00,7243.2,133bfa3b51f6
35.556111,139.658056,jp-14,1673.00,6.90,33.08,22.50,4.00,7251.2,133bfa3b51f6
35.563333,139.678611,jp-14,1673.00,6.10,3.89,1.20,3.81,7564.1,133bfa3b51f6
35.570000,139.470000,jp-14,1673.00,91.17,65.33,45.49,32.65,18373.6,133bfa3b51f6
35.571667,139.370000,jp-14,1673.00,126.03,14.56,3.10,89.91,26389.5,133bfa3b51f6
35.571944,139.620278,jp-14,1673.00,10.01,42.19,26.86,7.50,10073.6,133bfa3b51f6
35.572222,139.618333,jp-14,1673.00,9.90,41.98,21.04,7.24,10152.0,133bfa3b51f6
35.573333,139.511667,jp-14,1673.00,25.00,57.10,3.05,20.09,15616.7,133bfa3b51f6
35.575833,139.508889,jp-14,1673.00,26.40,58.37,30.22,21.76,15989.0,133bfa3b51f6
35.576111,139.654167,jp-14,1673.00,7.68,5.43,1.21,5.00,9445.6,133bfa3b51f6
35.578611,139.501667,jp-14,1673.00,29.81,58.27,32.14,23.15,16683.5,133bfa3b51f6
35.582778,139.297778,jp-14,1673.00,70.58,214.74,39.53,59.90,29995.3,133bfa3b51f6
35.583889,139.225000,jp-14,1673.00,137.12,256.59,76.54,125.00,31494.5,133bfa3b51f6
35.584722,139.394722,jp-14,1673.00,106.10,44.72,17.81,70.30,25031.8,133bfa3b51f6
35.585833,139.283333,jp-14,1673.00,126.49,299.93,142.88,61.21,30522.0,133bfa3b51f6
35.586667,139.298889,jp-14,1673.00,70.00,141.77,71.31,61.21,30407.4,133bfa3b51f6
35.586944,139.549444,jp-14,1673.00,68.97,55.36,21.92,28.14,14429.5,133bfa3b51f6
35.587222,139.666944,jp-14,1673.00,7.03,35.00,17.88,5.00,10336.4,133bfa3b51f6
35.588056,139.273889,jp-14,1673.00,125.00,294.18,21.41,73.78,30906.6,133bfa3b51f6
35.588056,139.666944,jp-14,1673.00,8.87,35.00,19.09,5.00,10427.0,133bfa3b51f6
35.589444,139.523889,jp-14,1673.00,70.70,69.44,33.36,25.02,16100.1,133bfa3b51f6
35.593333,139.225556,jp-14,1673.00,127.38,128.63,53.16,125.00,32479.3,133bfa3b51f6
35.593333,139.226111,jp-14,1673.00,128.89,122.84,55.79,125.00,32465.0,133bfa3b51f6
35.594722,139.136111,jp-14,1673.00,189.00,310.29,170.16,165.98,34908.3,133bfa3b51f6
35.597778,139.242500,jp-14,1673.00,125.00,386.10,48.51,125.00,32552.6,133bfa3b51f6
35.598056,139.242500,jp-14,1673.00,125.00,386.10,48.21,125.00,32582.4,133bfa3b51f6
35.601944,139.230556,jp-14,1673.00,126.07,367.32,162.27,125.00,33270.2,133bfa3b51f6
35.602222,139.230556,jp-14,1673.00,129.28,367.32,167.39,125.00,33299.9,133bfa3b51f6
35.602500,139.602500,jp-14,1673.00,18.83,40.22,21.87,9.41,13776.3,133bfa3b51f6
35.603056,139.636389,jp-14,1673.00,8.43,27.18,4.91,5.38,12800.2,133bfa3b51f6
35.609444,139.600278,jp-14,1673.00,18.65,44.70,39.36,9.39,14568.5,133bfa3b51f6
35.609444,139.623889,jp-14,1673.00,9.52,23.28,7.37,8.23,13896.7,133bfa3b51f6
35.610000,139.186944,jp-14,1673.00,165.00,246.35,0.00,129.20,35346.2,133bfa3b51f6
35.610278,139.187500,jp-14,1673.00,165.00,267.91,4.43,129.18,35358.7,133bfa3b51f6
35.610833,139.614722,jp-14,1673.00,10.82,31.41,3.84,8.41,14365.4,133bfa3b51f6
35.611944,139.608889,jp-14,1673.00,12.07,45.14,5.24,8.61,14611.8,133bfa3b51f6
35.613056,139.156944,jp-14,1673.00,168.82,243.24,52.46,165.00,36324.8,133bfa3b51f6
35.613333,139.156944,jp-14,1673.00,169.16,227.27,59.35,165.00,36354.4,133bfa3b51f6
35.613333,139.193333,jp-14,1673.00,182.92,275.31,40.01,128.69,35495.7,133bfa3b51f6
35.613611,139.195000,jp-14,1673.00,165.00,275.51,197.62,128.52,35473.9,133bfa3b51f6
35.613889,139.195556,jp-14,1673.00,165.00,275.57,221.74,128.52,35486.1,133bfa3b51f6
35.615278,139.195556,jp-14,1673.00,169.85,275.57,171.69,128.52,35630.8,133bfa3b51f6
35.615556,139.563056,jp-14,1673.00,23.25,74.64,46.29,11.57,16487.9,133bfa3b51f6
35.616111,139.133889,jp-14,1673.00,167.82,193.22,82.29,165.00,37224.5,133bfa3b51f6
35.616389,139.134167,jp-14,1673.00,168.39,196.66,68.68,165.00,37246.4,133bfa3b51f6
35.616667,139.177500,jp-14,1673.00,165.00,307.21,0.00,129.81,36266.2,133bfa3b51f6
35.617500,139.174444,jp-14,1673.00,165.00,247.74,0.00,129.90,36420.2,133bfa3b51f6
35.625556,139.569167,jp-14,1673.00,16.53,17.60,6.08,10.46,17247.2,133bfa3b51f6
35.632778,139.543611,jp-14,1673.00,25.78,20.49,6.77,16.57,18998.5,133bfa3b51f6
35.643889,139.525000,jp-14,1673.00,28.22,10.85,6.02,21.28,20906.2,133bfa3b51f6
35.644167,139.525556,jp-14,1673.00,29.03,11.72,5.26,21.11,20906.5,133bfa3b51f6
35.667778,139.661389,jp-14,1673.00,43.63,13.23,6.53,22.31,19214.3,133bfa3b51f6
35.970556,139.888333,jp-14,1673.00,9.60,8.86,7.70,6.53,50258.4,133bfa3b51f6
