facility_id,utility_id,name,type,lat,lon,note_ja,source_doc_id
FAC_YOK_AWAGO,UTL_YOKOHAMA,鮑子取水ぜき,intake,,,道志川系統の取水地点。青山沈でん池を経て自然流下で川井浄水場へ（DOC_YOK_SUISHITSU_R8 p3）,DOC_YOK_SUISHITSU_R8
FAC_YOK_NUMOTO,UTL_YOKOHAMA,沼本取水口（横浜市 相模湖系統）,intake,,,相模湖の水を下流の沼本取水口で取水し津久井分水池・下九沢分水池・相模原沈でん池を経て自然流下で西谷浄水場へ（DOC_YOK_SUISHITSU_R8 p3）,DOC_YOK_SUISHITSU_R8
FAC_YOK_SAMUKAWA,UTL_YOKOHAMA,寒川取水ぜき（横浜市 馬入川系統）,intake,,,津久井湖の水とその下流で馬入川に流入する中小河川の水を寒川取水ぜきで取水しポンプ圧送で小雀浄水場へ（DOC_YOK_SUISHITSU_R8 p3）,DOC_YOK_SUISHITSU_R8
FAC_YOK_KAWAI,UTL_YOKOHAMA,川井浄水場,purification,,,横浜市旭区上川井町2555。処理能力 172800 m3/日。原水は表流水（道志川）,DOC_YOK_SUISHITSU_R8
FAC_YOK_NISHIYA,UTL_YOKOHAMA,西谷浄水場,purification,,,横浜市保土ケ谷区川島町522。処理能力 356000 m3/日。原水はダム放流水（相模湖）,DOC_YOK_SUISHITSU_R8
FAC_YOK_KOSUZUME,UTL_YOKOHAMA,小雀浄水場,purification,,,横浜市戸塚区小雀町2470。処理能力 820000 m3/日。原水は表流水（相模川）。同じ敷地に企業団分（計画1日最大給水量 301600 m3/日・寒川取水堰から小雀ポンプ場経由）があるが原水は同じ相模川なのでブレンド比率は変わらない,DOC_YOK_SUISHITSU_R8
FAC_KGD_IIZUMI,UTL_KIGYODAN,飯泉取水堰,intake,,,酒匂川の河口から約2.3kmに設置。1日最大 1422300 m3 を取水（DOC_KGD_GAIYOU_R8 p40・p49）,DOC_KGD_GAIYOU_R8
FAC_KGD_SAGAMIOZEKI,UTL_KIGYODAN,相模大堰,intake,,,相模川の河口から12.0kmに設置。1日最大 621000 m3（相模川水系建設事業〈第1期〉）を取水。社家ポンプ場から綾瀬浄水場系へ日量500000 m3・伊勢原浄水場系へ日量405000 m3を導水できる（DOC_KGD_GAIYOU_R8 p42・p49・p50）,DOC_KGD_GAIYOU_R8
FAC_KGD_NUMOTO,UTL_KIGYODAN,沼本取水口（企業団分）,intake,,,相模川水系。142000 m3/日を淵野辺接合井へ（DOC_KGD_GAIYOU_R8 p49 給水系統図）,DOC_KGD_GAIYOU_R8
FAC_KGD_SAMUKAWA,UTL_KIGYODAN,寒川取水堰（企業団分）,intake,,,相模川水系。寒川浄水場と小雀浄水場（企業団分）へ（DOC_KGD_GAIYOU_R8 p50 給水系統図）,DOC_KGD_GAIYOU_R8
FAC_KGD_SAKAWA_TRUNK,UTL_KIGYODAN,酒匂川系導水路（飯泉〜相模原ポンプ場）,junction,,,飯泉取水堰（酒匂川）と社家ポンプ場（相模川）の水が合流して伊勢原・相模原・西長沢へ向かう導水路。給水系統図の表題が「酒匂川水系（一部相模川水系分を含む）」であることから両水系が混ざることは確実だが混合比は公表資料に無い。ここでは取水能力比で置いてある（basis=nominal）,DOC_KGD_GAIYOU_R8
FAC_KGD_FUCHINOBE,UTL_KIGYODAN,淵野辺接合井,junction,,,相模原市中央区淵野辺本町。容量3000 m3。ここに沼本取水口（相模川）142000 m3/日が入り 937700 m3/日が西長沢浄水場へ（DOC_KGD_GAIYOU_R8 p41・p49）,DOC_KGD_GAIYOU_R8
FAC_KGD_ISEHARA,UTL_KIGYODAN,伊勢原浄水場,purification,,,伊勢原市日向1297。施設能力 220000 m3/日・計画1日最大給水量 204600 m3/日。神奈川県と横須賀市へ送水（DOC_KGD_GAIYOU_R8 p43・p49）,DOC_KGD_GAIYOU_R8
FAC_KGD_SAGAMIHARA,UTL_KIGYODAN,相模原浄水場,purification,,,相模原市南区下溝2714。施設能力 527600 m3/日・計画1日最大給水量 490700 m3/日。神奈川県と横浜市へ送水（DOC_KGD_GAIYOU_R8 p44・p49）,DOC_KGD_GAIYOU_R8
FAC_KGD_NISHINAGASAWA,UTL_KIGYODAN,西長沢浄水場,purification,,,川崎市宮前区潮見台4-1。施設能力 937700 m3/日・計画1日最大給水量 872000 m3/日。横浜市と川崎市へ送水（DOC_KGD_GAIYOU_R8 p45・p49）,DOC_KGD_GAIYOU_R8
FAC_KGD_AYASE,UTL_KIGYODAN,綾瀬浄水場,purification,,,綾瀬市吉岡887。施設能力 500000 m3/日・計画1日最大給水量 465000 m3/日。神奈川県・横浜市・横須賀市へ送水（DOC_KGD_GAIYOU_R8 p46・p50）,DOC_KGD_GAIYOU_R8
FAC_KGD_SAMUKAWA_JP,UTL_KIGYODAN,寒川浄水場,purification,,,計画1日最大給水量 318500 m3/日。神奈川県へ送水（DOC_KGD_GAIYOU_R8 p50）,DOC_KGD_GAIYOU_R8
FAC_KEN_SAMUKAWA_IN,UTL_KENEI,寒川取水堰（県営水道分）,intake,,,相模川。「相模川の寒川取水堰より取水」（DOC_KEN_WEP_R8 p3）。河口から約6.5km（同 p4）。企業団の FAC_KGD_SAMUKAWA と同じ堰だが取水主体が違うので別の施設として置いてある,DOC_KEN_WEP_R8
FAC_KEN_SAMUKAWA_JP,UTL_KENEI,寒川浄水場（県営水道）,purification,,,寒川町宮山。表流水・急速ろ過（DOC_KEN_WEP_R8 p3）。県営水道の送水量の31.0%を占める最大の浄水場（DOC_KEN_NENPO_R4 p40）。同じ寒川町宮山に企業団の寒川浄水場（FAC_KGD_SAMUKAWA_JP・相模川水系寒川事業）があり県営が浄水委託を受けて第3浄水場浄水池を運転している（DOC_KEN_WEP_R8 p10）。原水はどちらも寒川取水堰の相模川で同じなのでブレンド比率は変わらない,DOC_KEN_WEP_R8
FAC_KEN_NUMOTO,UTL_KENEI,沼本ダム取水（県営水道分）,intake,,,相模川。「相模川の沼本ダム（相模湖放流水）より取水」（DOC_KEN_WEP_R8 p3）。横浜市の FAC_YOK_NUMOTO・企業団の FAC_KGD_NUMOTO と同じ地点だが取水主体が違うので別の施設として置いてある,DOC_KEN_WEP_R8
FAC_KEN_YAGAHARA,UTL_KENEI,谷ケ原浄水場,purification,,,相模原市緑区谷ヶ原。表流水・急速ろ過（DOC_KEN_WEP_R8 p3）。「主に相模湖を水源としています」（同 p4）。相模原市・厚木市・愛川町の2市1町に給水（DOC_KEN_YAGAHARA）。県営水道の送水量の13.8%（DOC_KEN_NENPO_R4 p40）。緩速ろ過（伏流水）は休止,DOC_KEN_WEP_R8
FAC_KEN_OCHIAI,UTL_KENEI,落合浄水場,purification,,,相模原市緑区澤井。表流水・膜ろ過。栃谷川より取水（DOC_KEN_WEP_R8 p3）。小規模浄水場（計画送水量10万m3/日未満）,DOC_KEN_WEP_R8
FAC_KEN_KAMASAWA,UTL_KENEI,鎌沢浄水場,purification,,,相模原市緑区佐野川。表流水・膜ろ過。佐野川より取水（DOC_KEN_WEP_R8 p3）。小規模浄水場,DOC_KEN_WEP_R8
FAC_KEN_WADA,UTL_KENEI,和田浄水場,purification,,,相模原市緑区佐野川。表流水・膜ろ過。沢井川より取水（DOC_KEN_WEP_R8 p3）。小規模浄水場,DOC_KEN_WEP_R8
FAC_KEN_OYAMA,UTL_KENEI,大山浄水場,purification,,,伊勢原市大山。表流水・膜ろ過。大山川より取水（DOC_KEN_WEP_R8 p3）。小規模浄水場,DOC_KEN_WEP_R8
FAC_KEN_TORIYA,UTL_KENEI,鳥屋浄水場,purification,,,相模原市緑区鳥屋。伏流水・急速ろ過。早戸川の伏流水を取水（DOC_KEN_WEP_R8 p3）。小規模浄水場,DOC_KEN_WEP_R8
FAC_KEN_NAGANO,UTL_KENEI,長野浄水場,purification,,,相模原市緑区青野原。伏流水・膜ろ過。休止（DOC_KEN_WEP_R8 p3）。休止中なので flow_edge は引いていない,DOC_KEN_WEP_R8
FAC_KEN_ITALY,UTL_KENEI,イタリー浄水場,purification,,,箱根町仙石原。湧水・膜ろ過（DOC_KEN_WEP_R8 p3）。箱根地区は平成26年度から包括委託（受託者 箱根水道パートナーズ株式会社）,DOC_KEN_WEP_R8
FAC_KEN_SHINONOKI,UTL_KENEI,品ノ木浄水場,purification,,,箱根町仙石原。湧水・膜ろ過（DOC_KEN_WEP_R8 p3）,DOC_KEN_WEP_R8
FAC_KEN_MIZUDONO,UTL_KENEI,水土野水源,purification,,,箱根町仙石原。湧水・紫外線処理（DOC_KEN_WEP_R8 p3）。浄水場ではなく水源だが処理施設なので purification として置いてある,DOC_KEN_WEP_R8
FAC_KEN_HAKONE,UTL_KENEI,箱根地区配水（湧水系）,junction,,,箱根町の給水区域に配る水。イタリー・品ノ木・水土野の3施設の混合（DOC_KEN_WEP_R8 p3・p8 の給水栓検査地点が箱根町元箱根＝イタリー系・仙石原＝品ノ木系・宮城野＝水土野系）。3施設の分担比は非公表だがいずれも原水は箱根町内の湧水なので合成結果は変わらない,DOC_KEN_WEP_R8
FAC_KEN_SAGAMIKEI,UTL_KENEI,県営水道 相模川系配水（寒川・谷ケ原・企業団綾瀬の混合）,junction,,,酒匂川系（企業団の伊勢原・相模原浄水場）が入らない給水区域に配る水。寒川浄水場・谷ケ原浄水場・企業団綾瀬浄水場の3系統はいずれも原水が相模川100%なので、3者の配分がずれても合成結果は相模川100%で変わらない。配分値は令和4年度の送水量水源別構成（DOC_KEN_NENPO_R4 p40）と企業団受水地点別実績（同 p38）から出した事業体全体の平均,DOC_KEN_NENPO_R4
FAC_KEN_JUSUI,UTL_KENEI,県営水道 企業団受水（3浄水場の合計）,junction,,,県営水道は企業団の綾瀬・伊勢原・相模原の3浄水場から用水供給を受けている（DOC_KEN_WEP_R8 p3）。受水地点別の年度別実績（DOC_KEN_NENPO_R4 p38）から浄水場別の受水量比を出した。県営水道の送水量の53.9%が企業団受水（同 p40）。どの配水系統に何割入るかは非公表なので zone_rule では使っていない,DOC_KEN_NENPO_R4
FAC_KEN_SAGAMIHARA,UTL_KENEI,県営水道 相模原市配水（谷ケ原・企業団相模原の混合）,junction,,,相模原市中央区・南区に配る水。主要配水系統図（DOC_KEN_NENPO_R4 p41）で給水地域「相模原市内」は谷ケ原浄水場の北相配水本管系と企業団相模原浄水場の企業団系（淵野辺・麻溝台・当麻・上鶴間の各受水地点）の両方から描かれている。給水栓検査地点も相模原市中央区千代田＝谷ケ原浄水場系（DOC_KEN_WEP_R8 p8）。混合比は公表されていないので流入辺は basis=unknown（share 空）。緑区は落合・鎌沢・和田・鳥屋の小規模浄水場系が混在するのでこの junction に含めていない,DOC_KEN_NENPO_R4
FAC_KEN_HIRATSUKA,UTL_KENEI,県営水道 平塚市配水（寒川西系・企業団伊勢原の混合）,junction,,,主要配水系統図（DOC_KEN_NENPO_R4 p41）で寒川浄水場（西系）の湘南西配水本管に給水地域「平塚・厚木・伊勢原市内」と「平塚市内」があり、企業団伊勢原浄水場の南金目受水地点からも給水地域「平塚市内」が出ている。吉沢受水地点（企業団伊勢原）→平塚配水池もある。混合比は非公表なので流入辺は basis=unknown（share 空）,DOC_KEN_NENPO_R4
FAC_KEN_ATSUGI,UTL_KENEI,県営水道 厚木市配水（寒川西系・谷ケ原・企業団伊勢原・企業団相模原の混合）,junction,,,給水栓検査地点「厚木市 上荻野＝谷ケ原・伊勢原・相模原浄水場混合系」「厚木市 旭町＝寒川浄水場系」（DOC_KEN_WEP_R8 p8）が4系統すべてを名指ししている。主要配水系統図（DOC_KEN_NENPO_R4 p41）でも湘南西配水本管の「平塚・厚木・伊勢原市内」・北相系の中荻野/上荻野東部/飯山・企業団伊勢原の「伊勢原・厚木市内」/「厚木市内」（小野受水地点）/厚木低区/高森が並ぶ。混合比は非公表なので流入辺は basis=unknown（share 空）,DOC_KEN_WEP_R8
FAC_KEN_YAMATO,UTL_KENEI,県営水道 大和市配水（企業団相模原・企業団綾瀬の混合）,junction,,,給水栓検査地点「大和市 深見＝綾瀬・相模原浄水場混合系」（DOC_KEN_WEP_R8 p8）。主要配水系統図（DOC_KEN_NENPO_R4 p41）でも企業団相模原浄水場の下鶴間・上鶴間・上和田受水地点から給水地域「大和市内」「大和・綾瀬市内」、企業団綾瀬浄水場の大和受水地点→大和配水池→給水地域「大和市内」。混合比は非公表なので流入辺は basis=unknown（share 空）,DOC_KEN_WEP_R8
FAC_KEN_AYASE,UTL_KENEI,県営水道 綾瀬市配水（寒川東系・企業団伊勢原・企業団相模原の混合）,junction,,,主要配水系統図（DOC_KEN_NENPO_R4 p41）で吉岡・杉久保配水池が寒川浄水場（東系）の吉岡送水管/海老名送水管と企業団伊勢原浄水場の本郷受水地点の両方から受けており、そこから給水地域「綾瀬・海老名市内」が出ている。加えて企業団相模原浄水場の上和田受水地点から給水地域「大和・綾瀬市内」。混合比は非公表なので流入辺は basis=unknown（share 空）,DOC_KEN_NENPO_R4
FAC_KEN_EBINA,UTL_KENEI,県営水道 海老名市配水（寒川東系・企業団伊勢原・企業団相模原・企業団綾瀬の混合）,junction,,,給水栓検査地点「海老名市 門沢橋＝寒川・伊勢原浄水場混合系」「海老名市 望地＝相模原浄水場系」（DOC_KEN_WEP_R8 p8）。主要配水系統図（DOC_KEN_NENPO_R4 p41）では吉岡・杉久保配水池（寒川東系＋企業団伊勢原の本郷受水地点）→給水地域「綾瀬・海老名市内」と、企業団綾瀬浄水場の上今泉受水地点→上今泉配水池（海老名市上今泉）。混合比は非公表なので流入辺は basis=unknown（share 空）,DOC_KEN_WEP_R8
FAC_KEN_ISEHARA,UTL_KENEI,県営水道 伊勢原市配水（寒川西系・企業団伊勢原の混合）,junction,,,主要配水系統図（DOC_KEN_NENPO_R4 p41）で寒川浄水場（西系）の湘南西配水本管に給水地域「平塚・厚木・伊勢原市内」、企業団伊勢原浄水場の日向受水地点から給水地域「伊勢原・厚木市内」、上粕屋受水地点から三ノ宮低区・三ノ宮高区。給水栓検査地点「伊勢原市 善波＝伊勢原浄水場系」（DOC_KEN_WEP_R8 p8）。混合比は非公表なので流入辺は basis=unknown（share 空）。市内の大山地区は大山浄水場系（同 p8）なので zone_assignment で別に割り付けてある,DOC_KEN_NENPO_R4
FAC_KEN_ODAWARA,UTL_KENEI,県営水道 小田原市配水（寒川・企業団伊勢原の混合）,junction,,,小田原市の給水区域は市の東部の一部のみ（DOC_KEN_KUIKI_ODAWARA）。給水栓検査地点「小田原市 沼代＝寒川・伊勢原浄水場混合系」（DOC_KEN_WEP_R8 p8）が顔ぶれを名指ししている。主要配水系統図（DOC_KEN_NENPO_R4 p41）には小田原市の給水地域が描かれていないので、系統図側からの裏付けは無い。混合比は非公表なので流入辺は basis=unknown（share 空）,DOC_KEN_WEP_R8
FAC_KWS_NUMOTO,UTL_KAWASAKI,沼本取水口（川崎市分）,intake,,,「川崎市の水源は、富士五湖の山中湖及び忍野湧水を源とし、桂川を経て相模湖に貯えられた水です。相模湖下流の沼本取水口で取水され長沢浄水場に送られています」（DOC_KWS_SUISHITSU_R8 p2）。横浜市の FAC_YOK_NUMOTO・企業団の FAC_KGD_NUMOTO・県営の FAC_KEN_NUMOTO と同じ地点だが取水主体が違うので別の施設として置いてある,DOC_KWS_SUISHITSU_R8
FAC_KWS_NAGASAWA,UTL_KAWASAKI,長沢浄水場,purification,,,川崎市多摩区三田5-1-1。敷地面積 198000 m2・施設能力 280000 m3/日。原水の種類は「相模川水系ダム放流水」で急速ろ過方式（DOC_KWS_SUISHITSU_R8 p3 表−1）。川崎市の自己水源はこの1浄水場のみ。**多摩川からの取水は資料に出てこない**（水源の水質検査地点も桂川橋・相模湖大橋・弁天橋・三井大橋の相模川水系4か所のみ。同 p2）。企業団の西長沢浄水場（FAC_KGD_NISHINAGASAWA・宮前区潮見台）とは別の施設なので混同しないこと,DOC_KWS_SUISHITSU_R8
FAC_KWS_IKUTA,UTL_KAWASAKI,生田配水池,reservoir,,,多摩区生田5-30-1。有効容量 47698 m3（DOC_KWS_SHISETSU）。長沢浄水場と企業団西長沢浄水場の両方から受ける（DOC_KWS_SUISHITSU_R8 p11 図−7 の凡例「長・企→生田配水池」）。混合比は公表されていないので流入辺は basis=unknown,DOC_KWS_SUISHITSU_R8
FAC_KWS_TAKAISHI,UTL_KAWASAKI,高石配水塔,reservoir,,,麻生区高石。図−7 の凡例「長・企→高石配水塔」（DOC_KWS_SUISHITSU_R8 p11）。長沢浄水場と企業団西長沢浄水場の混合。混合比は非公表,DOC_KWS_SUISHITSU_R8
FAC_KWS_MIYAZAKI,UTL_KAWASAKI,宮崎配水塔,reservoir,,,宮前区宮崎。図−7 の凡例「長・企→宮崎配水塔」（DOC_KWS_SUISHITSU_R8 p11）。長沢浄水場と企業団西長沢浄水場の混合。混合比は非公表,DOC_KWS_SUISHITSU_R8
FAC_KWS_SAGINUMA,UTL_KAWASAKI,鷺沼配水池,reservoir,,,宮前区土橋3-1-1。有効容量 109608 m3 で川崎市最大（DOC_KWS_SHISETSU）。図−7 の凡例「長・企→鷺沼配水池」（DOC_KWS_SUISHITSU_R8 p11）。混合比は非公表,DOC_KWS_SUISHITSU_R8
FAC_KWS_SUEYOSHI,UTL_KAWASAKI,末吉配水池,reservoir,,,横浜市鶴見区上末吉1-4-1。有効容量 72082 m3（DOC_KWS_SHISETSU）。所在地は横浜市内だが川崎市の施設で、川崎区・幸区に配る。企業団の西長沢浄水場から川崎市への給水地点「末吉」（横浜市鶴見区上末吉）もここ（DOC_KGD_GAIYOU_R8 p49）。図−7 の凡例「長・企→末吉配水池」（DOC_KWS_SUISHITSU_R8 p11）。混合比は非公表,DOC_KWS_SUISHITSU_R8
FAC_YKS_SHAGE,UTL_YOKOSUKA,社家導水ポンプ（横須賀市 有馬系統の取水）,intake,,,海老名市社家。「相模大堰から水を取り入れ」約2km離れた有馬浄水場へ送る（DOC_YKS_KEITO_ARIMA）。水源は相模川水系相模川自流水で供給可能水量 73900 m3/日（DOC_YKS_KEITO）。企業団の相模大堰（FAC_KGD_SAGAMIOZEKI）と同じ堰だが取水主体が違うので別の施設として置いてある,DOC_YKS_KEITO_ARIMA
FAC_YKS_ARIMA,UTL_YOKOSUKA,有馬浄水場,purification,,,海老名市中河内1767。敷地面積 46500 m2・供給可能水量 73900 m3/日・原水の種類は表流水（相模川）（DOC_YKS_WEP_R8 p3）。「相模大堰からの水を浄水するとともに、神奈川県内広域水道企業団伊勢原浄水場からの水を受け入れ、横須賀市内へ送っています」（DOC_YKS_KEITO_ARIMA）。企業団の給水地点「有馬」（海老名市中河内。DOC_KGD_GAIYOU_R8 p49）がここ。浄水処理は粉末活性炭・前塩素・凝集沈でん・活性炭吸着・中間塩素・急速ろ過・後塩素,DOC_YKS_KEITO_ARIMA
FAC_YKS_HASHIRIMIZU,UTL_YOKOSUKA,走水水源地,purification,,,横須賀市走水1-2。湧水を膜ろ過（UF膜）して配水する。処理能力 1000 m3/日（DOC_YKS_WEP_R8 p3）。明治9年築造で横須賀市内唯一の水源（DOC_YKS_KEITO_HASHIRIMIZU）。浄水場ではなく水源地だが処理施設なので purification として置いてある,DOC_YKS_WEP_R8
FAC_YKS_CITY,UTL_YOKOSUKA,横須賀市配水（5水源系統の混合）,junction,,,市内全域に配る水。有馬浄水場・小雀浄水場（横浜市との共同施設）・企業団綾瀬浄水場・走水水源地の4つから受けた浄水が配水池を通って市内全域に配られる（DOC_YKS_WEP_R8 p4「その浄水を市内全域に配るための配水池」）。流入比は令和6年度の系統別着水量の実績（DOC_YKS_TOUKEI_R6 p31・p32）。**市全体の年間平均であって町丁目ごとの実測ではない**ので流入辺は basis=estimated にしてある。実際には配水ブロックごとに構成が違い、北ブロックは小雀・宮ヶ瀬系統だけ・走水系統は東ブロックの一部だけ、と資料に明記がある（DOC_YKS_WEP_R8 p13）が、ブロックの境界は町丁目の粒度で公表されていない,DOC_YKS_TOUKEI_R6
FAC_ODW_IIZUMI,UTL_ODAWARA,飯泉取水ポンプ所（小田原市分）,intake,,,「高田浄水場の原水は、飯泉取水ポンプ所から取水している酒匂川の表流水です」（DOC_ODW_WEP_R8 p5）。「※１ 神奈川県内広域水道企業団飯泉取水ポンプ所」（同 p2）で、施設は企業団の飯泉取水堰の中にあるが小田原市が**原水**を取水するもので浄水受水ではない。企業団の FAC_KGD_IIZUMI とは取水主体が違うので別の施設として置いてある,DOC_ODW_WEP_R8
FAC_ODW_TAKATA,UTL_ODAWARA,高田浄水場,purification,,,小田原市高田401。原水の種類は酒匂川表流水、処理能力 80000 m3/日、薬品凝集沈澱－急速ろ過方式（DOC_ODW_WEP_R8 p3 表2.2）。主な送水先は中河原配水池・久野配水池。市全体の浄水処理の約86%を担う（DOC_ODW_TAKATA）。※同ページは再整備後の公称能力を 50000 m3/日としており p3 の 80000 と食い違うが、どちらの資料にも新旧の別の断りが無いのでここでは水質検査計画の値をそのまま書いている,DOC_ODW_WEP_R8
FAC_ODW_CITY,UTL_ODAWARA,小田原市配水（酒匂川・地下水・湧水の混合）,junction,,,市営給水区域に配る水。流入比は令和5年度の年間取水量の実績（DOC_KAN_SUIDOU_R5 p26）＝ダム放流 20995 / 深井戸 2777 / 湧水 262 千㎥。市の FAQ「原水の約86％を酒匂川から取水…残りの約14％を次の水源地の地下水から取水しています」（DOC_ODW_FAQ_MIZU）とも一致する。**市全体の年間平均であって町丁目ごとの実測ではない**ので流入辺は basis=estimated。実際には高田浄水場系（中河原・久野配水池）と小峰配水池系・片浦地区で系統が分かれるが、配水区域の境界は町丁目の粒度で公表されていない,DOC_KAN_SUIDOU_R5
FAC_MAS_YAGURASAWA,UTL_MINAMIASHIGARA,矢倉沢浄水場,purification,,,南足柄市矢倉沢1663-2。公称能力 15500 m3/日。着水池・凝集池・傾斜板沈殿池・急速ろ過池・浄水池（DOC_MAS_WEP_R8 p4 表2-3）。原水は第2水源（矢倉沢2072・表流水）＝狩川（DOC_MAS_ANZEN_R8 p2）。市内全体の約60%の水を供給（DOC_MAS_JOSUI）,DOC_MAS_WEP_R8
FAC_MAS_CITY,UTL_MINAMIASHIGARA,南足柄市配水（狩川・地下水・湧水の混合）,junction,,,市内全域に配る水。流入比は令和5年度の年間取水量の実績（DOC_KAN_SUIDOU_R5 p26）＝表流水 5041 / 深井戸 2086 / 湧水 139 千㎥。**市全体の年間平均であって町丁目ごとの実測ではない**ので流入辺は basis=estimated。実際には矢倉沢・岩原・班目・上怒田・内山・丸太の森・地蔵堂の 7 配水区域に分かれており図（DOC_MAS_HAISUI_ZU）で公表されているが、町丁目の粒度には落ちない,DOC_KAN_SUIDOU_R5
FAC_MIU_CITY,UTL_MIURA,三浦市配水（横須賀市からの受水）,junction,,,市内全域に配る水。武分水点・津久井分水点・津久井第2分水点の 3 か所で横須賀市から浄水を受ける（DOC_MIU_VISION p37 図4-2-4）。「「市外水源」とは横須賀市からの受水を示します」（DOC_MIU_WEP_R8 p2）。令和5年度の年間取水量は市外水源 5626 千㎥・自己水源 0（DOC_KAN_SUIDOU_R5 p26）。**注意**: 三浦市の水質検査計画 p3 は水源を「綾瀬浄水場（企業団）及び小雀浄水場（横浜市・横須賀市の共同施設）」の 2 つと書いており、横須賀市の有馬浄水場・走水水源地には触れていない。ここでは横須賀市の配水（FAC_YKS_CITY・市全体の年間平均）をそのまま繋いでいるので、走水の湧水 0.5% 分が三浦市にも乗る。横須賀市の資料は走水系統が東ブロックの一部だけであることを明記している（DOC_YKS_WEP_R8 p13）のでこの 0.5% は上限とみるべきで、confidence は low,DOC_MIU_WEP_R8
FAC_NKI_CITY,UTL_NAKAI,中井町配水（地下水のみ）,junction,,,久所浄水場水系・井ノ口水源水系・宮原水源水系・大久保水源水系・雑色水源水系の 5 系統に分かれるが（DOC_NKI_WEP_R8 p3 表2）、原水はいずれも中井町の地下水なので系統が違っても水源は変わらない。系統ごとの給水区域は大字単位で公表されている（中村中・中村下・井ノ口上・境・岩倉・井ノ口中・井ノ口下・遠藤原・砂口・六斗山・宮原・半分形・田中・古怒田・雑色・中村上ほか）が、e-Stat の町丁目名との対応が一対一でないので系統別には割り付けていない,DOC_NKI_WEP_R8
FAC_KAI_CITY,UTL_KAISEI,開成町配水（地下水のみ）,junction,,,高台第一浄水場（第1〜3水源・5400 m3）・高台第二浄水場（第4〜5水源・3100 m3）・榎下浄水場（第7水源・1000 m3）の 3 系統（DOC_KAI_WEP_R8）。原水はいずれも開成町の地下水,DOC_KAI_WEP_R8
FAC_OI_CITY,UTL_OI,大井町配水（地下水のみ）,junction,,,第一浄水場（金手797番地外・令和4年度から休止中）と第二浄水場（金手639-1）の 2 系統だが、現在は第二浄水場系統のみで運用（DOC_OI_KEIEI p4・DOC_OI_WEP）。原水はいずれも大井町の地下水,DOC_OI_KEIEI
FAC_MTD_JOSUI,UTL_MATSUDA,松田町上水道配水（地下水のみ）,junction,,,宮下水源系統（宮下1号井・3号井→河南沢配水池・庶子配水池）と中河原水源系統（中河原1号井・2号井→神山配水池・上茶屋配水池）の 2 系統（DOC_MTD_VISION p14-17）。原水はいずれも深井戸。庶子水源（湧水）は予備水源で稼働していない,DOC_MTD_VISION
FAC_MTD_YADORIKI,UTL_MATSUDA,寄簡易水道配水（地下水・湧水の混合）,junction,,,弥勒寺第1水源系統と宮地・田代第2水源、弥勒寺第2水源系統、宇津茂第2水源系統、稲郷水源系統の4 系統（DOC_MTD_VISION p18）。流入比は令和5年度の年間取水量（DOC_KAN_SUIDOU_R5 p51 簡易水道の概要(2)）＝深井戸 4 箇所 199057 ㎥・湧水 1 箇所 1000 ㎥。**事業全体の年間平均であって系統別の実測ではない**ので流入辺は basis=estimated,DOC_KAN_SUIDOU_R5
FAC_HAD_HORIYAMASHITA,UTL_HADANO,堀山下浄水場,purification,,,秦野市堀山下1286番。処理能力 6500 m3/日（DOC_HAD_TOUKEI_R6 p22）。「河川水を水源とする堀山下浄水場では凝集沈殿急速濾過方式による浄化処理を行っています」（DOC_HAD_WEP_R8 p4）。原水は猿渡取水場・深沢取水場（水無川）と森戸下取水場（四十八瀬川）,DOC_HAD_WEP_R8
FAC_HAD_FUTAGO,UTL_HADANO,二タ子送水ポンプ場（県水受水施設）,reservoir,,,秦野市下大槻258番4。有効容量 4000 m3。備考欄が「県水受水施設」（DOC_HAD_TOUKEI_R6 p22）。県営水道の南金目受水地点から分岐する「秦野分水」がここに入る（DOC_KEN_NENPO_R4 p41 主要配水系統図）,DOC_HAD_TOUKEI_R6
FAC_HAD_CITY,UTL_HADANO,秦野市配水（地下水・湧水・河川水・県水の混合）,junction,,,市内 26 配水場に配る水。流入比は令和6年度の水源別取水量の実績（DOC_HAD_TOUKEI_R6 p26）。**市全体の年間平均であって配水場ごとの実測ではない**ので流入辺は basis=estimated。実際には内久根・堀山下高区・峠・三廻部高区・菖蒲の 5 配水場は浄水受水（県水）だけで運用しており（DOC_HAD_WEP_R8 p4-5）、逆に大半の配水場は地下水 100% なので、町丁目によって構成は大きく違う。配水エリアは図でしか公表されていない（同 p8）,DOC_HAD_TOUKEI_R6
FAC_ZAM_KENSUI,UTL_ZAMA,座間市 県水受水（3受水地点の合計）,junction,,,第2配水場（分岐箇所 東原1-6067-2・計画受水量 9500 m3/日）、相模が丘配水場（相模が丘2-613・10000 m3/日）、羽根沢受水場（海老名市上今泉の企業庁「上今泉配水池」・17800 m3/日）の 3 か所で県営水道から受水する（DOC_ZAM_GAIYOU_R5 p12「4 県水受水施設」）。合計 37300 m3/日は昭和53年の宮ヶ瀬ダム基本協定の配分水量と一致（DOC_ZAM_KENSUI）。市内 2 か所は県営水道の主要配水系統図の「座間分水」2 か所に対応し、いずれも谷ケ原浄水場から出る北相送水管 φ1100 に付いている（DOC_KEN_NENPO_R4 p41。PDF の線分を追って確認）。上今泉配水池は企業団綾瀬浄水場の上今泉受水地点から受ける県営の配水池（同 p41）。**谷ケ原浄水場も企業団綾瀬浄水場も原水は相模川 100% なので、3 受水地点の配分がずれても合成結果は相模川 100% で変わらない**,DOC_ZAM_GAIYOU_R5
FAC_ZAM_CITY,UTL_ZAMA,座間市配水（地下水・県水の混合）,junction,,,第1配水場・第2配水場・相模が丘配水場の 3 配水場に配る水。いずれも地下水と県水を混合して塩素消毒するだけで浄水場は無い（DOC_ZAM_WEP_R8 p2・p3 表2）。流入比は令和4年度の水源別取水量（DOC_ZAM_GAIYOU_R5 p15）。**市全体の年間平均であって配水場ごとの実測ではない**ので流入辺は basis=estimated。配水場ごとの配水区域は町名単位で公表されている（同 p3 表2）が、3 配水場のいずれも地下水＋県水の混合なので水源の顔ぶれは変わらない,DOC_ZAM_GAIYOU_R5
FAC_YMK_MINASE,UTL_YAMAKITA,皆瀬川浄水場,purification,,,原水は皆瀬川水源（伏流水）。計画取水能力 4200 m3/日。傾斜板沈澱池・急速ろ過池・次亜塩素酸ソーダによる消毒（DOC_YMK_WEP_R8 p4 表1）,DOC_YMK_WEP_R8
FAC_YMK_JOSUI,UTL_YAMAKITA,山北町上水道配水（皆瀬川・地下水の混合）,junction,,,上水道の給水区域に配る水。流入比は令和5年度の年間取水量（DOC_KAN_SUIDOU_R5 p26）＝伏流水 1075 / 深井戸 537 / 湧水 31 千㎥。**うち湧水（向原第2水源・210 m3/日）は令和8年度の水質検査計画で上水道の水源一覧から消えている**（DOC_YMK_WEP_R8 p3 は「皆瀬川水源、怒杭水源、前耕地第１水源及び前耕地第２水源の４か所」と書き、令和6年度版にあった向原第２水源が無い）ので、令和8年度時点の顔ぶれは皆瀬川と地下水の 2 つ。湧水分 31 千㎥は地下水側に寄せず、伏流水と深井戸だけで比を取り直してある。**事業全体の年間平均であって系統ごとの実測ではない**ので流入辺は basis=estimated,DOC_KAN_SUIDOU_R5
FAC_YGW_MAKUYAMA,UTL_YUGAWARA,幕山浄水場,purification,,,施設能力 7500 m3/日・急速ろ過（DOC_YGW_VISION p6 表2.4）。原水は第2新崎川水源（表流水）。主な配水先は山田・小松団地・前栗場・福浦地区（DOC_YGW_WEP_R8 p2-3 表2.1）。真鶴町への分水もここから出る（DOC_MNZ_WEP p11「用留配水池（幕山浄水場）※幕山浄水場は湯河原町による検査」）,DOC_YGW_WEP_R8
FAC_YGW_HIROGAWARA,UTL_YUGAWARA,広河原浄水場,purification,,,施設能力 9800 m3/日・急速ろ過（DOC_YGW_VISION p6 表2.4）。「〔広河原浄水場水系〕水源は千歳川水系アケジ沢水源の表流水で」（DOC_YGW_WEP_R8 p2-9）。主な配水先は広河原・温泉場・宮上・宮下地区（同 p2-3 表2.1）,DOC_YGW_WEP_R8
FAC_YGW_YOSHIHAMA,UTL_YUGAWARA,吉浜上水道配水（新崎川・トンネル湧水・地下水の混合）,junction,,,吉浜上水道の給水区域に配る水。幕山浄水場系（第2新崎川水源）・南郷浄水場系・尾崎浄水場系（いずれも南郷山トンネルの湧水）・城堀第1水源系（城堀トンネルの湧水）・城堀第4水源系（深井戸）の5 系統（DOC_YGW_WEP_R8 p2-3 表2.1）。流入比は令和5年度の年間取水量（DOC_KAN_SUIDOU_R5 p26 の湯河原町(吉浜)行）＝表流水 1709 / 深井戸 299 / 湧水 1014 千㎥。**事業全体の年間平均であって系統ごとの実測ではない**ので流入辺は basis=estimated。系統ごとの主な配水先は地区名で公表されているが、町丁目との対応が一対一でない,DOC_KAN_SUIDOU_R5
FAC_YGW_YUGAWARA,UTL_YUGAWARA,湯河原上水道配水（アケジ沢のみ）,junction,,,湯河原上水道の給水区域に配る水。稼働中の水源はアケジ沢水源だけで、旧上野山水源（伏流水）は予備（DOC_YGW_WEP_R8 p2-3 表2.2）。令和5年度の年間取水量も表流水 2096 千㎥のみ（DOC_KAN_SUIDOU_R5 p26）,DOC_YGW_WEP_R8
FAC_MYS_CITY,UTL_MIYASHITA,宮下簡易水道配水（湧水・地下水の混合）,junction,,,浄水施設は緩速ろ過 2・急速ろ過 3（DOC_KAN_SUIDOU_R5 p51）。流入比は令和5年度の年間取水量＝湧水・その他 603781 ㎥ / 地下水 7705 ㎥（同）。合計 611486 ㎥は同表の年間給水量と一致する。**組合自身の資料が取得できていない**ので、水源名も系統も分からないまま種別と水量だけで置いてある,DOC_KAN_SUIDOU_R5
FAC_MNZ_CITY,UTL_MANAZURU,真鶴町配水（湧水・地下水・湯河原分水の混合）,junction,,,江之浦・岩・棚子下の 3 水系と湯河原分水水系の 4 系統（DOC_MNZ_WEP p2 表2.1）。「真鶴町では湯河原町からの分水を受けています。用留配水池にて湯河原町より受け入れた水は、第３配水池、第４配水池、山下配水池を経由して真鶴地区へ給水されています」（同 p4）。分水元は幕山浄水場（同 p11 の採水場所「用留配水池（幕山浄水場）※幕山浄水場は湯河原町による検査」）＝新崎川の表流水。流入比は令和5年度の年間取水量（DOC_KAN_SUIDOU_R5 p26）＝湧水 1045 / 深井戸 47 / 湯河原町受水 301 千㎥。**町全体の年間平均であって系統ごとの実測ではない**ので流入辺は basis=estimated。e-Stat の真鶴町は「真鶴」「岩」の 2 町丁目しかなく、4 系統はどちらの町丁目にもまたがる,DOC_KAN_SUIDOU_R5
FAC_KYK_MIYAGASE,UTL_KIYOKAWA,宮ヶ瀬浄水場,purification,,,清川村宮ヶ瀬1627-4。急速ろ過・処理能力 3250 m3/日（DOC_KYK_WEP_R8 p1）。**名前は宮ヶ瀬だが原水は宮ヶ瀬湖ではない。** 塩水水源（中津川起点＝本谷川と塩水川の合流点の下流部の伏流水）から φ250 導水管 約6km で自然流下（同 p1）。予備施設として二天王低区浄水場（煤ヶ谷2906-1・辺室沢水源の伏流水）があるが常用ではないので繋いでいない,DOC_KYK_WEP_R8
FAC_AIK_TAKAMINE,UTL_AIKAWA,高峰浄水場,purification,,,愛川町三増字滝ノ沢。処理能力 2400 m3/日。水源は「表流水」（DOC_AIK_WEP_R8 p1 表1）で、配水系統図では滝ノ沢第1水源 680 + 第2水源 1320 m3/日（DOC_AIK_KEITOZU）。ろ過設備（緩速ろ過）と次亜塩素酸ナトリウムによる塩素消毒。町内で表流水を使う浄水場はここだけ（ほかの 3 浄水場はいずれも浅井戸）,DOC_AIK_WEP_R8
FAC_AIK_CITY,UTL_AIKAWA,愛川町配水（渓流水・地下水の混合）,junction,,,塩川添浄水場（半原字塩川添・浅井戸・1500 m3/日）・戸倉浄水場（角田字戸倉・浅井戸・10600 m3/日）・高峰浄水場（三増字滝ノ沢・表流水・2400 m3/日）・中津浄水場（中津字二井坂・浅井戸・5400(6500) m3/日）の4 系統（DOC_AIK_WEP_R8 p1-2 表1）。高取浄水場・細野浄水場は休止中（同 p2・DOC_AIK_KEITOZU）。流入比は令和5年度の年間取水量（DOC_KAN_SUIDOU_R5 p26）＝表流水（自流）562 / 浅井戸 3308 千㎥。**町全体の年間平均であって浄水場ごとの実測ではない**ので流入辺は basis=estimated。実際には高峰浄水場系（三栗山配水池）だけが表流水 100% で、ほかの 3 系統は地下水 100%（DOC_AIK_KEITOZU）,DOC_KAN_SUIDOU_R5
FAC_HKN_KUZUHARA,UTL_HAKONE,葛原浄水場,purification,,,箱根町湯本茶屋字葛原。処理能力 3900 m3/日・急速ろ過（砂ろ過）。「葛原浄水場は、現在、大沢水源（湧水）・二ノ戸沢水源（表流水）・天狗沢水源（表流水）の３水源を取水して、急速ろ過システムを用いて浄水処理している」（DOC_HKN_WEP）。給水区域は湯本地区,DOC_HKN_WEP
FAC_HKN_YUMOTOCHAYA,UTL_HAKONE,湯本茶屋浄水場,purification,,,箱根町湯本茶屋字馬立場。処理能力 800 m3/日・緩速ろ過。「湯本茶屋浄水場は、初花水源（表流水）を取水して、緩速ろ過システムを用いて浄水処理している」（DOC_HKN_WEP）。給水区域は湯本地区,DOC_HKN_WEP
FAC_HKN_CITY,UTL_HAKONE,箱根町営水道配水（須雲川・地下水・湧水の混合）,junction,,,葛原系・湯本茶屋系・大平台第2配水池系・小涌谷第1配水池系・二ノ平配水池系・鷹ノ巣配水池系・大芝第2ポンプ場系・元箱根第1配水池系・箱根第1配水池系・箱根第2配水池系の 10 配水系統（DOC_HKN_WEP 表4.1・表4.2）。流入比は令和5年度の年間取水量（DOC_KAN_SUIDOU_R5 p26 箱根町行）＝表流水（自流）1091 / 深井戸 1155 / 湧水 1817 千㎥。**町全体の年間平均であって系統ごとの実測ではない**ので流入辺は basis=estimated。実際には湯本地区が表流水中心、箱根・元箱根地区が深井戸中心、宮ノ下・大平台地区が湧水中心で、地区によって構成は大きく違う。配水池一覧も地区単位（湯本・大平台・宮ノ下・二ノ平・芦之湯・箱根・畑宿の7 地区・34 池）でしか公表されていない（同 表2.3）,DOC_KAN_SUIDOU_R5
FAC_KEN_OISO,UTL_KENEI,県営水道 大磯・二宮配水（平塚配水池系）,junction,,,"主要配水系統図（DOC_KEN_NENPO_R4 p41）の線分を PDF から取り出して追った結果:(1) 寒川浄水場（西系）の湘南西送水管 φ1500 が x=89.9→107.3→112.7 と走って平塚配水池（箱 x 286-326 / y 187-200）の底面 x=296.6 に入る。(2) 企業団伊勢原浄水場の φ1350 管上の吉沢受水地点（箱 x 286-326 / y 170-181）が平塚配水池の真上にあり縦線で直結している。→ **平塚配水池は寒川浄水場（西系）と企業団伊勢原浄水場の両方から受けている。**(3) 平塚配水池の底面 x=315.4 から縦線が y=220.3 の湘南西配水本管（φ800, φ500）まで降り、その節点から y=205.3 の横線が国府配水池（x 616-656）へ、y=220.3 の横線が大磯低区配水池（x 616.6-656.9）へ延び、大磯低区から大磯高区へ続く。(4) 平塚配水池から右へ 上吉沢配水池 → 二宮高区配水池 が横一列に直結している。したがって大磯町（国府・大磯低区・大磯高区）と二宮町（二宮高区）の水源の顔ぶれは寒川浄水場（相模川）と企業団伊勢原浄水場（酒匂川＋相模川）の 2 つで確定する。**混合比は公表されていない**ので流入辺は basis=unknown（share 空）。県営水道の給水栓検査地点一覧（DOC_KEN_WEP_R8 p8）に大磯町・二宮町の地点は無く、系統名を名指しした資料は見つかっていない。寒川浄水場のページは給水先の 10 市 3 町に大磯町・二宮町を挙げている（DOC_KEN_SAMUKAWA_HP）",DOC_KEN_NENPO_R4
