分類,タイトル,概要,リンク,データ形式,提供元
県・生物多様性,神奈川県レッドデータブック2022 植物編,絶滅危惧種等を分類群別に解説する植物編報告書。種の写真・生育状況・保全ランクを掲載し学術・行政・保全活動で活用できる,https://www.pref.kanagawa.jp/docs/t4i/cnt/f12655/p1197000.html,"PDF,HTML",神奈川県環境農政局
県・生物多様性,神奈川県レッドリスト2020 植物編,維管束植物807種等の絶滅危惧カテゴリー一覧。PDF・CSV・Excel形式で提供され種リストのデータ分析にも利用可能,https://www.pref.kanagawa.jp/docs/t4i/cnt/f12655/p1196500.html,"PDF,CSV,Excel,HTML",神奈川県環境農政局
県・生物多様性,神奈川県レッドリスト2026 昆虫類・クモ類,2026年3月公表の最新版。県内で絶滅のおそれがある昆虫類・クモ類のカテゴリー判定結果をPDF・Excelで収録,https://www.pref.kanagawa.jp/docs/t4i/cnt/f12655/p1197500.html,"PDF,Excel,HTML",神奈川県環境農政局
県・生物多様性,希少種情報（レッドリスト・RDB総合ページ）,分類群・年版ごとのレッドリスト／レッドデータブックへの入口。改訂履歴とカテゴリー定義もまとまっている,https://www.pref.kanagawa.jp/docs/t4i/cnt/f12655/p1061385.html,"HTML,PDF",神奈川県環境農政局
県・生物多様性,神奈川県レッドデータ生物調査報告書2006,動物分野の最新版レッドデータ調査報告。分類群別の希少種選定経緯や調査手法を記録した学術報告書,https://nh.kanagawa-museum.jp/publications/other/reddata.html,"PDF,HTML",神奈川県立生命の星・地球博物館
県・生物多様性,かながわ生物多様性計画2024-2030,ネイチャーポジティブに向けた県の生物多様性保全戦略。現状・課題・エリア別施策・推進体制を記載した全体版と概要版PDF,https://www.pref.kanagawa.jp/docs/t4i/cnt/f12655/p1042709.html,"PDF,HTML",神奈川県環境農政局
県・生物多様性,かながわ生きもの調査,県民が「いきものログ」で里山の生きものと外来種を投稿する市民科学プロジェクト。年度別結果をPDFで公開,https://www.pref.kanagawa.jp/docs/t4i/cnt/f12655/p1195000.html,"PDF,API,HTML",神奈川県環境農政局
県・生物多様性,自然環境保全センター 業務報告・研究報告,センターの調査研究成果や年次業務報告をまとめた刊行物ページ。森林・野生生物分野の研究論文PDFを収録,https://www.agri-kanagawa.jp/info_hokoku.html,"PDF,HTML",神奈川県自然環境保全センター
県・生物多様性,自然環境保全センター データベース・図鑑,県内の動植物に関する図鑑・データベースを公開。野生生物の同定や生態情報の検索に利用できる,https://www.agri-kanagawa.jp/kenkyu_database.html,"HTML,データベース",神奈川県自然環境保全センター
県・生物多様性,神奈川県自然環境保全センター（公式）,丹沢山地の森林・シカ管理・水源涵養研究を行う県立研究機関。各種調査データと研究成果を継続公開している,https://www.agri-kanagawa.jp/,"HTML,PDF,データベース",神奈川県自然環境保全センター
県・生物多様性,生命の星・地球博物館 データベース一覧,収蔵資料・電子百科・魚類写真資料など分野別データベースの入口。標本画像や生態写真を検索できる,https://nh.kanagawa-museum.jp/db/,"データベース,画像,HTML",神奈川県立生命の星・地球博物館
県・生物多様性,神奈川県立博物館研究報告（自然科学）,1968年創刊の学術誌。県内生物相・地質の調査研究論文を第1号から最新号まで収録しJ-STAGEでも閲覧可能,https://nh.kanagawa-museum.jp/publications/bull/,"PDF,HTML",神奈川県立生命の星・地球博物館
県・生物多様性,生命の星・地球博物館 調査研究報告,館の学芸員による調査研究プロジェクトの成果報告。分類群別の分布調査や標本収集記録を掲載,https://nh.kanagawa-museum.jp/research/res-rep/,"PDF,HTML",神奈川県立生命の星・地球博物館
県・生物多様性,生命の星・地球博物館 年報第25号,館の年間活動・研究・収集事業の実績報告書。標本収蔵数や普及事業の実績データを掲載,https://nh.kanagawa-museum.jp/files/data/pdf/yearbook/YB25Full.pdf,PDF,神奈川県立生命の星・地球博物館
県・生物多様性,河川生物の絵解き検索,水生昆虫等の底生動物を検索表形式で同定できる資料。県民参加の河川水質モニター調査の支援用,https://www.pref.kanagawa.jp/docs/b4f/suigen/manual.html,PDF,神奈川県環境科学センター
県・生物多様性,第5次神奈川県ニホンジカ管理計画,丹沢山地のシカ生息数管理と生物多様性保全を目的とする令和5～8年度の第二種特定鳥獣管理計画本体,https://www.pref.kanagawa.jp/documents/40200/5shikakeikaku.pdf,PDF,神奈川県環境農政局
県・生物多様性,令和6年度ニホンジカ管理実績報告,捕獲頭数・生息密度・植生モニタリング結果等をまとめた年次実績報告書,https://www.pref.kanagawa.jp/documents/40200/shikajisseki_r6_2.pdf,PDF,神奈川県環境農政局
県・生物多様性,令和8年度ニホンジカ管理実施計画,当該年度の捕獲目標・実施区域・被害防除対策を定めた単年度実施計画,https://www.pref.kanagawa.jp/documents/40200/r8_shika_keikaku.pdf,PDF,神奈川県環境農政局
県・生物多様性,第二種特定鳥獣管理計画（ニホンジカ）,丹沢地域を含む県内シカ個体群の管理目標・捕獲計画を定めた公式計画書と関連文書の一覧,https://www.pref.kanagawa.jp/docs/t4i/cnt/f986/documents/shika.html,"HTML,PDF",神奈川県環境農政局
県・生物多様性,第二種特定鳥獣管理計画（イノシシ）,第2次イノシシ管理計画（令和5～8年度）や豚熱対応、指定管理鳥獣捕獲等事業計画をまとめたページ,https://www.pref.kanagawa.jp/docs/t4i/cnt/f986/documents/inosisi.html,"PDF,HTML",神奈川県環境農政局
県・生物多様性,第二種特定鳥獣管理計画（ニホンザル）,第5次ニホンザル管理計画（令和5～8年度）と年次実施計画・別冊をまとめたページ,https://www.pref.kanagawa.jp/docs/t4i/cnt/f986/documents/saru.html,"PDF,HTML",神奈川県環境農政局
県・生物多様性,ツキノワグマ情報（出没・目撃記録）,丹沢山地のツキノワグマの目撃情報を年度別に集計したデータと安全対策の案内,https://www.pref.kanagawa.jp/docs/t4i/cnt/f3813/index.html,"PDF,HTML",神奈川県環境農政局
県・生物多様性,第4次神奈川県アライグマ防除実施計画,外来生物法に基づく2024～2029年度の防除方針。地域別対策・捕獲手法・被害統計を記載した計画書本体,https://www.pref.kanagawa.jp/documents/15083/raccoon_bojo_plan_4.pdf,PDF,神奈川県環境農政局
県・生物多様性,アライグマの防除（概要）,生息状況・防除体制・目標を解説する外来種対策の総合案内ページ,https://www.pref.kanagawa.jp/docs/t4i/cnt/f986/raccoon/bojo_top.html,HTML,神奈川県環境農政局
県・生物多様性,神奈川の野生鳥獣と狩猟,鳥獣保護管理計画・狩猟制度・特定鳥獣捕獲情報への入口となる総合ポータルページ,https://www.pref.kanagawa.jp/docs/t4i/cnt/f986/index.html,HTML,神奈川県環境農政局
県・生物多様性,神奈川県自然環境保全地域の指定状況,"23市町70地域・計11,236.4haの指定区域一覧と植生特性をまとめたPDF資料（令和7年3月現在）",https://www.pref.kanagawa.jp/documents/11452/shizenkankyohozennchiiki2026.pdf,PDF,神奈川県環境農政局
県・生物多様性,かながわの公園緑地マップ（分割版）,県立公園・風致地区・近郊緑地保全区域・特別緑地保全地区の配置を示す県内4分割の参考地図PDF,https://www.pref.kanagawa.jp/docs/t4i/cnt/f10578/p464081.html,"PDF,画像,HTML",神奈川県環境農政局
県・生物多様性,県内の自然公園,富士箱根伊豆国立公園・丹沢大山国定公園等6公園の面積・区域概要を紹介する一覧ページ,https://www.pref.kanagawa.jp/docs/t4i/cnt/f5842/p16572.html,HTML,神奈川県環境農政局
県・生物多様性,かながわのみどりの保全,自然環境保全地域・特別緑地保全地区など県内緑地制度の総合案内ページ,https://www.pref.kanagawa.jp/docs/t4i/cnt/f10578/index.html,HTML,神奈川県環境農政局
県・生物多様性,生物多様性（県の総合ポータル）,レッドデータブック・生物多様性計画・生きもの調査等へのリンクを集約した県公式総合ページ,https://www.pref.kanagawa.jp/docs/t4i/cnt/f12655/,HTML,神奈川県環境農政局
丹沢・大山,丹沢大山自然環境情報ステーション e-Tanzawa,丹沢大山総合調査以降の植生・シカ・水源涵養等の長期モニタリングデータと報告書を集約する県公式サイト,https://www.pref.kanagawa.jp/docs/f4y/03shinrin/e-tanzawa/top.html,"HTML,PDF,データベース",神奈川県
丹沢・大山,丹沢資料室,1964・1997・2007年版の総合調査報告書、ニュースレター、鳥獣保護区位置図等の一次資料をPDFで公開する資料アーカイブ,https://www.pref.kanagawa.jp/docs/f4y/03shinrin/e-tanzawa/siryousitu.html,"HTML,PDF",神奈川県自然環境保全センター
丹沢・大山,丹沢大山総合調査の経緯・概要,2004〜2006年度実施の丹沢大山総合調査の目的・体制・成果を解説。学術報告書刊行に至る経緯と調査分野を紹介,https://www.pref.kanagawa.jp/docs/f4y/03shinrin/e-tanzawa/keii/sogochosa.html,HTML,神奈川県
丹沢・大山,丹沢大山自然環境総合調査（沿革）,1993〜97年の第1次総合調査を含む丹沢大山自然環境総合調査全体の沿革と各期の位置づけを整理したページ,https://www.pref.kanagawa.jp/docs/f4y/03shinrin/e-tanzawa/keii/kankyo_sogochosa.html,HTML,神奈川県
丹沢・大山,丹沢大山動植物目録（総合調査学術報告書）,2007年刊行の丹沢大山総合調査学術報告書に収録された動植物目録の書誌情報。所蔵館・目次確認に利用できる,https://iss.ndl.go.jp/books/R100000002-I000009096405-00,データベース,国立国会図書館
丹沢・大山,丹沢大山自然再生委員会（公式）,ブナ林再生・シカ管理・水源保全を担う協働組織。丹沢ジャーナルで調査・活動記録を継続発信している,https://www.tanzawasaisei.jp/,"HTML,PDF,画像",丹沢大山自然再生委員会
丹沢・大山,丹沢大山自然再生委員会 活動報告,年度別の現地活動・モニタリング・シンポジウム等の活動報告記事を掲載する一覧ページ,https://www.tanzawasaisei.jp/reports22.html,HTML,丹沢大山自然再生委員会
丹沢・大山,丹沢ジャーナル,自然再生委員会が発行する現地レポート記事。植生・シカ・登山道等の現況を写真付きで紹介する連載,https://tanzawasaisei.jp/journal/20.html,"HTML,画像",丹沢大山自然再生委員会
丹沢・大山,第3期丹沢大山自然再生計画 実施報告書,令和4年度までの第3期計画（H29〜R4）の総括実施報告書。ブナ林再生・シカ管理等の実績データを収録,https://www.pref.kanagawa.jp/documents/10955/3_saiseikeikaku_houkoku.pdf,PDF,神奈川県
丹沢・大山,第3期自然再生計画 令和4年度実施報告書,第3期自然再生計画の令和4年度単年度の事業進捗・モニタリング結果をまとめた報告書,https://www.pref.kanagawa.jp/documents/10955/3_saiseikeikaku_r4joukyou.pdf,PDF,神奈川県
丹沢・大山,丹沢大山自然再生ONLINE,第1〜3期の自然再生事業実施状況報告書、サントリー協働の森づくりレポート等をまとめた特設ページ,https://www.pref.kanagawa.jp/docs/f4y/03shinrin/e-tanzawa/online.html,"HTML,PDF",神奈川県
丹沢・大山,「丹沢再生」統合・順応・参加による自然環境管理,羽山伸一氏による丹沢再生の考え方を示した環境省検討会資料。順応的管理の設計思想を知るのに有用,https://www.env.go.jp/nature/koen_kento/061219_4-2.pdf,PDF,環境省
丹沢・大山,神奈川県のニホンジカ（概要）,丹沢地域のニホンジカ生息状況・個体数推定・保護管理の考え方を解説する基礎情報ページ,https://www.pref.kanagawa.jp/docs/f4y/03shinrin/sika/01_about.html,HTML,神奈川県
丹沢・大山,ニホンジカ管理捕獲,丹沢山地における個体群管理捕獲の方法・実施体制・関連計画を解説し実施状況ページへリンクする,https://www.pref.kanagawa.jp/docs/f4y/03shinrin/sika/02_kanrihokaku.html,HTML,神奈川県
丹沢・大山,令和4年度ニホンジカ管理事業 実績編,令和4年度の管理捕獲頭数・生息密度調査・植生モニタリング等の実績データを収録した年次報告書,https://www.pref.kanagawa.jp/documents/40200/r4_shika_jisseki.pdf,PDF,神奈川県
丹沢・大山,丹沢山地のシカ保護管理（ワイルドライフレンジャー事例）,自然環境保全センター研究員による丹沢のシカ保護管理と現場体制の事例報告,https://www.env.go.jp/nature/choju/effort/effort5/effort5-3c/sika_tokio/sika_5.pdf,PDF,環境省／神奈川県自然環境保全センター
丹沢・大山,ブナ衰退の現状（WEB版）,東丹沢を中心としたブナ林衰退の分布状況を空中写真判読・現地調査データと図表で示す特設サイト,https://www.agri-kanagawa.jp/WEB_buna/jittai_02rireki.html,"HTML,画像",神奈川県自然環境保全センター
丹沢・大山,ブナ衰退の原因,大気汚染・温暖化・シカ食害・ブナハバチ等、時代ごとの衰退要因を調査データに基づき解説,https://www.agri-kanagawa.jp/WEB_buna/genin_01osen.html,HTML,神奈川県自然環境保全センター
丹沢・大山,ブナ再生に向けた取組み,ブナ林再生のための植栽・保護柵設置・モニタリング等、再生事業の取組内容と調査結果を紹介,https://www.agri-kanagawa.jp/WEB_buna/saisei_01hozen.html,"HTML,画像",神奈川県自然環境保全センター
丹沢・大山,対照流域法による水源かん養機能調査,森林総研・東京大学・東京農工大学等と連携し丹沢山地で継続する森林水文の長期モニタリング調査地の紹介,https://www.agri-kanagawa.jp/web_taisho/link.html,"HTML,画像",神奈川県自然環境保全センター
丹沢・大山,自然環境保全センター 研究企画業務,丹沢大山自然再生計画の推進に関する研究・モニタリング事業の全体像を示すページ,https://www.agri-kanagawa.jp/kikaku_gyomu.html,HTML,神奈川県自然環境保全センター
丹沢・大山,堂平地区シカ食害地の降雨と土壌侵食量,シカによる林床植生衰退地における降雨係数・地表流出量と土壌侵食量の関係を定量分析した学術論文,https://www.jstage.jst.go.jp/article/jjfs/95/3/95_163/_article/-char/ja/,"HTML,PDF",日本森林学会誌
丹沢・大山,植生保護柵による希少植物保護（丹沢山地）,植生保護柵の設置によるシカ採食圧からの希少植物保護効果を検証した調査論文,https://www.jstage.jst.go.jp/article/hozen/10/1/10_KJ00003259254/_pdf/-char/ja,PDF,保全生態学研究
丹沢・大山,丹沢山地のシカの食性（長期採食圧下の事例）,長期的に強い採食圧を受けた丹沢の生息地におけるシカの食性変化を分析した研究論文,https://www.jstage.jst.go.jp/article/hozen/advpub/0/advpub_1903/_article/-char/ja/,"HTML,PDF",保全生態学研究
丹沢・大山,かながわ水源環境保全・再生 これまでの取組,水源かん養林整備や渓畔林整備等、水源環境保全税を活用した事業の全体像とモニタリング体制を解説,https://www.pref.kanagawa.jp/documents/40394/796793.pdf,PDF,水源環境保全・再生かながわ県民会議
丹沢・大山,かながわ水源環境保全・再生基本計画（案）,水源かん養林整備を含む水源環境保全・再生施策の将来展望と基本方向を示す計画資料,https://www.pref.kanagawa.jp/documents/132534/siryo3-2.pdf,PDF,神奈川県
丹沢・大山,水源環境保全・再生施策 最終評価報告書,2007年からの水源環境保全税事業の順応的管理に基づく森林・河川モニタリング結果を総括した令和6年報告書,https://www.pref.kanagawa.jp/documents/108565/document3-2.pdf,PDF,神奈川県
丹沢・大山,水源環境保全税事業（第4期R5年度実績）点検結果,県民会議による特別対策事業の年次点検結果報告書。進捗・モニタリング調査結果・評価意見を収録,https://www.pref.kanagawa.jp/docs/pb5/prs/r0875471.html,"HTML,PDF",神奈川県
丹沢・大山,水源環境保全・再生の取組（総合ページ）,水源環境保全税の仕組み、12の特別対策事業、県民会議の運営状況をまとめた入口ページ,https://www.pref.kanagawa.jp/docs/pb5/cnt/f7006/p1163321.html,"HTML,PDF",神奈川県
丹沢・大山,水源環境保全のPES事例（丹沢）,生態系サービスへの支払い制度としての神奈川県水源税・水源林整備の仕組みを紹介する事例集,https://www.biodic.go.jp/biodiversity/shiraberu/policy/pes/forest/forest03.html,HTML,環境省生物多様性センター
丹沢・大山,丹沢のビジターセンター（公式）,東丹沢・西丹沢・秦野・丹沢湖各ビジターセンターの拠点情報、登山道・自然情報を統合発信するポータル,https://www.kanagawa-park.or.jp/tanzawavc/,HTML,かながわ公園協会
丹沢・大山,丹沢の生き物リスト,丹沢大山自然環境総合調査（1997）に基づく哺乳類・鳥類・爬虫類・両生類・昆虫の確認種リストと写真,https://www.kanagawa-park.or.jp/tanzawavc/ikimono1.html,"HTML,画像",かながわ公園協会
丹沢・大山,秦野ビジターセンター公式ブログ,東丹沢・表丹沢エリアの開花状況・野鳥・登山道情報等を日々更新する現地観察記録アーカイブ,http://hadanovc.blogspot.com/,"HTML,画像",神奈川県立秦野ビジターセンター
丹沢・大山,丹沢湖ビジターセンター公式ブログ,西丹沢・玄倉川流域の花・野鳥・両生類等の観察記録を蓄積したブログ形式アーカイブ,http://tanzawakovc.blogspot.com/,"HTML,画像",神奈川県立丹沢湖ビジターセンター
丹沢・大山,丹沢情報発信基地ビジターセンター,県内丹沢地域4ビジターセンターの位置・役割・登山情報発信機能を解説する県公式ページ,https://www.pref.kanagawa.jp/docs/f4y/02yama/visitor.html,HTML,神奈川県
丹沢・大山,パークレンジャーの取組（登山道整備）,自然公園指導員による登山道パトロール・整備・利用者対応等の現地取組を写真付きで紹介,https://www.pref.kanagawa.jp/docs/f4y/02yama/kanagawaparkranger/tokubetukikaku/torikumi2.html,"HTML,画像",神奈川県
丹沢・大山,丹沢自然保護協会,1960年設立の県内最古参級の自然保護NPO。植樹・森の学校・自然観察会と丹沢の動植物写真記録を公開,https://www.tanzawa-shizenhogo-kyoukai.org/,"HTML,画像",丹沢自然保護協会
丹沢・大山,NPO法人 自然塾丹沢ドン会,秦野・丹沢山麓で棚田復元と里山保全を行う環境省里地里山モデル事業認定団体の公式サイト,https://www.donkai.com/,"HTML,画像",自然塾丹沢ドン会
丹沢・大山,里なび：自然塾丹沢ドン会,里地里山保全活動団体データベースに登録された同会の設立経緯・活動内容・連絡先情報,https://www.env.go.jp/nature/satoyama/satonavi/group/12.html,"HTML,データベース",環境省
相模川・流域,相模川水系河川整備基本方針 参考資料,流路延長・流域面積・人口・洪水履歴・生物相など、河川整備基本方針策定の基礎となる流域概要をまとめた資料,https://www.mlit.go.jp/river/basic_info/jigyo_keikaku/gaiyou/seibi/pdf/sagami260430/03_gaiyou_sagamigawa.pdf,PDF,国土交通省水管理・国土保全局
相模川・流域,相模川・中津川河川整備計画（ポータル）,国管理区間・県管理区間を含む治水・利水・環境整備方針を定めた計画書と概要版PDFへのリンク集,https://www.ktr.mlit.go.jp/keihin/keihin_index056.html,"HTML,PDF",国土交通省関東地方整備局京浜河川事務所
相模川・流域,相模川・中津川河川整備計画 本文,平成30年7月策定、国・県共同の整備計画本文。整備目標・河道計画・洪水調節方針を記載,https://www.pref.kanagawa.jp/documents/10592/sagaminakatsuseibikeikaku_1.pdf,PDF,国土交通省関東地方整備局・神奈川県
相模川・流域,小出川・千の川 河川整備計画,相模川支川の小出川と千の川の治水目標・河道整備・多自然川づくり方針を定めた県策定の整備計画,https://www.pref.kanagawa.jp/documents/10592/koide_senno_seibikeikaku.pdf,PDF,神奈川県
相模川・流域,神奈川県 河川整備基本方針・整備計画一覧,県管理区間を含む県内水系の整備方針・整備計画のリンク集。相模川水系支川の計画書もここから辿れる,https://www.pref.kanagawa.jp/docs/f4i/cnt/f70089/index.html,HTML,神奈川県
相模川・流域,相模川河川維持管理計画（国管理区間編）,河口〜神川橋の国管理区間について河床・堤防状況、不法投棄等の課題と点検・維持管理目標を定めた令和4年計画,https://www.ktr.mlit.go.jp/ktr_content/content/000850674.pdf,PDF,国土交通省関東地方整備局京浜河川事務所
相模川・流域,相模川の概要（京浜河川事務所）,相模川の地形・流域・沿川の土地利用と河川管理の全体像をまとめた基礎解説ページ,https://www.ktr.mlit.go.jp/keihin/keihin_index022.html,HTML,国土交通省関東地方整備局京浜河川事務所
相模川・流域,日本の川 相模川（河川データ集）,相模川の流路延長・流域面積・地形地質・歴史・利水利用などをまとめた国交省データベースの解説ページ,https://www.mlit.go.jp/river/toukei_chousa/kasen/jiten/nihon_kawa/0309_sagami/0309_sagami_01.html,HTML,国土交通省水管理・国土保全局
相模川・流域,河川水辺の国勢調査（相模川）,魚類・底生動物・鳥類・植物・陸上昆虫・両生類等、相模川で実施した生物調査結果報告書PDFへのリンク集,https://www.ktr.mlit.go.jp/keihin/keihin00294.html,"HTML,PDF",国土交通省関東地方整備局京浜河川事務所
相模川・流域,河川環境データベース,全国一級水系の河川水辺の国勢調査結果を横断検索できるDB。相模川水系の魚類・底生動物データも収録,https://www5.river.go.jp/database/databasetop.html,"データベース,HTML",国土交通省水管理・国土保全局
相模川・流域,水文水質データベース,全国の河川水位・流量・雨量・水質観測データを検索・ダウンロードできる国交省公式DB。相模川本支川の観測所を収録,https://www1.river.go.jp/,"データベース,CSV",国土交通省水管理・国土保全局
相模川・流域,川の防災情報,全国の水位・雨量・河川カメラ映像をリアルタイムで確認できる国交省公式サイト。相模川本支川の観測所も網羅,https://www.river.go.jp/,"HTML,API,画像",国土交通省水管理・国土保全局
相模川・流域,ライブカメラ（相模川）,河口から小倉橋まで16地点に設置された相模川の河川監視カメラ映像を一覧できるリアルタイム画像ページ,https://www.ktr.mlit.go.jp/keihin/keihin01459.html,"画像,HTML",国土交通省関東地方整備局京浜河川事務所
相模川・流域,公共用水域水質測定結果（神奈川県）,相模川を含む県内河川・湖沼・海域の水質測定結果を年度別・速報値で公開。水質調査年表への導線もある,https://www.pref.kanagawa.jp/docs/pf7/suisitu/joukyou.html,"HTML,Excel,PDF",神奈川県
相模川・流域,河川のモニタリング調査（県民参加）,相模川・酒匂川を対象に県民参加型で底生動物・魚類・水辺の鳥類等を毎年度調査する報告書・マニュアル公開ページ,https://www.pref.kanagawa.jp/docs/b4f/suigen/top.html,"HTML,PDF,Excel",神奈川県環境科学センター
相模川・流域,かながわの水がめ 降水量・貯水量,相模湖・津久井湖・宮ヶ瀬湖の合計貯水量・貯水率と月別降水量を公開する県企業庁の速報データページ,https://kanagawa-dam.jp/web_data/saves_rainfall_sagami.html,HTML,神奈川県企業庁
相模川・流域,宮ケ瀬ダム 貯水状況,宮ケ瀬ダムの貯水位・貯水率・流入量など最新の貯水状況を随時更新して公開するリアルタイム情報ページ,https://www.ktr.mlit.go.jp/sagami/sagami01113.html,HTML,国土交通省相模川水系広域ダム管理事務所
相模川・流域,宮ヶ瀬ダムの諸元,宮ヶ瀬ダムの堤高・堤頂長・総貯水容量など施設諸元を紹介するページ,https://www.ktr.mlit.go.jp/sagami/sagami00035.html,HTML,国土交通省相模川水系広域ダム管理事務所
相模川・流域,相模川水系ダム群 水位アニメーション,宮ヶ瀬ダムなど相模川水系ダム群の水位変化をアニメーションで可視化するリアルタイム情報ページ,https://www.ktr.mlit.go.jp/sagami/sagami00668.html,"HTML,画像",国土交通省相模川水系広域ダム管理事務所
相模川・流域,城山ダム（津久井湖）諸元,堤高75m・総貯水容量6230万立米など津久井湖を形成する城山ダムの構造諸元と目的を掲載,https://www.pref.kanagawa.jp/docs/vh6/cnt/f8018/shiroyamadam.html,HTML,神奈川県企業庁
相模川・流域,相模ダム（相模湖）諸元,1947年完成、相模湖を形成する相模ダムの堤高・貯水容量・ゲート構成など諸元を掲載,https://www.pref.kanagawa.jp/docs/vh6/cnt/f8018/sagamidam.html,HTML,神奈川県企業庁
相模川・流域,三保ダム（丹沢湖）諸元,導水路で相模川水系3湖と連携運用される三保ダムの堤高・貯水容量・目的など諸元を掲載,https://www.pref.kanagawa.jp/docs/vh6/cnt/f8018/mihodam.html,HTML,神奈川県企業庁
相模川・流域,相模湖・津久井湖の水質汚濁の実態解明,昭和50年代から続くアオコ問題を含む相模湖・津久井湖の水質汚濁実態を調査した県衛生研究所の報告資料,https://www.pref.kanagawa.jp/documents/3295/gh2005.pdf,PDF,神奈川県衛生研究所
相模川・流域,相模川水系と酒匂川水系の連携（3湖総合運用）,相模湖・津久井湖・宮ヶ瀬湖を導水路で結ぶ3湖総合運用の仕組みと水資源管理方針を説明する資料,https://www.pref.kanagawa.jp/documents/29981/833642.pdf,PDF,神奈川県
相模川・流域,相模川漁連 寒川取水堰アユ遡上調査,寒川取水堰における天然アユの遡上数を継続的に計測・公表する現地調査報告,http://sagamigawa-gyoren.jp/topics/2214/,HTML,相模川漁業協同組合連合会
相模川・流域,水産技術センター内水面試験場,アユ・ワカサギ増殖研究、渓流魚・希少種保全、外来魚対策など相模川水系の内水面漁業に関する試験研究機関,https://www.pref.kanagawa.jp/div/1734/index.html,HTML,神奈川県水産技術センター内水面試験場
相模川・流域,相模川水系の魚類相（神奈川自然誌資料）,相模川本支川40地点の調査で確認された魚類9目15科42種の分布と国内外来種問題を報告する学術論文,https://nh.kanagawa-museum.jp/assets/icp/pdf/nhr31_59-68_saitou.pdf,PDF,神奈川県立生命の星・地球博物館
相模川・流域,カラドジョウの侵入状況（相模川水系）,相模川水系の水田地帯における外来種カラドジョウの侵入分布を報告した2022年の学術論文,https://www.jstage.jst.go.jp/article/nkpmnh/2022/43/2022_39/_article/-char/ja/,"PDF,HTML",神奈川県立生命の星・地球博物館
相模川・流域,ミナミアシハラガニ 相模川初記録,南方系カニ類の分布北限拡大と相模川での初記録を報告するJ-STAGE公開の学術論文,https://www.jstage.jst.go.jp/article/izu/16/0/16_73/_article/-char/ja/,"PDF,HTML",神奈川県立生命の星・地球博物館ほか
相模川・流域,相模川流域治水協議会,国・県・市町村等が連携する協議会の規約、議事録、対策フォローアップ資料を公開するページ,https://www.ktr.mlit.go.jp/keihin/keihin_index135.html,"HTML,PDF",国土交通省関東地方整備局京浜河川事務所
相模川・流域,相模川水系 流域治水プロジェクト,多段階浸水想定図や水害リスクマップを含む流域治水プロジェクトの計画書・啓発資料を公開するページ,https://www.ktr.mlit.go.jp/keihin/keihin_index136.html,"HTML,PDF",国土交通省関東地方整備局京浜河川事務所
相模川・流域,相模川 洪水浸水想定区域図（想定最大規模）,想定最大規模降雨による相模川氾濫時の浸水範囲・浸水深を示すハザードマップ用の浸水想定区域図,https://www.ktr.mlit.go.jp/keihin/keihin00197.html,"PDF,GIS,画像",国土交通省関東地方整備局京浜河川事務所
相模川・流域,相模川 家屋倒壊等氾濫想定区域図（河岸侵食）,洪水時の河岸侵食による家屋倒壊危険区域を示す図面。避難計画立案の基礎資料となる,https://www.ktr.mlit.go.jp/keihin/keihin00672.html,"PDF,GIS,画像",国土交通省関東地方整備局京浜河川事務所
相模川・流域,相模川クリーン作戦,相模川及び支川で実施される河川清掃活動やふれあい懇談会など市民参加型プログラムを紹介,https://www.ktr.mlit.go.jp/keihin/keihin00084.html,HTML,国土交通省関東地方整備局京浜河川事務所
相模川・流域,桂川・相模川流域協議会,山梨・神奈川にまたがる流域の市民団体。ウナギ調査、湧水環境調査、水質一斉調査、クリーンキャンペーン報告等を公開,https://katurasagami.net/,"HTML,PDF,画像",桂川・相模川流域協議会
相模川・流域,国土数値情報 相模川水系 河川データ,相模川水系121河川・流路の位置情報をGeoJSON形式で提供するデータセット。GISで加工可能,https://geoshape.ex.nii.ac.jp/river/resource/830307/,GIS,国土交通省（国立情報学研究所加工）
相模川・流域,相模川にすむ虫たち（ふれあい科学館）,相模川ふれあい科学館と東海大学の企画展紹介。相模川固有の希少水生昆虫5種の生息記録を報告,https://sagamigawa-fureai.com/diary/20170815-3380/,"HTML,画像",相模川ふれあい科学館
全国基盤・API,自然環境調査Web-GIS,環境省の自然環境調査データを地図表示・ダウンロードできる。丹沢周辺の植生・動植物分布をGISで直接確認できる,http://gis.biodic.go.jp/webgis/,"GIS,HTML",環境省生物多様性センター
全国基盤・API,いきものログ,市民参加型の生物観察記録DB（約546万件）。種名検索で相模川流域・丹沢での目撃地点を地図確認でき、生データ取得も可能,https://ikilog.biodic.go.jp/,"データベース,HTML",環境省
全国基盤・API,"1/25,000植生図 GISデータ",自然環境保全基礎調査で整備された高精細植生図。丹沢のブナ林・スギ人工林等の分布をシェープファイルで解析できる,http://gis.biodic.go.jp/webgis/sc-043.html,GIS,環境省生物多様性センター
全国基盤・API,自然環境保全基礎調査 植生調査,全国の現存植生図（1/5万・1/2.5万）整備事業の概要と成果物一覧。相模川流域の植生変遷の広域比較に使える,https://www.biodic.go.jp/kiso/vg/vg_kiso.html,"GIS,PDF,HTML",環境省生物多様性センター
全国基盤・API,自然環境調査目録,環境省が実施してきた自然環境調査の一覧と成果物への入口。過去調査の所在確認に有用,https://www.biodic.go.jp/mokuroku/mokuroku.html,"HTML,PDF",環境省生物多様性センター
全国基盤・API,生物多様性センター 基盤情報データリスト,植生・土地利用・海岸線など、生物多様性分析の基盤となるGISデータのダウンロード一覧,https://www.biodic.go.jp/category/kiban/datalist.html,"GIS,HTML",環境省生物多様性センター
全国基盤・API,モニタリングサイト1000,森林・里地里山など全国約1000カ所の長期生態系モニタリング。近隣サイトの経年データで丹沢のトレンドを比較できる,https://www.biodic.go.jp/moni1000/,"CSV,PDF,HTML",環境省生物多様性センター
全国基盤・API,自然環境保全基礎調査 動物分布調査,哺乳類・鳥類・両生爬虫類等の全国メッシュ分布調査。丹沢山系の生息種リストと確認メッシュを把握できる,https://www.biodic.go.jp/category/sizen/40.html,"GIS,PDF,HTML",環境省生物多様性センター
全国基盤・API,自然環境保全基礎調査 種の多様性調査,指標昆虫・植物相などの多様性評価調査。丹沢周辺の生物多様性指標データの出典として活用できる,https://www.biodic.go.jp/kiso/15/do_kiso4_tayou.html,"PDF,HTML",環境省生物多様性センター
全国基盤・API,第6回自然環境保全基礎調査 神奈川県報告書,丹沢山地の生物多様性保全を目的に維管束植物・哺乳類・鳥類等の種目録と基礎データをまとめた2005年報告書,https://www.biodic.go.jp/reports2/6th/todouhuken/kanagawa/h16_kanagawa.pdf,PDF,環境省生物多様性センター
全国基盤・API,環境GIS（環境展望台）,大気・水質・騒音等の環境モニタリング結果を地図可視化。相模川流域の水質・大気環境の広域比較に使える,https://tenbou.nies.go.jp/gis/,"GIS,HTML",国立環境研究所
全国基盤・API,大気汚染物質広域監視システム（そらまめ君）,全国の大気汚染常時監視局のリアルタイム・過去データを公開。相模原・厚木周辺の大気質データ取得に使える,https://soramame.env.go.jp/,"CSV,API,HTML",環境省
全国基盤・API,水環境総合情報サイト,公共用水域水質測定データを地図・検索で公開。相模川本川・支流の水質測定地点データを取得できる,https://water-pub.env.go.jp/water-pub/mizu-site/index.asp,"CSV,HTML",環境省
全国基盤・API,環境アセスメントデータベース EADAS,全国の環境影響評価事例を検索。相模川流域・丹沢周辺の開発事業に伴う環境調査事例の参照に有用,https://eadas.env.go.jp/,"データベース,PDF,HTML",環境省
全国基盤・API,生態系被害防止外来種リスト,生態系に被害を及ぼす外来種の全国リストと分布情報。相模川・丹沢での外来種対策検討の基礎資料,https://www.env.go.jp/nature/intro/2outline/iaslist.html,"Excel,PDF,HTML",環境省・農林水産省
全国基盤・API,重要里地里山 選定地分布（神奈川県）,生物多様性保全上重要な神奈川県内28か所の里地里山の分布図と一覧,https://www.env.go.jp/nature/satoyama/14_kanagawa/kanagawa.html,"HTML,PDF,画像",環境省
全国基盤・API,GBIF Occurrence Search,世界最大の生物分布DB。国・都道府県で絞り込み検索でき、相模川流域の生物出現記録をAPI経由で取得可能,https://www.gbif.org/occurrence/search,"API,CSV,データベース",GBIF
全国基盤・API,JBIF 日本生物多様性情報イニシアチブ,GBIF日本ノード。国内標本・観察データの提供機関一覧やチェックリストにアクセスできる,https://gbif.jp/,"データベース,PDF,HTML",JBIF
全国基盤・API,サイエンスミュージアムネット（S-Net）,全国100以上の博物館・大学の自然史標本情報を横断検索。丹沢周辺で採集された植物・昆虫標本の記録を検索できる,https://science-net.kahaku.go.jp/search/,"データベース,API,HTML",国立科学博物館
全国基盤・API,iNaturalist 神奈川県ページ,市民科学の生物観察記録プラットフォーム。神奈川県で絞り込んだ観察写真・位置データを閲覧・API取得できる,https://www.inaturalist.org/places/kanagawa,"データベース,API,HTML",iNaturalist
全国基盤・API,eBird 神奈川県ホットスポット,世界最大の野鳥観察DB。県内の探鳥スポットごとの出現記録を確認・取得できる,https://ebird.org/region/JP-14/hotspots?yr=curM,"データベース,API,HTML",Cornell Lab of Ornithology
全国基盤・API,Biome（いきものコレクションアプリ）,位置情報付きで生物を撮影投稿しAI判定するアプリ。丹沢・相模川流域の観察データも蓄積される市民科学基盤,https://biome.co.jp/products/biome-app/,"API,データベース,画像",株式会社バイオーム
全国基盤・API,YList 植物和名−学名インデックス,日本産維管束植物の和名・学名対照DB。丹沢の植物調査結果の学名照合・種同定チェックに使える,http://ylist.info/,"データベース,Excel,HTML",米倉浩司ほか
全国基盤・API,国土数値情報 土地利用細分メッシュ,全国100mメッシュの土地利用区分データ。相模川流域の森林・農地・市街地の土地利用変遷分析に直接使える,https://nlftp.mlit.go.jp/ksj/gml/datalist/KsjTmplt-L03-b.html,"GIS,CSV",国土交通省
全国基盤・API,国土数値情報 流域界・非集水域,全国の河川流域界ポリゴンデータ。相模川水系の流域境界を正確に切り出す際の基礎データになる,https://nlftp.mlit.go.jp/ksj/gmlold/datalist/gmlold_KsjTmplt-W12.html,GIS,国土交通省
全国基盤・API,国土数値情報 河川データ,全国の河川中心線・河川区域データ。相模川本川・支流のネットワーク解析やマップ作成に利用できる,https://nlftp.mlit.go.jp/ksj/gml/datalist/KsjTmplt-W05.html,GIS,国土交通省
全国基盤・API,国土数値情報 自然公園地域,国立・国定・都道府県立自然公園の区域・地種区分データ。丹沢大山国定公園の範囲をGISで扱える,https://nlftp.mlit.go.jp/ksj/gml/datalist/KsjTmplt-A10-v3_1.html,GIS,国土交通省
全国基盤・API,国土数値情報 鳥獣保護区,全国の鳥獣保護区・特別保護地区の区域データ。丹沢周辺の指定状況の把握・重ね合わせ解析に使える,https://nlftp.mlit.go.jp/ksj/jpgis/datalist/KsjTmplt-A15.html,GIS,国土交通省
全国基盤・API,G空間情報センター,官公庁・自治体・研究機関の地理空間データを横断公開する国内最大級のGIS配信基盤。森林・河川・PLATEAU等を検索できる,https://front.geospatial.jp/data/,"GIS,CSV,画像",AIGID
全国基盤・API,G空間情報センター 神奈川県タグ検索,神奈川県に関連するCSV・オープンライセンスのデータセットを絞り込んだ検索結果ページ,https://www.geospatial.jp/ckan/dataset?tags=%E7%A5%9E%E5%A5%88%E5%B7%9D%E7%9C%8C,"GIS,CSV",AIGID
全国基盤・API,地理院地図,標高・傾斜量・空中写真等を重ね合わせ表示でき、丹沢の地形分析のベースマップに使える標準Webマップ,https://maps.gsi.go.jp/,"GIS,画像,HTML",国土地理院
全国基盤・API,基盤地図情報 ダウンロードサービス,地形・水域・標高等の基本測量成果をメッシュ単位で無償ダウンロード。相模川流域の高精度標高解析に利用できる,https://service.gsi.go.jp/kiban/app/map/,GIS,国土地理院
全国基盤・API,地図・空中写真閲覧サービス,全国の空中写真・旧版地図をオンライン閲覧・ダウンロード。丹沢山地の過去〜現在の土地被覆変化を目視比較できる,https://service.gsi.go.jp/map-photos/,"画像,GIS,HTML",国土地理院
全国基盤・API,20万分の1日本シームレス地質図,全国の地質図をシームレス統合しWeb API・シェープファイルで提供。丹沢山地の地質構造の把握に有用,https://gbank.gsj.jp/seamless/use.html,"GIS,API,画像",産業技術総合研究所
全国基盤・API,e-Stat API機能,農林業センサス・国勢調査等の統計をAPIで取得。相模川流域市町村の人口・森林資源統計を分析に組み込める,https://www.e-stat.go.jp/api/,"API,CSV,Excel",総務省統計局
全国基盤・API,統計地理情報システム（地域メッシュ統計）,国勢調査等の統計を地域メッシュ・境界データで提供。流域単位での人口・土地利用の空間統計分析に使える,https://www.e-stat.go.jp/gis/statmap-search?type=2,"GIS,CSV",総務省統計局
全国基盤・API,RESAS API,地域経済分析システムのAPI窓口。相模原市・厚木市等の農林業・観光統計を取得し流域の社会経済分析に使える,https://opendata.resas-portal.go.jp/,"API,データベース,HTML",内閣府
全国基盤・API,Tellus 衛星データプラットフォーム,JAXA「だいち」ALOS/ALOS-2の光学・SAR・標高データを配信。丹沢の植生・地形変化を衛星画像で解析できる,https://www.tellusxdp.com/ja/catalog/data/,"画像,API,GIS",さくらインターネット／JAXA
全国基盤・API,林野庁 森林情報のデジタル化・オープンデータ化,航空・UAVレーザ計測による高精度森林資源データの公開状況を案内。丹沢周辺の森林蓄積データ入手の起点,https://www.rinya.maff.go.jp/j/keikaku/smartforest/smart_forestry.html,"GIS,PDF,HTML",林野庁
全国基盤・API,都道府県別 森林率・人工林率,全国都道府県の森林率・人工林率の集計データ。神奈川県の森林被覆状況を全国比較する基礎数値,https://www.rinya.maff.go.jp/j/keikaku/genkyou/index2.html,"PDF,Excel,HTML",林野庁
市民科学・研究,神奈川自然誌資料 バックナンバー,生命の星・地球博物館発行の査読誌（1980年創刊）。相模川・丹沢の動植物の新知見論文を全号無料公開,https://nh.kanagawa-museum.jp/www/contents/1599725880823/index.html,"PDF,HTML",神奈川県立生命の星・地球博物館
市民科学・研究,神奈川県の昆虫相の特性（創刊号論文）,高桑正敏による1980年の論文。丹沢・箱根・伊豆の昆虫相の違いと津久井地域の固有性など形成要因を分析,https://nh.kanagawa-museum.jp/www/pdf/nhr1_001_013takakuwa.pdf,PDF,神奈川県立生命の星・地球博物館
市民科学・研究,CiNii 神奈川自然誌資料（書誌検索）,神奈川自然誌資料の書誌情報と収録論文一覧。相模川・丹沢関連の一次論文を横断検索できる,https://ci.nii.ac.jp/ncid/AN00044375,"HTML,データベース",国立情報学研究所
市民科学・研究,神奈川昆虫談話会,1949年発足の在野研究団体。会報「神奈川虫報」バックナンバーPDFや県内昆虫相の継続的調査成果を公開,http://tkm.na.coocan.jp/kanakon.html,"HTML,PDF",神奈川昆虫談話会
市民科学・研究,神奈川県植物誌調査会,約250名の会員が県内の植物相を継続調査する団体。『神奈川県植物誌2018』電子版や会報を公開,https://flora-kanagawa2.sakura.ne.jp/,"HTML,PDF",神奈川県植物誌調査会
市民科学・研究,神奈川県植物誌2018 電子版,相模川流域・丹沢を含む県内全域の維管束植物相を網羅した大部の植物誌の電子版公開ページ,https://nh.kanagawa-museum.jp/www/contents/1607567661950/index.html,"PDF,HTML",神奈川県立生命の星・地球博物館
市民科学・研究,日本野鳥の会神奈川支部ブログ,相模川河口・中流域を含む県内各地の探鳥会日程と参加者による観察記録を継続発信,http://wbsjk.blogspot.com/,"HTML,画像",日本野鳥の会神奈川支部
市民科学・研究,'95身近な生きもの調査 調査のてびき,全国環境指標種調査の神奈川県版手引き。市民参加型モニタリング手法の原型を示す資料,https://www.biodic.go.jp/chm/dataset/f06cf06e708b006aaa605a5ca04f9c24,"PDF,データベース",環境省生物多様性センター
市民科学・研究,セミの抜け殻しらべ市民ネット,市民がセミの抜け殻を採集・同定し温暖化影響を追跡する継続的市民科学プロジェクト。県内地点も含む,https://semigara.org/,"HTML,PDF,CSV",セミの抜け殻しらべ市民ネット
市民科学・研究,iNaturalist 日本語コミュニティ,丹沢・相模川を含む全国の生物観察記録を集積する市民科学プラットフォームの日本語コミュニティ活動記録,https://www.inaturalist.org/projects/inaturalist-japanese-language-community/journal,"HTML,データベース,API,画像",iNaturalist
市民科学・研究,相模原市立博物館 研究報告 第20集,相模原地域の蛾類相・放散虫化石等を扱う自然史研究論文集。全論文がPDFでオープンアクセス公開,https://digital-sagamihara.jp/digital-archive/277001,PDF,相模原市立博物館
市民科学・研究,さがみはらデジタルアーカイブ,相模原市の歴史的写真・記録資料6000件超を公開。生物カテゴリーを含み相模川流域の記録も検索できる,https://digital-sagamihara.jp/digital-archive/,"画像,PDF,データベース",相模原市
気候・水・自治体データ,神奈川県 大気汚染常時監視 測定結果,県内の大気汚染常時監視局によるリアルタイム測定値を公開。光化学オキシダント・PM2.5等の速報データを閲覧できる,https://www.pref.kanagawa.jp/sys/taikikanshi/kanshi/realtime/index.html,"HTML,API",神奈川県環境科学センター
気候・水・自治体データ,神奈川県環境科学センター（総合案内）,大気・水質・騒音の常時監視や調査研究を担う県機関の総合案内。各種環境データへの入口となる,https://www.pref.kanagawa.jp/docs/b4f/index.html,HTML,神奈川県環境科学センター
気候・水・自治体データ,環境科学センター 研究報告,大気・水質・化学物質等に関する調査研究成果をまとめた年次研究報告書。PDFで各号を公開,https://www.pref.kanagawa.jp/docs/b4f/cyousakenkyu/seika/kenkyuhoukoku.html,"PDF,HTML",神奈川県環境科学センター
気候・水・自治体データ,環境科学センター 事業年報,センターの監視・調査・研究事業の実施結果をまとめた年報。大気・水質等のデータを含む,https://www.pref.kanagawa.jp/docs/b4f/center/nenpou.html,"PDF,HTML",神奈川県環境科学センター
気候・水・自治体データ,公共用水域の水質測定結果 速報値,県内河川・海域等の公共用水域における水質測定速報値を月次で公開,https://www.pref.kanagawa.jp/docs/b4f/suisitu/sokuho202508.html,"HTML,PDF",神奈川県
気候・水・自治体データ,地下水状況マップ（地中熱利用）,県内の地下水面深度・地下水流量・流速を地域別に示す地図群。地中熱利用検討のための基礎データ,https://www.pref.kanagawa.jp/docs/ap4/geothermal/chikasui.html,"GIS,画像,HTML",神奈川県
気候・水・自治体データ,秦野の地下水情報ダッシュボード,秦野盆地の地下水位・水量等を可視化するダッシュボード。3次元水循環モデリングに基づく情報発信ツール,https://www.city.hadano.kanagawa.jp/www/contents/1523331182020/index.html,"HTML,API",秦野市
気候・水・自治体データ,秦野盆地湧水群（名水百選）,環境省選定「名水百選」に選ばれた秦野盆地湧水群の解説と位置情報,https://water-pub.env.go.jp/water-pub/mizu-site/meisui/data/index.asp?info=25,HTML,環境省
気候・水・自治体データ,秦野市 湧水地の水質調査結果,市内の湧水地点における水質調査結果を公開。湧水マップと合わせて確認できる,https://www.city.hadano.kanagawa.jp/www/contents/1589455234392/index.html,"HTML,PDF",秦野市
気候・水・自治体データ,秦野市 地下水総合保全管理計画,秦野盆地の地下水保全・地盤沈下対策に関する市の基本計画。名水保全施策の根拠資料,https://www.city.hadano.kanagawa.jp/www/contents/1001000000694/index.html,"PDF,HTML",秦野市
気候・水・自治体データ,名水の里・秦野における地下水マネジメント,秦野市の地下水保全の取組をA-PLAT適応策データベースで紹介する事例ページ,https://adaptation-platform.nies.go.jp/data/measures/db-253.html,HTML,国立環境研究所A-PLAT
気候・水・自治体データ,気象庁 過去の気象データ検索,全国のアメダス・気象官署の日別・時別観測値を地点・期間指定でダウンロードできる検索システム,https://www.data.jma.go.jp/stats/etrn/index.php,"HTML,CSV",気象庁
気候・水・自治体データ,気象庁 メッシュ平年値図,気温・降水量等の気候値を格子単位で示す平年値図。丹沢周辺の地域気候把握に利用できる,https://www.data.jma.go.jp/stats/etrn/view/atlas.html,"HTML,GIS",気象庁
気候・水・自治体データ,神奈川県気候変動適応センター,県内の気候変動影響・適応策情報を提供する地域気候変動適応センターの公式ページ,https://www.pref.kanagawa.jp/docs/b4f/tekiou/top.html,HTML,神奈川県
気候・水・自治体データ,神奈川県 気候変動の将来予測WebGIS,将来の気温・降水量等の予測値を地図上で確認できるWebGIS。国立環境研究所A-PLATが提供,https://a-plat.nies.go.jp/webgis/kanagawa/index.html,"GIS,HTML",国立環境研究所A-PLAT
気候・水・自治体データ,神奈川県地球温暖化対策計画,2050年脱炭素社会実現に向けた県の地球温暖化対策計画本体および進行管理情報,https://www.pref.kanagawa.jp/docs/ap4/cnt/f417509/index.html,"PDF,HTML",神奈川県
気候・水・自治体データ,県内の温室効果ガス排出量推計結果,神奈川県内の部門別温室効果ガス排出量の年次推計データを公開,https://www.pref.kanagawa.jp/docs/ap4/cnt/f417443/index.html,"HTML,PDF,Excel",神奈川県
気候・水・自治体データ,温暖化対策計画の数値目標と進捗（オープンデータ）,温室効果ガス排出削減量・再エネ導入量の進捗を示すオープンデータセット,https://catalog.opendata.pref.kanagawa.jp/dataset/66faa02a7e6f139a1941891fc476a42f,"HTML,CSV",神奈川県
気候・水・自治体データ,地盤沈下調査結果（オープンデータ）,県内の地盤沈下観測結果を公開するオープンデータセット。秦野盆地等の地下水利用と関連する,https://catalog.opendata.pref.kanagawa.jp/dataset/2ed1147645f03e10c29758fbac6e283b,HTML,神奈川県
気候・水・自治体データ,海岸漂着物 組成調査（オープンデータ）,神奈川県沿岸の海岸漂着物の組成調査結果を公開するデータセット。相模川からの流出との関連分析に使える,https://catalog.opendata.pref.kanagawa.jp/dataset/bccdffc1fb4a6f931a1d00ea84290f08,"HTML,PDF",神奈川県
気候・水・自治体データ,神奈川県オープンデータカタログサイト,県が公開する各種オープンデータのポータル。環境・気象・水関連データセットを分野別に検索できる,https://catalog.opendata.pref.kanagawa.jp/dataset,"HTML,CSV,API",神奈川県
気候・水・自治体データ,オープンデータ「司法・安全・環境」分野一覧,環境分野の個別データセットを収録するカテゴリページ。水質事故・廃棄物・温暖化対策等を含む,https://catalog.opendata.pref.kanagawa.jp/group/gr003,HTML,神奈川県
気候・水・自治体データ,REPOS 再エネ導入ポテンシャルマップ,太陽光・風力・地熱等の再生可能エネルギー導入ポテンシャル推計マップ。市町村単位で閲覧できる,https://repos.env.go.jp/web/map/map_estimate_02,"GIS,API",環境省
気候・水・自治体データ,かながわの森林・林業（総合案内）,県内の森林・林業に関する統計、森林計画、施策情報をまとめた総合案内ページ,https://www.pref.kanagawa.jp/docs/xp8/shinrinsaisei/kanagawanosinrinringyou.html,"HTML,PDF",神奈川県
気候・水・自治体データ,神奈川地域森林計画,丹沢山地を含む神奈川地域の森林計画書。森林の土地利用区分や整備方針を記載,https://www.pref.kanagawa.jp/docs/xp8/kanagawatiikisinrinkeikaku.html,"PDF,HTML",神奈川県
気候・水・自治体データ,かながわ環境白書,県の環境行政の取組と環境の状況を毎年度まとめた白書。大気・水・自然環境等の章を含む,https://www.pref.kanagawa.jp/docs/ap4/cnt/f12144/index.html,"PDF,HTML",神奈川県
気候・水・自治体データ,かながわの環境アセスメント,県の環境影響評価制度の解説と、公表中の環境アセスメント関係図書一覧へのリンク,https://www.pref.kanagawa.jp/docs/pf7/cnt/f247/index.html,HTML,神奈川県
気候・水・自治体データ,光化学大気汚染の現状と対策（令和5年版）,光化学オキシダント注意報発令状況や大気汚染物質の経年変化をまとめた報告書,https://www.pref.kanagawa.jp/documents/4668/r5_genjyoutotaisaku_zentai.pdf,PDF,神奈川県
気候・水・自治体データ,神奈川県営水道の水質検査結果,県企業庁が運営する県営水道の水質検査結果一覧。水源林保全と一体の水道水源情報,https://www.pref.kanagawa.jp/docs/w6a/wqa/res2.html,"HTML,PDF",神奈川県企業庁
気候・水・自治体データ,相模原市「大気の状況」オープンデータ,市内7測定局の大気汚染常時監視結果（1時間値）を平成27年度から年度別CSVで公開,https://opendata.city.sagamihara.kanagawa.jp/dataset/taiki,CSV,相模原市
気候・水・自治体データ,相模原市オープンデータカタログサイト,相模原市が公開するオープンデータの総合ポータル。環境・住まい等カテゴリ別に検索できる,https://opendata.city.sagamihara.kanagawa.jp/,"HTML,CSV,API",相模原市
気候・水・自治体データ,厚木市環境基本計画,厚木市の環境施策の基本方向を定める計画書。大気・水・緑等の環境目標を含む,https://www.city.atsugi.kanagawa.jp/shiminbenri/environment/kankyou/keikaku/keikaku/p002473.html,"PDF,HTML",厚木市
気候・水・自治体データ,生物多様性あつぎ戦略,厚木市の生物多様性地域戦略。市内の自然環境・生態系保全の方針と行動計画を掲載,https://www.city.atsugi.kanagawa.jp/soshiki/kankyoseisakuka/2/3/2420.html,"PDF,HTML",厚木市
気候・水・自治体データ,平塚市環境基本計画（2026〜2035年度）,平塚市の新環境基本計画。大気・水・地球温暖化対策等の目標を定める,https://www.city.hiratsuka.kanagawa.jp/kankyo/page-c_02530.html,"PDF,HTML",平塚市
気候・水・自治体データ,平塚市の大気環境状況,市内5測定局のPM2.5等大気環境データを速報・日報・グラフで提供,https://hiratsukataiki.sakura.ne.jp/,"HTML,CSV,API",平塚市
気候・水・自治体データ,平塚市オープンデータライブラリ,平塚市が公開する各種オープンデータの一覧ページ。まちづくり・環境関連データセットを含む,https://www.city.hiratsuka.kanagawa.jp/keikaku/page-c_00951.html,"HTML,CSV",平塚市
気候・水・自治体データ,秦野市オープンデータライブラリ,秦野市の公共データを二次利用可能な形で公開するポータル。CSV形式のデータセットを提供,https://www.city.hadano.kanagawa.jp/shisei/gyoseiunei/1/9681.html,"HTML,CSV",秦野市
気候・水・自治体データ,愛川町環境基本計画,相模川・中津川沿いの愛川町における環境施策の基本計画書。自然環境・水環境の現況を記載,https://www.town.aikawa.kanagawa.jp/material/files/group/4/kankyokihonkeikaku.pdf,PDF,愛川町
気候・水・自治体データ,清川村環境基本計画,丹沢山系に位置する清川村の環境基本計画案とパブリックコメント実施結果,https://www.town.kiyokawa.kanagawa.jp/soshiki/machizukuri/kankyou/4126.html,"PDF,HTML",清川村
気候・水・自治体データ,BODIK オープンデータカタログ 神奈川県,BODIKが運用する神奈川県関連のオープンデータ一覧。県・市町村のデータを横断して探せる,https://odcs.bodik.jp/kanagawa/,"HTML,CSV",BODIK
気候・水・自治体データ,横浜市オープンデータポータル,横浜市の環境・緑地・河川等を含むオープンデータのポータル。下流域の都市環境データを補える,https://data.city.yokohama.lg.jp/,"HTML,CSV,API",横浜市
